{
  "config_id": 146,
  "k_value": 2,
  "model_type": "mlp",
  "model_params": {
    "context_size": 2,
    "embedding_dim": 768,
    "hidden_size": 256,
    "num_classes": 4
  },
  "training_config": {
    "learning_rate": 0.0001,
    "batch_size": 16,
    "num_epochs": 50,
    "weight_decay": 0.1,
    "early_stopping_patience": 10,
    "device": "cpu"
  },
  "training_history": {
    "train_losses": [
      1.3396976151887108,
      1.2664681456837,
      1.1911777617300259,
      1.1329584703141569,
      1.0864132560935675,
      1.0539463364026125,
      1.023147171326712,
      1.0088028115969079,
      0.9922268203660554,
      0.9804310223051146,
      0.973602229181458,
      0.9583652297071382,
      0.9540453074025173,
      0.9456898634340248,
      0.9342565773164525,
      0.9358094439787024,
      0.926692893984271,
      0.9375188552281436,
      0.9296212260629616,
      0.9355712375220131,
      0.9235726419617148,
      0.9181717461815068,
      0.9112613046286153,
      0.9120975721116159
    ],
    "val_losses": [
      1.3233456208155705,
      1.2575438756209154,
      1.17240414252648,
      1.1209388430301959,
      1.1067683540857756,
      1.0796097351954534,
      1.0447629387562092,
      1.025935855278602,
      1.019592101757343,
      1.0375820389160744,
      0.9968974590301514,
      1.0104072011434115,
      1.023824721116286,
      0.9693111392167898,
      1.017461177935967,
      1.0176985263824463,
      0.9862178674111,
      0.9955068771655743,
      0.9726115932831397,
      1.0167567271452684,
      1.0103227340258085,
      1.01242189682447,
      0.9920129280823927,
      1.0073972362738388
    ],
    "val_accuracies": [
      0.29582929194956353,
      0.48496605237633367,
      0.5179437439379243,
      0.553831231813773,
      0.562560620756547,
      0.5848690591658584,
      0.6207565470417071,
      0.6129970902036858,
      0.600387972841901,
      0.5683802133850631,
      0.6081474296799224,
      0.5916585838991271,
      0.6178467507274491,
      0.6246362754607178,
      0.588748787584869,
      0.6052376333656644,
      0.6139670223084384,
      0.6071774975751697,
      0.6294859359844811,
      0.6062075654704171,
      0.5829291949563531,
      0.574199806013579,
      0.6023278370514064,
      0.6032977691561591
    ],
    "best_val_acc": 0.6294859359844811,
    "final_epoch": 24
  },
  "test_results": {
    "accuracy": 0.6567284448025785,
    "macro_f1": 0.6414515781973184,
    "weighted_f1": 0.6556373079583885,
    "macro_precision": 0.6783216935737876,
    "macro_recall": 0.6323563079077785,
    "weighted_precision": 0.6756891312367885,
    "weighted_recall": 0.6567284448025785,
    "per_class_precision": [
      0.7425742574257426,
      0.7640750670241286,
      0.5679513184584178,
      0.6386861313868614
    ],
    "per_class_recall": [
      0.4411764705882353,
      0.6447963800904978,
      0.7291666666666666,
      0.7142857142857143
    ],
    "per_class_f1": [
      0.5535055350553506,
      0.6993865030674846,
      0.6385404789053591,
      0.674373795761079
    ],
    "support": [
      170,
      442,
      384,
      245
    ],
    "confusion_matrix": [
      [
        75,
        17,
        59,
        19
      ],
      [
        4,
        285,
        110,
        43
      ],
      [
        19,
        48,
        280,
        37
      ],
      [
        3,
        23,
        44,
        175
      ]
    ],
    "classification_report": "              precision    recall  f1-score   support\n\n         ang     0.7426    0.4412    0.5535       170\n         hap     0.7641    0.6448    0.6994       442\n         neu     0.5680    0.7292    0.6385       384\n         sad     0.6387    0.7143    0.6744       245\n\n    accuracy                         0.6567      1241\n   macro avg     0.6783    0.6324    0.6415      1241\nweighted avg     0.6757    0.6567    0.6556      1241\n",
    "class_names": [
      "ang",
      "hap",
      "neu",
      "sad"
    ]
  },
  "data_info": {
    "train_samples": 3259,
    "val_samples": 1031,
    "test_samples": 1241
  }
}