{
  "lstm": {
    "config_id": 146,
    "k_value": 2,
    "model_type": "lstm",
    "model_params": {
      "context_size": 2,
      "embedding_dim": 768,
      "hidden_size": 256,
      "num_classes": 4
    },
    "training_config": {
      "learning_rate": 0.0001,
      "batch_size": 16,
      "num_epochs": 50,
      "weight_decay": 0.1,
      "early_stopping_patience": 10,
      "device": "cpu"
    },
    "training_history": {
      "train_losses": [
        1.3523911798701567,
        1.3077290548997766,
        1.2796071493158154,
        1.2562638696502237,
        1.231505437224519,
        1.2114076573474735,
        1.1913714178052603,
        1.1736661455794877,
        1.1611265513826818,
        1.142932083676843,
        1.1327448759008856,
        1.1190418279638477,
        1.103826790171511,
        1.0868544996369118,
        1.0780099583607095,
        1.0694939710345923,
        1.058059111237526,
        1.0417659282684326,
        1.0339720401109433,
        1.022988712086397,
        1.0176594245667552,
        1.0075127686939986,
        1.0005626722293741,
        0.9918114540039324,
        0.9864067931969961,
        0.9807181104141123,
        0.9769284313215929,
        0.96810770852893,
        0.9659028552910861,
        0.9607552999959272,
        0.9557808678524167,
        0.9539778533519483,
        0.9499735271229464,
        0.9464433023742601,
        0.941988578321887,
        0.9391258320972031,
        0.9366805413190056,
        0.93331631462948,
        0.9334866787288704,
        0.9314706775487638,
        0.9274645178925758,
        0.9259371973720252,
        0.9254910604042166,
        0.9218560384184706,
        0.9192030932389054,
        0.917493009391953,
        0.9155709965556276,
        0.9168967289083144,
        0.9145390037812439,
        0.9128953323644751
      ],
      "val_losses": [
        1.3607512694138748,
        1.3167554708627554,
        1.3034857584879949,
        1.2779752777172968,
        1.2516057188694294,
        1.2285406103500953,
        1.219170628144191,
        1.215714312516726,
        1.18766363125581,
        1.1608667786304767,
        1.155410443819486,
        1.1542139750260574,
        1.128903554036067,
        1.1475250794337346,
        1.1038582040713383,
        1.1136219684894269,
        1.0937340057813205,
        1.0874232704822833,
        1.0807899007430444,
        1.084915359203632,
        1.0553169965744018,
        1.0602384658960196,
        1.0631006910250738,
        1.0603069461308994,
        1.0415728229742784,
        1.0440728737757756,
        1.0318379503030044,
        1.0332285055747399,
        1.0238639923242423,
        1.0374968803845919,
        1.0298334057514484,
        1.0274190820180453,
        1.0301061052542466,
        1.0351456220333393,
        1.0298513201566843,
        1.031019531763517,
        1.0133139060093805,
        1.0173769391500034,
        1.030061123921321,
        1.0116010363285357,
        1.0120583827678973,
        1.009981697339278,
        1.0144140720367432,
        1.0047166219124428,
        1.0064263618909395,
        1.0048076510429382,
        0.993745247217325,
        0.9939376170818622,
        1.0123679408660302,
        1.0026563910337596
      ],
      "val_accuracies": [
        0.31619786614936957,
        0.3860329776915616,
        0.3763336566440349,
        0.43452958292919497,
        0.43743937924345294,
        0.472356935014549,
        0.4655674102812803,
        0.4801163918525703,
        0.49951503394762364,
        0.48496605237633367,
        0.516003879728419,
        0.507274490785645,
        0.5266731328806984,
        0.5053346265761397,
        0.5732298739088264,
        0.5024248302618817,
        0.5373423860329777,
        0.5227934044616876,
        0.5615906886517944,
        0.5324927255092143,
        0.5548011639185257,
        0.5586808923375364,
        0.5315227934044617,
        0.5344325897187197,
        0.553831231813773,
        0.5703200775945684,
        0.5635305528612997,
        0.5838991270611057,
        0.5916585838991271,
        0.5674102812803103,
        0.5645004849660524,
        0.5732298739088264,
        0.5606207565470417,
        0.5470417070805044,
        0.5470417070805044,
        0.5790494665373423,
        0.5955383123181377,
        0.5848690591658584,
        0.550921435499515,
        0.5838991270611057,
        0.5906886517943744,
        0.5722599418040737,
        0.5635305528612997,
        0.5877788554801164,
        0.5751697381183317,
        0.5819592628516004,
        0.6062075654704171,
        0.597478176527643,
        0.5693501454898157,
        0.562560620756547
      ],
      "best_val_acc": 0.6062075654704171,
      "final_epoch": 50
    },
    "test_results": {
      "accuracy": 0.6631748589846898,
      "macro_f1": 0.6466135127602299,
      "weighted_f1": 0.6633848437801217,
      "macro_precision": 0.6950306246056689,
      "macro_recall": 0.6280993286737772,
      "weighted_precision": 0.6872199507164894,
      "weighted_recall": 0.6631748589846898,
      "per_class_precision": [
        0.7352941176470589,
        0.7682619647355163,
        0.543233082706767,
        0.7333333333333333
      ],
      "per_class_recall": [
        0.4411764705882353,
        0.6900452488687783,
        0.7526041666666666,
        0.6285714285714286
      ],
      "per_class_f1": [
        0.5514705882352942,
        0.7270560190703218,
        0.631004366812227,
        0.676923076923077
      ],
      "support": [
        170,
        442,
        384,
        245
      ],
      "confusion_matrix": [
        [
          75,
          15,
          72,
          8
        ],
        [
          5,
          305,
          104,
          28
        ],
        [
          18,
          57,
          289,
          20
        ],
        [
          4,
          20,
          67,
          154
        ]
      ],
      "classification_report": "              precision    recall  f1-score   support\n\n         ang     0.7353    0.4412    0.5515       170\n         hap     0.7683    0.6900    0.7271       442\n         neu     0.5432    0.7526    0.6310       384\n         sad     0.7333    0.6286    0.6769       245\n\n    accuracy                         0.6632      1241\n   macro avg     0.6950    0.6281    0.6466      1241\nweighted avg     0.6872    0.6632    0.6634      1241\n",
      "class_names": [
        "ang",
        "hap",
        "neu",
        "sad"
      ]
    },
    "data_info": {
      "train_samples": 3259,
      "val_samples": 1031,
      "test_samples": 1241
    }
  },
  "mlp": {
    "config_id": 146,
    "k_value": 2,
    "model_type": "mlp",
    "model_params": {
      "context_size": 2,
      "embedding_dim": 768,
      "hidden_size": 256,
      "num_classes": 4
    },
    "training_config": {
      "learning_rate": 0.0001,
      "batch_size": 16,
      "num_epochs": 50,
      "weight_decay": 0.1,
      "early_stopping_patience": 10,
      "device": "cpu"
    },
    "training_history": {
      "train_losses": [
        1.3396976151887108,
        1.2664681456837,
        1.1911777617300259,
        1.1329584703141569,
        1.0864132560935675,
        1.0539463364026125,
        1.023147171326712,
        1.0088028115969079,
        0.9922268203660554,
        0.9804310223051146,
        0.973602229181458,
        0.9583652297071382,
        0.9540453074025173,
        0.9456898634340248,
        0.9342565773164525,
        0.9358094439787024,
        0.926692893984271,
        0.9375188552281436,
        0.9296212260629616,
        0.9355712375220131,
        0.9235726419617148,
        0.9181717461815068,
        0.9112613046286153,
        0.9120975721116159
      ],