{
  "4way": {
    "peak_K": 40,
    "peak_F1_mean": 0.801441406271214,
    "peak_F1_std": 0.011199642788629637,
    "n_seeds": 10
  },
  "6way": {
    "peak_K": 100,
    "peak_F1_mean": 0.647439239358911,
    "peak_F1_std": 0.014513022709752951,
    "n_seeds": 10
  }
}