{
  "dataset": "MELD",
  "model": "Config146_LSTM",
  "num_classes": 7,
  "classes": [
    "angry",
    "disgust",
    "fear",
    "happy",
    "neutral",
    "sad",
    "surprise"
  ],
  "train_accuracy": 0.6617279006907598,
  "val_accuracy": 0.5761947700631199,
  "test_accuracy": 0.596551724137931,
  "test_loss": 0.8608944045334328,
  "classification_report": "              precision    recall  f1-score   support\n\n       angry     0.4636    0.3507    0.3993       345\n     disgust     0.1429    0.0147    0.0267        68\n        fear     0.0000    0.0000    0.0000        50\n       happy     0.6031    0.4876    0.5392       402\n     neutral     0.6409    0.8726    0.7390      1256\n         sad     0.4545    0.1683    0.2456       208\n    surprise     0.4696    0.3843    0.4227       281\n\n    accuracy                         0.5966      2610\n   macro avg     0.3964    0.3255    0.3389      2610\nweighted avg     0.5531    0.5966    0.5573      2610\n",
  "total_train_samples": 9989,
  "total_val_samples": 1109,
  "total_test_samples": 2610,
  "best_epoch_val_acc": 0.5761947700631199,
  "device": "mps",
  "total_time": 66.69991493225098
}