{
  "embedding_type": "opensmile-sroberta",
  "model_type": "mlp",
  "embedding_dimension": 768,
  "training_config": {
    "learning_rate": 0.0001,
    "batch_size": 32,
    "num_epochs": 300,
    "weight_decay": 0.0,
    "early_stopping_patience": 10,
    "device": "cuda",
    "dropout_rate": 0.5
  },
  "training_history": {
    "train_losses": [
      1.3870388912219627,
      1.3736871270572437,
      1.357145811997208,
      1.3367189016996646,
      1.3121627767880757,
      1.2786974673177682,
      1.244955385432524,
      1.2108091571751762,
      1.1759525677737068,
      1.1512621284699907,
      1.134277011833939,
      1.1078662995029898,
      1.0973871876211727,
      1.0754859108550876,
      1.0658006299944485,
      1.0529221015817978,
      1.044102359051798,
      1.0234945550853132,
      1.0147002041339874,
      1.0152625704512876,
      0.9948353072007498,
      1.0002310807798422,
      0.9814005196094513,
      0.9833159744739532,
      0.9794238425937354,
      0.9621247357013178,
      0.9595780097970775,
      0.9575635714858186,
      0.95129768521178,
      0.9375080904539894,
      0.9383758680493224,
      0.928542481917961,
      0.9240869575855779,
      0.9156922031851376,
      0.9177786760470447,
      0.9116572603291156,
      0.9056912292452419,
      0.902415554897458,
      0.892501626236766,
      0.8935020706232857,
      0.8862635504965689,
      0.8921888289498348,
      0.8794626757210376,
      0.8703416089216868,
      0.8732527365871504,
      0.8600914267932668,
      0.864332424659355,
      0.8558231031193453,
      0.846158883150886,
      0.8410241238626779,
      0.8488777624625786,
      0.8448517635172489,
      0.8387396852759754,
      0.8368733963545631,
      0.8290519498142541,
      0.8231354908031576,
      0.8123732314390295,
      0.8227890361757839,
      0.8194843770242205,
      0.8110026705498788,
      0.8088249558327245,
      0.8028030322462905,
      0.7981893022855123,
      0.7925216754277548,
      0.7965594091836143,
      0.782405342541489,
      0.7801131419107026,
      0.7793611393255346,
      0.7790839970111847,
      0.7728042736941693,
      0.7729763920400657,
      0.7685554048009947,
      0.7595424316093033,
      0.759445092549511,
      0.7561905506779166,
      0.748703779835327,
      0.749533510091258,
      0.7471395830313364
    ],
    "val_losses": [
      1.3894106077425408,
      1.3860231493458604,
      1.381604461958914,
      1.3621521212837913,
      1.33686870878393,
      1.3062705650474087,
      1.2682758641965461,
      1.233586741216255,
      1.2083546176101223,
      1.1829978570793613,
      1.1636500159899394,
      1.1497918728626135,
      1.1282237388870933,
      1.1196337739626567,
      1.107845102295731,
      1.1016659845005383,
      1.0886843890854807,
      1.0904025923122058,
      1.0805526159026406,
      1.0804896065683076,
      1.0623461856986538,
      1.0573762402389988,
      1.0460593700408936,
      1.0515831961776272,
      1.0369805910370566,
      1.0398603334571377,
      1.0344487302231067,
      1.0319474827159534,
      1.0316448229731936,
      1.0219229116584316,
      1.0249868884231106,
      1.0073389410972595,
      1.019295789978721,
      1.0157106645179517,
      1.0046372034332969,
      1.0094891804637331,
      1.007139908544945,
      1.0061371741872844,
      0.9992882681615425,
      0.9986600442366167,
      0.9977025642539515,
      1.0019074696483035,
      0.999618978211374,
      0.9937997550675364,
      0.9818064299496737,
      0.9949294870549982,
      0.9844109686938199,
      0.9840886809609153,
      0.9718834432688627,
      0.990004918792031,
      0.9818751270120795,
      0.972693636561885,
      0.9783654845122135,
      0.967231065937967,
      0.9838973590821931,
      0.9542065407290603,
      0.9785776607918016,
      0.963173528512319,
      0.9627538377588446,
      0.9600470282814719,
      0.963528680078911,
      0.9585143815387379,
      0.9627254009246826,
      0.960328403747443,
      0.9487526561274673,
      0.9698714198488178,
      0.9726721734711619,
      0.9453382546251471,
      0.960804056037556,
      0.9593499718290387,
      0.9543909611123981,
      0.9477200110753378,
      0.9467252474842649,
      0.947025356870709,
      0.9492166620312315,
      0.9468676068566062,
      0.948578650301153,
      0.9503070188291145
    ],
    "val_accuracies": [
      0.2502424830261882,
      0.2502424830261882,
      0.2502424830261882,
      0.29776915615906885,
      0.3394762366634336,
      0.3957322987390883,
      0.45004849660523766,
      0.478176527643065,
      0.49660523763336567,
      0.507274490785645,
      0.5150339476236664,
      0.533462657613967,
      0.5383123181377304,
      0.5373423860329777,
      0.5431619786614937,
      0.5489815712900097,
      0.5548011639185257,
      0.5528612997090203,
      0.562560620756547,
      0.5567410281280311,
      0.5703200775945684,
      0.5732298739088264,
      0.5703200775945684,
      0.5732298739088264,
      0.5732298739088264,
      0.5761396702230844,
      0.5829291949563531,
      0.5838991270611057,
      0.5838991270611057,
      0.5877788554801164,
      0.5848690591658584,
      0.5945683802133851,
      0.585838991270611,
      0.588748787584869,
      0.5897187196896218,
      0.5916585838991271,
      0.5935984481086324,
      0.5916585838991271,
      0.5916585838991271,
      0.5935984481086324,
      0.5926285160038798,
      0.5965082444228904,
      0.5984481086323957,
      0.597478176527643,
      0.5994180407371484,
      0.5916585838991271,
      0.6013579049466538,
      0.5955383123181377,
      0.600387972841901,
      0.6013579049466538,
      0.5965082444228904,
      0.6023278370514064,
      0.5994180407371484,
      0.6013579049466538,
      0.6023278370514064,
      0.612027158098933,
      0.6023278370514064,
      0.6100872938894277,
      0.6052376333656644,
      0.6081474296799224,
      0.6052376333656644,
      0.6100872938894277,
      0.612027158098933,
      0.6052376333656644,
      0.6207565470417071,
      0.6129970902036858,
      0.6149369544131911,
      0.623666343355965,
      0.6129970902036858,
      0.6139670223084384,
      0.6188166828322017,
      0.6188166828322017,
      0.6188166828322017,
      0.6159068865179438,
      0.6139670223084384,
      0.6149369544131911,
      0.6139670223084384,
      0.6188166828322017
    ],
    "best_val_acc": 0.623666343355965,
    "final_epoch": 78
  },
  "test_results": {
    "accuracy": 0.6381950040290089,
    "macro_f1": 0.6234305685586302,
    "weighted_f1": 0.6407926138341679,
    "macro_precision": 0.6217033101136824,
    "macro_recall": 0.6291285264105643,
    "weighted_precision": 0.6481870859812088,
    "weighted_recall": 0.6381950040290089,
    "per_class_precision": [
      0.5268817204301075,
      0.7647058823529411,
      0.60431654676259,
      0.5909090909090909
    ],
    "per_class_recall": [
      0.5764705882352941,
      0.6470588235294118,
      0.65625,
      0.636734693877551
    ],
    "per_class_f1": [
      0.550561797752809,
      0.7009803921568627,
      0.6292134831460674,
      0.6129666011787819
    ],
    "support": [
      170,
      442,
      384,
      245
    ],
    "confusion_matrix": [
      [
        98,
        20,
        33,
        19
      ],
      [
        31,
        286,
        82,
        43
      ],
      [
        44,
        42,
        252,
        46
      ],
      [
        13,
        26,
        50,
        156
      ]
    ],