{
  "embedding_type": "opensmile-sroberta",
  "model_type": "lstm",
  "embedding_dimension": 768,
  "training_config": {
    "learning_rate": 0.0001,
    "batch_size": 32,
    "num_epochs": 300,
    "weight_decay": 0.0,
    "early_stopping_patience": 10,
    "device": "cuda",
    "dropout_rate": 0.5
  },
  "training_history": {
    "train_losses": [
      1.3851037925364924,
      1.369546567692476,
      1.3553526436581331,
      1.3417992451611687,
      1.329487474525676,
      1.3164654292312323,
      1.301407351213343,
      1.2845105692452075,
      1.2630274611360885,
      1.2391363207031698,
      1.2166437319680756,
      1.1933072372978808,
      1.169088820032045,
      1.1461161889281928,
      1.125534181501351,
      1.1085000184236788,
      1.0922039268063564,
      1.0813380771992254,
      1.0701073034136903,
      1.0577835762033276,
      1.0499056583526087,
      1.0360921142148036,
      1.0298791177132551,
      1.0241721272468567,
      1.0157162471144807,
      1.0097641547520955,
      1.0044306680267931,
      0.9976122402677349,
      0.9924973664330501,
      0.9891793324666864,
      0.9815191509676915,
      0.9764323187809364,
      0.9723514511304743,
      0.9684279584417156,
      0.9669055804318073,
      0.9610890313690784,
      0.9553812677953758,
      0.9556245459061042,
      0.9499153857137642,
      0.9482004443804423,
      0.9439577810904559,
      0.9375437983110839,
      0.9347948017073613,
      0.933276600113102,
      0.9304050154545728,
      0.9289817564627704,
      0.9260848041842965,
      0.9223927323724709,
      0.9165862337046978,
      0.9139104993904338,
      0.9121631126777798,
      0.9091201056452358,
      0.9085879150558921,
      0.9043165129773757,
      0.9038594032035154,
      0.8995947493057624,
      0.8979636004158095,
      0.8930591187056374,
      0.8926962321879817,
      0.8875649384423798,
      0.8870629235809925,
      0.886294003795175,
      0.8835414951922846,
      0.8792715440778172,
      0.8773625802760031,
      0.8718149363994598,
      0.8737044179556417,
      0.8720051032655379,
      0.867753745878444,
      0.8640575268689323,
      0.8619272387495228,
      0.8622674696585712,
      0.8604587532725989,
      0.8588135820977828,
      0.8539520063821007,
      0.8494746270133,
      0.8501055491905586,
      0.8509308152339038,
      0.8469066280944675,
      0.842365460652931,
      0.8434726297855377,
      0.8394382198651632,
      0.8410167372694203,
      0.837344182472603,
      0.8353806319190007,
      0.8332214314563602,
      0.8299843370914459,
      0.8321496742028817,
      0.8274747892922046,
      0.8239609698454539,
      0.8211674666872212,
      0.8203160739412495,
      0.8187883093076593,
      0.8184649625829622,
      0.815435409838078,
      0.8131198403882045,
      0.81261966158362,
      0.8096406979888093,
      0.8102760466874814,
      0.8094511820989496,
      0.8056537216784907,
      0.8039894515977186,
      0.8046146824079401,
      0.8024304515006495,
      0.8023092273403617,
      0.8002092645448797,
      0.7942275451678856,
      0.7960062526604709,
      0.7959611111996221,
      0.7923368983993343,
      0.7908321613190221,
      0.7852640417861003,
      0.7871981946861043,
      0.7841123421402538,
      0.7855450744722404,
      0.7842885001617319,
      0.7839833381129246,
      0.7810294289214939,
      0.7785480340906218,
      0.7767232022449082,
      0.7787629769128912,
      0.7753367847671696,
      0.7726580640848946,
      0.7717980274967119,
      0.772217124116187,
      0.7688521062042198,
      0.7686807495706222,
      0.7678234355122435,
      0.7635911779076445,
      0.764699277340197,
      0.7628955832299065,
      0.7598381495358897,
      0.7615074223163081
    ],
    "val_losses": [
      1.3824397397763801,
      1.3779040105415112,
      1.3757114446524419,
      1.3726717883890325,
      1.3670137036930432,
      1.3553128603732947,
      1.3416336305213696,
      1.3235855825019605,
      1.3018879926565923,
      1.280257775928035,
      1.2549898678606206,
      1.2307966134764932,
      1.214551719752225,
      1.1946960254149004,
      1.177647646629449,
      1.163692391279972,
      1.1485204714717288,
      1.1433336915391865,
      1.1362112923101946,
      1.12695078235684,
      1.1200135332165342,
      1.1136664116021358,
      1.1043289827577996,
      1.102496002659653,
      1.0922139142498826,
      1.0883605281511943,
      1.083537970528458,
      1.0813846479762683,
      1.0766052441163496,
      1.0735771294796106,
      1.0738073912533848,
      1.0686999812270657,
      1.0688886443773906,
      1.0647005800044897,
      1.0600726532213616,
      1.058528016914021,
      1.0603196079080754,
      1.0498156132120076,
      1.0510841445489363,
      1.04644314809279,
      1.0482521002942866,
      1.0456620906338547,
      1.0434609470945415,
      1.0413325826327007,
      1.0405698906291614,
      1.0416193712841382,
      1.0378258968844558,
      1.032772998015086,
      1.0289171446453442,
      1.0276946262879805,
      1.0267982374538074,
      1.0237690860574895,
      1.0299856427944067,
      1.0252772930896643,
      1.023187689708941,
      1.02305146780881,
      1.0199832500833454,
      1.0193728371099993,
      1.0184531302163096,
      1.013550821578864,
      1.018209639823798,
      1.0123430634989883,
      1.0169830502885762,
      1.012861596815514,
      1.0086619926221443,
      1.0041339072314175,
      1.0094302007646272,
      1.0040730382456924,
      1.0074331110174006,
      1.0011105338732402,
      1.009308029304851,
      1.0035893989331794,
      1.0028767748312517,
      1.0045637885729473,
      0.9988884402043892,
      0.9953075737664194,
      0.9967901237083204,
      0.9971643632108514,
      0.9964149901361177,
      0.9989864139845877,
      0.9917218107165713,
      0.990893815502976,
      0.9936331203489592,
      0.9890061743331678,
      0.9900199554183267,
      0.9890634742650118,
      0.989741224231142,
      0.9929255319364143,
      0.9906022584799564,
      0.9859621759616968,
      0.9888062639669939,
      0.9914044918435992,
      0.9877244197961056,
      0.9799017129522382,
      0.9866414485555707,
      0.9822828029141282,
      0.9859495108777826,
      0.9841039487809846,
      0.9839604117653586,
      0.98086294260892,
      0.9848641229398323,
      0.9793713869470538,
      0.9791863813544764,
      0.9796498634598472,
      0.983083573254672,
      0.9819567564762,
      0.9751307801766829,
      0.9798497033841682,
      0.979215043963808,
      0.9804087913397587,
      0.9825489701646747,
      0.9804815993164525,
      0.9792407696897333,
      0.9832844246517528,
      0.9820550951090726,
      0.9769691626230875,
      0.9713478287061056,
      0.9839021184227683,
      0.9834014917864944,
      0.9838226834932963,
      0.9794753609281598,
      0.9732646653146455,
      0.9692433657068195,
      0.9727095871260671,
      0.9710604963880597,
      0.9732319821010936,
      0.9772492412364844,
      0.9743964870770773,
      0.9716555114948389,
      0.9785323504245642,
      0.9781606793403625,
      0.9816510406407443,
      0.9718312368248448
    ],