{
  "embedding_type": "opensmile-sroberta",
  "model_type": "lstm",
  "embedding_dimension": 768,
  "training_config": {
    "learning_rate": 0.0001,
    "batch_size": 32,
    "num_epochs": 300,
    "weight_decay": 0.0,
    "early_stopping_patience": 10,
    "device": "cuda",
    "dropout_rate": 0.5
  },
  "training_history": {
    "train_losses": [
      1.3777562368149852,
      1.3658736207905937,
      1.3571991523106892,
      1.3501036365826924,
      1.3431060466111875,
      1.3359828474474889,
      1.327147150740904,
      1.314900416953891,
      1.3011133331878513,
      1.2834473906778823,
      1.263791725916021,
      1.2423605182591606,
      1.2185983272159802,
      1.1960214306326473,
      1.175078991581412,
      1.1545875019886915,
      1.1375809189151316,
      1.1207499521620132,
      1.1066079057899176,
      1.090033447041231,
      1.0795233693777346,
      1.066892062916475,
      1.057247806413501,
      1.047012214567147,
      1.037386235068826,
      1.032869744534586,
      1.023866660454694,
      1.0172562564120573,
      1.0136055134090722,
      1.0066497664825589,
      0.9982271983343012,
      0.9959066434233796,
      0.9894517362117767,
      0.984838745173286,
      0.9768255265320048,
      0.9727665431359235,
      0.9703424754096013,
      0.9681843320528666,
      0.9655136793267494,
      0.962513152290793,
      0.9566956559816996,
      0.9537140504986632,
      0.9519461223892137,
      0.9464353913185644,
      0.9420120359635821,
      0.9391381442546844,
      0.9346047511287764,
      0.9309424477465013,
      0.9275085102109348,
      0.9241207282917172,
      0.9237913728929034,
      0.9178485998920366,
      0.9150711409017152,
      0.9125354675685659,
      0.910625693844814,
      0.9085274747773713,
      0.9051104275619283,
      0.9031836483992782,
      0.9002266058734819,
      0.8968360616880304,
      0.8977273965583128,
      0.8967522417797762,
      0.8907156872983072,
      0.8902165024888282,
      0.8854745760852215,
      0.8835679783540613,
      0.879127201496386,
      0.8790637944258896,
      0.8785464588333579,
      0.875295594626782,
      0.8762604103368872,
      0.8697649538516998,
      0.8693980329176959,
      0.8651197266344931,
      0.8620437179125992,
      0.861085970027774,
      0.8563710462813284,
      0.8564459997064927,
      0.8553024542097952,
      0.852131107858583,
      0.8532980937583774,
      0.8474291335133946,
      0.8466524499304154,
      0.8462847856914296,
      0.8427157887056762,
      0.8414545661094142,
      0.83578433768422,
      0.8366204021023769,
      0.8326715821144628,
      0.8324692634975209,
      0.8310941422686857,
      0.8303553339313058,
      0.8294699583567825,
      0.8259670833746592,
      0.8235726625311608,
      0.8208754015903846,
      0.8239133731991637,
      0.81855969043339,
      0.8155816591837827,
      0.815095811790111,
      0.8136041029995563,
      0.8130190454277337,
      0.807749644798391,
      0.8119508965927011,
      0.8075824783128851,
      0.807077514774659,
      0.8057757990033019,
      0.8040349734764473,
      0.7997983743747076,
      0.7974793805795557,
      0.7985275303031883,
      0.7968203320222742,
      0.7925134853405111,
      0.7945311133768044,
      0.7909218940664741,
      0.7916171804947012,
      0.7852549368844313,
      0.7864793626701131,
      0.7881327382489747,
      0.7837039527355456,
      0.7825137873490652,
      0.7807389792858386,
      0.7791615803452099,
      0.7776056986813452,
      0.7751768552789501,
      0.7761072738497865,
      0.7736955293837715,
      0.7705914153187883,
      0.7737463023148331,
      0.7688201771062964,
      0.7672065478913924,
      0.7650168950066847,
      0.7661556499261483,
      0.7651785670542249,
      0.7632837654913173,
      0.7617048343607024,
      0.761625912843966,
      0.7595066869375753,
      0.7558030620509503,
      0.7554845728126227,
      0.7543690163715213,
      0.7516080523822822,
      0.753938664408291,
      0.7506657365490409,
      0.7502350225752475,
      0.749133949770647,
      0.7481878464128456,
      0.7511307655596265,
      0.744692045099595
    ],