{
  "embedding_type": "opensmile-sroberta",
  "model_type": "mlp",
  "embedding_dimension": 768,
  "training_config": {
    "learning_rate": 0.0001,
    "batch_size": 32,
    "num_epochs": 300,
    "weight_decay": 0.0,
    "early_stopping_patience": 10,
    "device": "cuda",
    "dropout_rate": 0.5
  },
  "training_history": {
    "train_losses": [
      1.3799396087141598,
      1.3693303676212536,
      1.3599401034560858,
      1.3508848045386521,
      1.339081396074856,
      1.3234815235231436,
      1.3047079864670248,
      1.2790624195454168,
      1.2464143107919132,
      1.2179071879854388,
      1.1994729918592117,
      1.169913489444583,
      1.160605937242508,
      1.1402427612566481,
      1.1296960203086628,
      1.1106539929614347,
      1.0984585255968804,
      1.0907357709080565,
      1.0770253667644425,
      1.0646551929268182,
      1.0592351807098763,
      1.0456520038492538,
      1.0317511932522643,
      1.0267505599003213,
      1.0167925071482564,
      1.0052797519693188,
      1.0007635419275247,
      1.0014461173730738,
      0.9892087438527275,
      0.9771002303151524,
      0.9794760159417695,
      0.9717769757205365,
      0.9584627981279411,
      0.953621515456368,
      0.9547983986489913,
      0.9478279679429298,
      0.9422230346530092,
      0.9425637014940673,
      0.9392541839795954,
      0.9377451708503798,
      0.9343637122827417,
      0.9266146614271051,
      0.9191550051464754,
      0.9102926727603463,
      0.9108847280343374,
      0.897421315020206,
      0.8962304171393899,
      0.9014711748151218,
      0.892901654921326,
      0.8842523658976835,
      0.8877693087446923,
      0.8840936369755689,
      0.8712882756018171,
      0.8813590167784223,
      0.8747237237060771,
      0.8627485396230922,
      0.8625871673518536,
      0.8504826216136708,
      0.856293646143932,
      0.8551367755029716,
      0.8474637158945495,
      0.8440454058787402,
      0.8383927543958029,
      0.83760472723082,
      0.8245120925061843,
      0.8302423127141654,
      0.8222981960165734,
      0.8266793162214989,
      0.8218655334968193,
      0.8185288809678134,
      0.8090851400412765,
      0.8149450842071982,
      0.8106162939585891,
      0.802779253207001,
      0.800759449893353,
      0.796150710068497,
      0.805540416170569,
      0.7899240605971393,
      0.7936831391325184,
      0.7838500714769551,
      0.7766349207536847,
      0.7773812284656599,
      0.7691158257863101,
      0.7695278963621925,
      0.770043321684295,
      0.7623778102444667,
      0.7652964364079868,
      0.759222465987299,
      0.7647430578283235,
      0.7582359825279198,
      0.7540799192353791,
      0.7547865363897062,
      0.7410015577779097,
      0.7466908772202099,
      0.7435824584727194,
      0.7409265564352858,
      0.7489382355820899,
      0.7391739204233768,
      0.7333477525150075,
      0.7388907063241098,
      0.7271665778814578,
      0.723567858338356,
      0.7237938622049257,
      0.7113122107351527,
      0.7094678107429954,
      0.7113672813364104,
      0.701403541600003,
      0.7111569523226982,
      0.7005525871234781,
      0.7019509585464702,
      0.6991530913932651,
      0.6974060479916778,
      0.6954341533721662,
      0.6986264361470353
    ],
    "val_losses": [
      1.3924567265944048,
      1.3928079316110322,
      1.3949403401577112,
      1.3879166769258904,
      1.3742447983134876,
      1.3616113301479456,
      1.3366052815408418,
      1.305212064222856,
      1.2875856739101987,
      1.2475341486208367,
      1.2290774728312637,
      1.2148696527336582,
      1.1986851078091245,
      1.179832606604605,
      1.1861977631395513,
      1.1664028781833071,
      1.1468518123482212,
      1.138599253062046,
      1.1261534835353042,
      1.1157153086228804,
      1.109016037348545,
      1.110007340257818,
      1.0890922293518528,
      1.0814256342974575,
      1.0854691465695698,
      1.0768267313639324,
      1.0566316517916592,
      1.0601996345953508,
      1.0638724493257927,
      1.059968225883715,
      1.056647362131061,
      1.0481644345052314,
      1.032938326850082,
      1.0438372149611965,
      1.0352948344115056,
      1.0277155800299211,
      1.0218475605502273,
      1.014062959136385,
      1.0354307691256206,
      1.0301651033488186,
      1.021057295076775,
      1.018005047783707,
      1.0143802816217595,
      1.0018128644336353,
      1.0095626477039221,
      1.0040413430242827,
      0.9949768637165879,
      0.9909040187344407,
      0.9799982038411227,
      1.0038335901318174,
      0.9872153202692667,
      0.9947861631711324,
      0.9710797757813425,
      0.9808226643186627,
      0.9945691787835323,
      0.9696259950146531,
      0.9879536719033213,
      0.9792674527023778,
      0.9738574497627489,
      0.9868464650529803,
      0.9586974599144675,
      0.9608250061670939,
      0.970369582826441,
      0.9637089245247118,
      0.9548629323641459,
      0.9623196125030518,
      0.9567978978157043,
      0.9608809839595448,
      0.9582410454750061,
      0.9642615968530829,
      0.9478982849554582,
      0.9387678558176215,
      0.9575683962215077,
      0.9537171974326625,
      0.9414836059917103,
      0.9365149664156365,
      0.9492858720548225,
      0.9494084444912997,
      0.9425255511746262,
      0.9354438763676267,
      0.9469450116157532,
      0.9326145396088109,
      0.9474065357988531,
      0.9382379163395275,
      0.937892856019916,
      0.9375172492229578,
      0.9310173482605906,
      0.9251034440416278,
      0.9375197092692057,
      0.9265514594135862,
      0.9261008049502517,
      0.927974466121558,
      0.9278906204483726,
      0.9202334429278518,
      0.9104184571540717,
      0.9223957079829592,
      0.9292791413538384,
      0.9422049648833998,
      0.9392937783038977,
      0.9131142370628588,
      0.9247883323467139,
      0.9276851867184495,
      0.9086087409294012,
      0.9079538466352405,
      0.9172781705856323,
      0.9197115554954066,
      0.9136429961883661,
      0.9153918687141303,
      0.9175811211268107,
      0.9225554556557627,
      0.9103533571416681,
      0.9124323843103467,
      0.916403280063109,
      0.9098276839111791
    ],