{
  "embedding_type": "opensmile-sroberta",
  "model_type": "lstm",
  "embedding_dimension": 856,
  "training_config": {
    "learning_rate": 0.0001,
    "batch_size": 32,
    "num_epochs": 300,
    "weight_decay": 0.0,
    "early_stopping_patience": 10,
    "device": "cuda",
    "dropout_rate": 0.5
  },
  "training_history": {
    "train_losses": [
      1.3912254116114449,
      1.3582538997425753,
      1.3479632524883045,
      1.3398267474828982,
      1.3310102551591163,
      1.3208420498698366,
      1.3029542541971393,
      1.299331169502408,
      1.287958798455257,
      1.2809741894404094,
      1.2669766299864824,
      1.2608620980206657,
      1.2448070142783372,
      1.2473975793988097,
      1.2342183122447892,
      1.2266649007797241,
      1.2257879329662698,
      1.220138856008941,
      1.2030717683773415,
      1.203309608440773,
      1.2023502015600018,
      1.1966896676549725,
      1.1866837599698234,
      1.1796886032702876,
      1.1776661183319839,
      1.1659979481323093,
      1.165338655312856,
      1.1591339485318053,
      1.1624551409599828,
      1.1580482680423587,
      1.1458536842290092,
      1.1493991636762433,
      1.1409421381997127,
      1.126355119195639,
      1.1308219362707699,
      1.127437541297838,
      1.1233651608813042,
      1.117479898181616,
      1.1198316520335627,
      1.1036456127961476,
      1.102576376760707,
      1.102905106310751,
      1.0928020155897327,
      1.088855306891834,
      1.0783933126458936,
      1.0811437882629096,
      1.0771049138377695,
      1.085136725622065,
      1.0693923638147467,
      1.0689418117205303,
      1.0616903532953823,
      1.060596665915321,
      1.0562184225110447,
      1.045968174350028,
      1.0458444929590411,
      1.039920526976679,
      1.0408988571634479,
      1.0394045178796731,
      1.0312775881851421,
      1.0331139213898604,
      1.0234636348836563,
      1.026875487729615,
      1.0247844667995678,
      1.0144271353880565,
      1.013385999436472,
      1.0074507120777578,
      0.9977298601000917,
      1.0014471411705017,
      1.0043849740542619,
      0.9956723550955454,
      0.9967376946234235,
      0.9969407828415141,
      0.9892808660572651,
      1.0022079997202928,
      0.9970464244777081,
      0.9732786154045778,
      0.9712857235880459,
      0.9708087929323608,
      0.972233329333511,
      0.9681175251801809,
      0.9576017792318382,
      0.9735797053458644,
      0.9619994730341668,
      0.9552190496641046,
      0.9480676294541827,
      0.9582009537547242,
      0.9562737147013346,
      0.9452228312398873,
      0.9585152788489473,
      0.9364138368298026,
      0.9371033941998201,
      0.9445703847735536,
      0.9458555316223818,
      0.9352343345389647,
      0.9329511312877431,
      0.9194266679240208,
      0.9281481796619939,
      0.9239220344552806,
      0.9337226327727822,
      0.9306749251543307,
      0.9182379403535057,
      0.9242148557130028,
      0.9159612474488277,
      0.9113632680154314,
      0.9144317998605616,
      0.9054225560496835,
      0.8984564139562494,
      0.8999650490050223,
      0.9030173415062475,
      0.9013736879124361,
      0.8915819478969947,
      0.8939933800229839,
      0.8888985841881996,
      0.9097232286836586,
      0.8907134638113134,
      0.9036090800575182,
      0.8951160942806917,
      0.8865035392490088,
      0.8863509145437503,
      0.8923549272266089,
      0.8820456552739236,
      0.8772855745811089,
      0.8802679210316902,
      0.8748641347183901,
      0.8684463781469008,
      0.8752945158995834,
      0.8749386866887411,
      0.8796253379653481,
      0.8673407897060993,
      0.8646864663152134,
      0.8608685854603263,
      0.8715639260469699,
      0.8527492056874668,
      0.8552237047868616,
      0.8609145155139998,
      0.8575001867378459,
      0.8607865151237039,
      0.8648072995391547,
      0.8564550233822242,
      0.8509706878194622,
      0.8441683585737266,
      0.8428502188009375,
      0.8410432215999154,
      0.845952098276101,
      0.8391805793724808,
      0.8468955217623243,
      0.8486984436418495
    ],
    "val_losses": [
      1.367054845347549,
      1.3704475995266077,
      1.3626599925937075,
      1.3624479301048047,
      1.354272520903385,
      1.3442137349735608,
      1.3292744882179028,
      1.3156309922536213,
      1.3058077927791711,
      1.2950474565679377,
      1.2777162754174434,
      1.2894123142415828,
      1.2709699833031856,
      1.2625347664861968,
      1.2490175673455903,
      1.2586674292882283,
      1.2323980837157278,
      1.2262109048438794,
      1.2213430260166978,
      1.2131213040062876,
      1.2028483152389526,
      1.2155727744102478,
      1.2098208701971807,
      1.1851112156203298,
      1.2121411778710105,
      1.1793630430192659,
      1.1676332878343987,
      1.162992152300748,
      1.1693507107821377,
      1.1580191651980083,
      1.1558714328390178,
      1.1550929907596472,
      1.1486681230140454,
      1.1412972536954014,
      1.1465002749905442,
      1.1310906970139705,
      1.138147108482592,
      1.1339637312022122,
      1.1238942525603555,
      1.1239701708157857,
      1.126205395568501,
      1.118832124002052,
      1.1152089725841174,
      1.1009532429955222,
      1.1026657241763491,
      1.0931740114183137,
      1.0968268730423667,
      1.083957547491247,
      1.081291043397152,
      1.0822347330324578,
      1.0830234921339787,
      1.0665235212354949,
      1.0737019813422002,
      1.0736650770360774,
      1.071759859720866,
      1.069820174665162,
      1.0621422312476418,
      1.0549062490463257,
      1.0619380365718494,
      1.0424870686097578,
      1.0419553229303071,
      1.0369943886092214,
      1.03789258183855,
      1.0419796506563823,
      1.0382440126303472,
      1.0345490827704922,
      1.0238232829354026,
      1.0353990720980095,
      1.0089636065743186,
      1.0358329957181758,
      1.0099289706259063,
      1.023383536122062,
      1.0208527572227246,
      1.0238184856645989,
      1.0010537324529705,
      1.0002637722275474,
      0.9975508017973467,
      0.9896998622200706,
      0.9906923536098364,
      0.9863830515832612,
      0.9906169447031888,
      0.9877732558683916,
      0.9920887134291909,
      0.9949417078133785,
      0.9946280952655908,
      0.9699993657343315,
      0.9771253936218492,
      0.9784246737306769,
      0.9709536884770249,
      0.9976214260766001,
      0.9606355826059977,
      0.9632762092532534,
      0.9595835786877256,
      0.9603716369831201,
      0.9516285405014501,
      0.9534426421830149,
      0.9504515185500636,
      0.9484427083622325,
      0.9453652013431896,
      0.9472037788593408,
      0.9409897851221489,
      0.9462002840909091,
      0.9401987249200995,
      0.9342223749016271,
      0.9360684156417847,
      0.9400122888160475,
      0.9424802751252146,
      0.9467598001162211,
      0.9311873912811279,
      0.9188499017195269,
      0.9324022242517183,
      0.9488611365809585,
      0.926368444254904,
      0.9264685294844888,
      0.9203523921244072,
      0.9161140557491418,
      0.9059387770566073,
      0.8960272850412311,
      0.9290541428508181,
      0.9045336679978804,
      0.9240435235428087,
      0.9269054170810815,
      0.9111312790350481,
      0.9001100153634043,
      0.9175432794021837,
      0.8892038193616,
      0.9088365543972362,
      0.9159139557318254,
      0.9032114924806537,
      0.8861562356804357,
      0.9107437567277388,
      0.8875110492561803,
      0.8986567547827056,
      0.8900843894842899,
      0.8672390236999049,
      0.8744663686463328,
      0.8661953951373245,
      0.887911299864451,
      0.8781763206828724,
      0.8775741981737541,
      0.8829737703005472,
      0.8686638637022539,
      0.8772417632016268,
      0.8715338020613699,
      0.8726649212114739,
      0.8772823557709203,
      0.8662590565103473
    ],