{
  "embedding_type": "opensmile-sroberta",
  "model_type": "mlp",
  "embedding_dimension": 856,
  "training_config": {
    "learning_rate": 0.0001,
    "batch_size": 32,
    "num_epochs": 300,
    "weight_decay": 0.0,
    "early_stopping_patience": 10,
    "device": "cuda",
    "dropout_rate": 0.5
  },
  "training_history": {
    "train_losses": [
      13.692998895458146,
      5.31798092991698,
      2.908066410644382,
      1.957169123724395,
      1.9763995081770653,
      1.5919176667344337,
      1.9190576345312829,
      1.4286300306226694,
      1.4098756208139307,
      1.3966339253911786,
      1.3536980572868795,
      1.6033955660520816,
      1.3348932768784316,
      1.311212627326741,
      1.308757993520475,
      1.3033012876323624,
      1.2790521698839523,
      1.4412399822590398,
      1.2551991951231862,
      1.2480938060610902,
      1.317165151530621,
      1.2135734166584762,
      1.2051969527029525,
      1.205870542456122,
      1.3672407532439512,
      1.1974184057291817,
      1.1867093373747433,
      1.175645070333107,
      1.1661661799047507,
      1.1628407532093572,
      1.1754320591103797,
      1.1517251975396101,
      1.1357567421361512,
      1.1367901902572781,
      1.1188517271303664,
      1.1060284680011225,
      1.1209857697580374,
      1.0991150292695737,
      1.0984187126159668,
      1.0961279705458997,
      1.0951663933548272,
      1.0885524264737672,
      1.0704060173502155,
      1.0954237288119746,
      1.0683373195283554,
      1.0587287352365606,
      1.0561225572053123,
      1.0432124885858274,
      1.4140341901311688,
      1.0299706879784079,
      1.0360292926722883,
      1.0432827934330584,
      1.0045277861987842,
      1.004123584312551,
      1.0073554159379472,
      0.9974584532719032,
      0.9864217340946198,
      1.01260786021457,
      0.9826357072474909,
      0.9866485420395347,
      0.9771566285806543,
      0.9669366835379133,
      0.973071461799098,
      0.9695057506654777,
      0.9585323777853274,
      0.9527428775441413,
      0.9742209999000325,
      0.9479842302845973,
      0.9369175609420327,
      0.9322480477538764,
      0.9366250920529459,
      0.9252289071971295,
      0.9323457409353817,
      0.9174231688181559,
      0.9114300082711613,
      0.9210815014792424,
      0.9336733338879604,
      0.8997560394745246,
      0.9132701964939341,
      0.9243520907327241,
      0.9062776133125904,
      0.9019275056380852,
      0.9016791143838097,
      0.9132660317654703,
      0.9069559030673083,
      0.8859841508023879,
      0.8792822296712913,
      0.8752101601338854,
      0.8834866074954763,
      0.8767239790336758,
      0.8821487485193739,
      0.8698085143285639,
      0.8879272575471916,
      0.8604677921416712,
      0.8602467833780775,
      0.8691093460017559,
      0.8583892128046822,
      0.8578562584577822,
      0.8435032706634671,
      0.8467989873652365,
      0.8484792750255734,
      0.8433518205203262,
      0.8441326080584058,
      0.9876456085373374,
      0.8533967552231807,
      0.8439108729362488,
      0.8392467341002297,
      0.8350142252211478,
      0.8275361712656769,
      0.8309170603752136,
      0.8337569271816927,
      0.8340960501455793,
      0.8582170243356743,
      0.8222201197755103,
      0.8193249348916259,
      0.8244289855162302,
      0.8267681101957957,
      0.8252431300340914,
      0.8188029217953775,
      0.8185758003417183,
      0.8132647778473648,
      0.8286565793495552,
      0.8067474657414007,
      0.8039290402449814,
      0.8186347899483699,
      0.8140263037354338,
      0.7952137279744241,
      0.7983521030229681,
      0.804284957109713
    ],
    "val_losses": [
      1.7629519791314097,
      1.3710595405463017,
      1.3900888688636548,
      1.3890413045883179,
      1.3873474236690637,
      1.3851916320396191,
      1.377667289791685,
      1.37852600849036,
      1.3648955316254587,
      1.33924810814135,
      1.3353439316605076,
      1.3070384011124119,
      1.2970863219463464,
      1.2804004820910366,
      1.2591567798094316,
      1.2549936771392822,
      1.2428882989016445,
      1.2375546838297988,
      1.2129257303295713,
      1.1907896851048325,
      1.221076994231253,
      1.1955819780176336,
      1.1758269306385156,
      1.1664847496784094,
      1.1702949910452871,
      1.1809059941407405,
      1.1471649155472263,
      1.1481066075238315,
      1.142967271082329,
      1.1235631993322661,
      1.1410546573725613,
      1.1347925464312236,
      1.1182422041893005,
      1.0969720862128518,
      1.096117509133888,
      1.0774163116108288,
      1.0903879042827722,
      1.069320601044279,
      1.0595915696837686,
      1.0466896205237417,
      1.0758376717567444,
      1.051662762959798,
      1.0498495408982942,
      1.049874231670842,
      1.0580350160598755,
      1.0433935541095156,
      1.0330815784858935,
      1.0157693895426663,
      1.025618350867069,
      1.0180905876737651,
      1.067059267650951,
      1.0164075602184643,
      1.0063365264372393,
      0.990130319739833,
      1.0041675983053264,
      0.9802489912871158,
      0.9634898232691216,
      0.9796074159217604,
      0.9944263263182207,
      0.9493999119960901,
      0.9498827023939653,
      0.9459296627478166,
      1.000632927273259,
      0.98968746806636,
      0.9384804620887294,
      0.9281561790090619,
      0.9388028491627086,
      0.92348097671162,
      0.9305103637955405,
      0.9099871371731614,
      0.9450186292330424,
      0.917052559780352,
      0.9188530463160891,
      0.9349039178906065,
      0.9070435202482975,
      0.9158037792552601,
      0.9033589941082578,
      0.9186498883998755,
      0.9188980116988673,
      0.8978849017258846,
      0.9568290258898879,
      0.896458342219844,
      0.930865163152868,
      0.8942657844586805,
      0.8838345661307826,
      0.9054057345245824,
      0.8982313040531043,
      0.8850483352487738,
      0.8905109419967189,
      0.8895396499922781,
      0.8795793327418241,
      0.8737315571669376,
      0.9035098408207749,
      0.8771747748057047,
      0.8949015574021773,
      0.8776349154385653,
      0.8793911103046301,
      0.8765876257058346,
      0.8624119614109849,
      0.8731047312418619,
      0.8837939148599451,
      0.8597965981021072,
      0.8861450498754327,
      0.8708075122399763,
      0.8660550316174825,
      0.8627319877797907,
      0.8645112713177999,
      0.875038108139327,
      0.850962089769768,
      0.8799598542126742,
      0.8951503544142752,
      0.8506398652539109,
      0.8509856959184011,
      0.862136443456014,
      0.8559167385101318,
      0.9031973788232515,
      0.8573705463698416,
      0.8646340225682114,
      0.8438104373036008,
      0.9048972436876008,
      0.912339676510204,
      0.8732926285628116,
      0.869389660430677,
      0.868716274247025,
      0.8884099938652732,
      0.8775493881919167,
      0.8594541802550807,
      0.8626306905890956,
      0.8536664608753088
    ],