{
  "embedding_type": "opensmile-sroberta",
  "model_type": "lstm",
  "embedding_dimension": 768,
  "training_config": {
    "learning_rate": 0.0001,
    "batch_size": 32,
    "num_epochs": 300,
    "weight_decay": 0.0,
    "early_stopping_patience": 10,
    "device": "cuda",
    "dropout_rate": 0.5
  },
  "training_history": {
    "train_losses": [
      1.3806130067974913,
      1.3671912188623465,
      1.3560657734964408,
      1.3461937880983539,
      1.3368266084614921,
      1.327281166525448,
      1.3151087164878845,
      1.2998503014153124,
      1.2837739294650508,
      1.2631137546371012,
      1.2424314115561692,
      1.2186162728889316,
      1.1948663230035819,
      1.1732763192232918,
      1.1513312266153448,
      1.1314125540209752,
      1.1166130894539403,
      1.100609207270192,
      1.0877752280702777,
      1.0748738313422483,
      1.0632592381215562,
      1.0524489301092483,
      1.0417091840622472,
      1.0351321399211884,
      1.0272881330228318,
      1.0203901839022542,
      1.0144308560034807,
      1.0102262245673759,
      1.0024571009710723,
      0.9978387671358445,
      0.9898903527680565,
      0.9858950166141286,
      0.9814569424180424,
      0.9782840031034806,
      0.9747257565750795,
      0.9691738632379794,
      0.9671719570954641,
      0.9596506509126401,
      0.9597138955312616,
      0.9532137150857963,
      0.9507965702636569,
      0.9482141271525738,
      0.9429744540476331,
      0.9370218077126671,
      0.9371139313660416,
      0.9361026105927486,
      0.9321127452102362,
      0.9289589909946218,
      0.92472759122942,
      0.9192236714503345,
      0.9219433974985983,
      0.9138579427027235,
      0.913547639168945,
      0.9093500714676053,
      0.9053153962481255,
      0.903876888401368,
      0.900535942292681,
      0.8981547881575191,
      0.8980121600861642,
      0.8886816700299581,
      0.8937005517529506,
      0.8910141815157497,
      0.885847722198449,
      0.8832293380709255,
      0.8803965133779189,
      0.8812476922484005,
      0.8758732623913709,
      0.8759296974715065,
      0.8705934619202333,
      0.8727565489563287,
      0.869507289984647,
      0.8695710716294307,
      0.8651483327734704,
      0.8602471947669983,
      0.8615109242644965,
      0.8548798572783377,
      0.8535142050069922,
      0.8524856508946886,
      0.8485493233390883,
      0.8495539350836885,
      0.8466134018757764,
      0.8452448619931352,
      0.8441675322897294,
      0.8419022069257849,
      0.8421407175414702,
      0.8374060696246577,
      0.834938689774158,
      0.8327180895150876,
      0.8302590496399823,
      0.8295151012785295,
      0.8306234806191688,
      0.8272149071973913,
      0.8249271535405925,
      0.8224493995601055,
      0.8182330248402614,
      0.8177155621495902,
      0.815370543622503,
      0.8172475461866341,
      0.8130640273585039,
      0.8104209543443194,
      0.8113756273307052,
      0.8078835565669864,
      0.8079325615190992,
      0.8042553154861226,
      0.8036252222224778,
      0.801639421897776,
      0.800485236971986,
      0.7964545584776822,
      0.7983827649378309,
      0.790838935211593,
      0.7950618249528548,
      0.7916861398547304,
      0.7893532321733587,
      0.7899732940337237,
      0.784944147455926,
      0.7849310636520386,
      0.7834377002482321,
      0.7837350982076982,
      0.7807533659187018,
      0.7802523134970197,
      0.7772276845632815,
      0.7769153585620955,
      0.774177245649637,
      0.7700477394403196,
      0.7727820204169142,
      0.7749886127079234,
      0.7725569450972127,
      0.768714928743886,
      0.768429061069208,
      0.7679637150437224,
      0.7655651113566231,
      0.760176997850923,
      0.7618924987082388,
      0.7617974944558799,
      0.7594645210340911,
      0.7572373143013786,
      0.7535929472423067,
      0.7557923191902685,
      0.7506407607419818,
      0.7509659207334706,
      0.7524776102281084,
      0.7530968195083094,
      0.7462350319997937,
      0.7450803123852786,
      0.7443675378374025,
      0.7452548441349292,
      0.7424106583291409,
      0.7415933620695975,
      0.738466857695112,
      0.7410724726962108
    ],