{
  "embedding_type": "opensmile-sroberta",
  "model_type": "mlp",
  "embedding_dimension": 768,
  "training_config": {
    "learning_rate": 0.0001,
    "batch_size": 32,
    "num_epochs": 300,
    "weight_decay": 0.0,
    "early_stopping_patience": 10,
    "device": "cuda",
    "dropout_rate": 0.5
  },
  "training_history": {
    "train_losses": [
      1.3760659121999554,
      1.3656825388179106,
      1.3520061817823672,
      1.3400927595063752,
      1.3250786708850486,
      1.3020807422843634,
      1.2757428078090443,
      1.2510151278738881,
      1.2242958604120742,
      1.1974141071824467,
      1.173903618957482,
      1.1485520274031396,
      1.1271880835879082,
      1.111424041144988,
      1.0962009435775233,
      1.0799037001880945,
      1.0654069734554665,
      1.0504199617049272,
      1.0507731829203812,
      1.0268642382294524,
      1.0263210523362254,
      1.015062956833372,
      1.0037065656746136,
      0.9907858693132213,
      0.9906884829203287,
      0.9813410762478324,
      0.9809099920824462,
      0.9833396264151031,
      0.9513259845621446,
      0.9538985677793914,
      0.9526152645840364,
      0.9488088792445613,
      0.9387914222829482,
      0.935988214670443,
      0.9361027116869011,
      0.9191769554334528,
      0.9212479918610816,
      0.9115642017009211,
      0.9080243572300556,
      0.9003809310641944,
      0.9014242653753243,
      0.901091885917327,
      0.8963253305238836,
      0.8882404524906009,
      0.883224032088822,
      0.8817036262914246,
      0.8771869551901724,
      0.8744225355924344,
      0.8662434302124322,
      0.8663030576472189,
      0.8636452847836065,
      0.8688979195613488,
      0.8583666483561198,
      0.8446526194320005,
      0.842585648391761,
      0.835671265335644,
      0.8333974094951854,
      0.8408572142030678,
      0.8255057650453904,
      0.8292259842741723,
      0.8258865861331716,
      0.8223937895952487,
      0.8206278173362508,
      0.8199677797509175,
      0.8131606572983312,
      0.8098033684141496,
      0.8004404662870893,
      0.800311229392594,
      0.8013552772063836,
      0.7920819547246484,
      0.7878007836201611,
      0.7886188661350924,
      0.784683647109013,
      0.7798261478835461,
      0.7762366977392459,
      0.7654664972249199,
      0.770161008717967,
      0.7620298406657051,
      0.7663578379387949,
      0.7501838058233261,
      0.739699565020262,
      0.7460467888444078,
      0.7533294909140643,
      0.7467696053140304,
      0.7455673103823381,
      0.738138893071343,
      0.7335493140945247,
      0.7337015884764054
    ],
    "val_losses": [
      1.3870238535331958,
      1.38768977468664,
      1.3862300966725205,
      1.3807783307451191,
      1.3579010277083425,
      1.338322386597142,
      1.3200227564031428,
      1.28577746405746,
      1.260924675247886,
      1.2372506242809873,
      1.2125533999818745,
      1.1837749138022915,
      1.1694851860855564,
      1.1505750092593106,
      1.1353248159090679,
      1.1208326256636418,
      1.1117171771598584,
      1.1013820044922107,
      1.0865333640214168,
      1.0878893733024597,
      1.0867293458996397,
      1.0736596710754163,
      1.0678646835413845,
      1.0578776363170508,
      1.0564067255366931,
      1.0391910003893303,
      1.0478399775244973,
      1.0401579846035351,
      1.0386152917688543,
      1.0391177101568743,
      1.0274750463890308,
      1.0241061918663257,
      1.0305160067298196,
      1.0247504349910852,
      1.0117943593949983,
      1.0208714225075461,
      1.0038707202131099,
      1.0091200254180215,
      1.022248752189405,
      1.013840453191237,
      1.005336653102528,
      1.0099220239754878,
      1.0165018276734785,
      0.9963861703872681,
      0.9934671448938774,
      1.003015904715567,
      0.9851602370088751,
      1.000210332148003,
      0.9877487095919523,
      0.9873438730384364,
      0.9879649191191702,
      0.9851058017123829,
      0.9790772055134629,
      0.9819687604904175,
      0.9772646860642866,
      0.9863347393093687,
      0.9805622371760282,
      0.9647251638499174,
      0.9635203968394886,
      0.9729718818809047,
      0.9538414496364016,
      0.9842997410080649,
      0.9707628398230581,
      0.9573226245966825,
      0.9719842347231779,
      0.9567534002390775,
      0.9653056426481768,
      0.9596229213656802,
      0.946591929955916,
      0.962068700429165,
      0.9670840935273604,
      0.9534913861390316,
      0.9566319639032538,
      0.9624506325432749,
      0.9485308762752649,
      0.9663654890927401,
      0.9617784890261564,
      0.939219431443648,
      0.9462111285238555,
      0.9476154067299583,
      0.9432338385870962,
      0.9424272432471766,
      0.9529404044151306,
      0.951759013262662,
      0.9432605577237678,
      0.9488639163248467,
      0.9396918253465132,
      0.9419239091150688
    ],
    "val_accuracies": [
      0.2502424830261882,
      0.2502424830261882,
      0.2502424830261882,
      0.2502424830261882,
      0.2948593598448109,
      0.3433559650824442,
      0.3685741998060136,
      0.44422890397672166,
      0.469447138700291,
      0.475266731328807,
      0.5033947623666344,
      0.5208535402521823,
      0.521823472356935,
      0.530552861299709,
      0.5412221144519883,
      0.5528612997090203,
      0.542192046556741,
      0.5518913676042677,
      0.5596508244422891,
      0.5548011639185257,
      0.5518913676042677,
      0.5557710960232783,
      0.5586808923375364,
      0.5751697381183317,
      0.5615906886517944,
      0.5703200775945684,
      0.5664403491755577,
      0.5635305528612997,
      0.562560620756547,
      0.574199806013579,
      0.5712900096993211,
      0.5780795344325897,
      0.574199806013579,
      0.577109602327837,
      0.5819592628516004,
      0.5780795344325897,
      0.5809893307468477,
      0.5819592628516004,
      0.5722599418040737,
      0.5877788554801164,
      0.5868089233753637,
      0.5868089233753637,
      0.5897187196896218,
      0.5838991270611057,
      0.5877788554801164,
      0.5906886517943744,
      0.588748787584869,
      0.588748787584869,
      0.5945683802133851,
      0.5965082444228904,
      0.5945683802133851,
      0.5994180407371484,
      0.6052376333656644,
      0.6013579049466538,
      0.6013579049466538,
      0.6052376333656644,
      0.6042677012609118,
      0.6091173617846751,
      0.6052376333656644,
      0.6071774975751697,
      0.6100872938894277,
      0.6062075654704171,
      0.6091173617846751,
      0.612027158098933,
      0.6100872938894277,
      0.6110572259941804,
      0.6110572259941804,
      0.6091173617846751,
      0.6149369544131911,
      0.6139670223084384,
      0.6091173617846751,
      0.6217264791464597,
      0.6159068865179438,
      0.6091173617846751,
      0.6178467507274491,
      0.6159068865179438,
      0.6159068865179438,
      0.6275460717749758,
      0.6226964112512124,
      0.6226964112512124,
      0.6304558680892337,
      0.6265761396702231,
      0.6246362754607178,
      0.6217264791464597,
      0.6285160038797284,
      0.6275460717749758,
      0.6294859359844811,
      0.6285160038797284
    ],
    "best_val_acc": 0.6304558680892337,
    "final_epoch": 88
  },
  "test_results": {
    "accuracy": 0.6462530217566479,
    "macro_f1": 0.6363046169477385,
    "weighted_f1": 0.6485997271364106,
    "macro_precision": 0.6388648130261112,
    "macro_recall": 0.6399607078408286,
    "weighted_precision": 0.658990702767885,
    "weighted_recall": 0.6462530217566479,
    "per_class_precision": [
      0.5652173913043478,
      0.775623268698061,
      0.5849889624724062,
      0.6296296296296297
    ],
    "per_class_recall": [
      0.611764705882353,
      0.6334841628959276,
      0.6901041666666666,
      0.6244897959183674
    ],