Dialogue_ID,Utterance_ID,Speaker,Original_Emotion,Predicted_Emotion
914,0,Monica,joy,Joy
914,1,Rachel,neutral,Neutral
914,2,Monica,neutral,Neutral
915,0,Monica,neutral,Neutral
915,1,Rachel,neutral,Neutral
915,2,Joey,neutral,Neutral
915,3,Chandler,fear,Fear
915,4,Chandler,fear,Fear
915,5,Dr. Franzblau,neutral,Neutral
915,6,Nurse,neutral,Neutral
915,7,Carol,fear,Anger
915,8,Dr. Franzblau,neutral,Neutral
915,9,Carol,fear,Sadness
916,0,Ross,joy,Neutral
916,1,Mona,neutral,Neutral
916,2,Ross,joy,Neutral
916,3,Ross,joy,Neutral
916,4,Mona,neutral,Neutral
916,5,Ross,neutral,Neutral
916,6,Ross,joy,Neutral
916,7,Ross,neutral,Neutral
916,8,Ross,surprise,Neutral
916,9,Ross,neutral,Neutral
916,10,Ross,joy,Neutral
916,11,Ross,neutral,Neutral
916,12,Ross,fear,Fear
916,13,Mona,sadness,Anger
917,0,Chandler,neutral,Neutral
917,1,Chandler,joy,Joy
917,2,Chandler,joy,Joy
917,3,Chandler,anger,Surprise
917,4,Chandler,surprise,Surprise
917,5,Chandler,joy,Joy
918,0,Phoebe,neutral,Neutral
918,1,Chandler,neutral,Fear
918,2,Joey,neutral,Joy
918,3,Chandler,neutral,Anger
918,4,Phoebe,surprise,Surprise
918,5,Chandler,anger,Sadness
918,6,Chandler,neutral,Sadness
918,7,Phoebe,anger,Anger
918,8,Phoebe,sadness,Anger
918,9,Phoebe,anger,Anger
918,10,Phoebe,anger,Joy
918,11,Phoebe,sadness,Surprise
918,12,Phoebe,neutral,Joy
919,0,Ross,surprise,Anger
919,1,Emily,neutral,Neutral
920,0,Student,sadness,Fear
920,1,Joey,surprise,Surprise
920,2,Student,neutral,Neutral
920,3,Joey,surprise,Surprise
920,4,Student,neutral,Neutral
921,0,Phoebe,surprise,Surprise
921,1,Eric,fear,Fear
921,2,Phoebe,surprise,Anger
921,3,Eric,sadness,Neutral
921,4,Phoebe,disgust,Disgust
921,5,Eric,sadness,Fear
921,6,Eric,fear,Fear
921,7,Eric,sadness,Disgust
921,8,Phoebe,sadness,Sadness
921,9,Eric,sadness,Sadness
921,10,Phoebe,anger,Neutral
922,0,Phoebe,joy,Neutral
922,1,Rachel,neutral,Neutral
922,2,Phoebe,neutral,Neutral
922,3,Rachel,sadness,Sadness
922,4,Phoebe,neutral,Neutral
922,5,Rachel,surprise,Surprise
922,6,Phoebe,neutral,Neutral
922,7,Rachel,neutral,Neutral
922,8,Phoebe,neutral,Neutral
923,0,Rachel,neutral,Neutral
923,1,Chandler,sadness,Neutral
923,2,Janice,fear,Joy
923,3,Chandler,joy,Neutral
923,4,Janice,sadness,Joy
923,5,Chandler,disgust,Sadness
923,6,Janice,surprise,Surprise
923,7,Chandler,neutral,Neutral
923,8,Janice,joy,Fear
923,9,Chandler,anger,Anger
923,10,Janice,anger,Neutral
923,11,Chandler,neutral,Neutral
923,12,Janice,sadness,Joy
923,13,Chandler,joy,Neutral
924,0,Phoebe,joy,Joy
924,1,Joey,joy,Neutral
924,2,Phoebe,neutral,Fear
924,3,Joey,neutral,Neutral
924,4,Phoebe,neutral,Neutral
924,5,Phoebe,sadness,Anger
924,6,Joey,sadness,Neutral
925,0,Woman,neutral,Neutral
925,1,Chandler,neutral,Joy
925,2,Mrs. Tedlock,neutral,Neutral
925,3,Chandler,neutral,Fear
925,4,Chandler,neutral,Fear
925,5,Chandler,joy,Fear
925,6,Chandler,neutral,Fear
925,7,Chandler,joy,Fear
925,8,Chandler,neutral,Fear
926,0,Chandler,neutral,Joy
926,1,Monica,sadness,Joy
926,2,Chandler,sadness,Neutral
926,3,Monica,neutral,Neutral
926,4,Chandler,anger,Neutral
926,5,Chandler,sadness,Fear
926,6,Chandler,neutral,Neutral
926,7,Monica,neutral,Neutral
926,8,Monica,neutral,Neutral
926,9,Monica,neutral,Neutral
926,10,Chandler,joy,Joy
926,11,Monica,neutral,Joy
926,12,Chandler,neutral,Neutral
926,13,Joey,joy,Joy
926,14,Monica,joy,Neutral
926,15,Joey,neutral,Neutral
926,16,Monica,neutral,Neutral
926,17,Joey,surprise,Surprise
927,0,Phoebe,neutral,Neutral
927,1,Monica,neutral,Surprise
927,2,Phoebe,surprise,Surprise
927,3,Monica,neutral,Neutral
927,4,Phoebe,surprise,Surprise
928,0,Monica,disgust,Disgust
928,1,Richard,neutral,Neutral
928,2,Monica,neutral,Neutral
928,3,Richard,joy,Joy
928,4,Monica,anger,Joy
928,5,Richard,neutral,Joy
929,0,The Guys,joy,Joy
929,1,Phoebe,anger,Anger
929,2,The Guys,neutral,Neutral
929,3,Monica,neutral,Neutral
929,4,Rachel,neutral,Anger
929,5,Monica,neutral,Anger
930,0,Phoebe,joy,Neutral
930,1,Chandler,neutral,Neutral
930,2,Joey,neutral,Joy
930,3,Chandler,neutral,Neutral
930,4,Joey,neutral,Neutral
930,5,Chandler,neutral,Neutral
930,6,Joey,neutral,Neutral
930,7,Ross,neutral,Neutral
930,8,Joey,neutral,Neutral
930,9,Ross,joy,Joy
930,10,Ross,neutral,Neutral
930,11,Ross,neutral,Surprise
930,12,Chandler,neutral,Neutral
930,13,Ross,anger,Joy
930,14,Chandler,neutral,Disgust
930,15,Joey,anger,Anger
931,0,Joey/Drake,joy,Anger
931,1,Joey/Drake,anger,Anger
931,2,Joey/Drake,disgust,Anger
932,0,Phoebe,joy,Joy
932,1,Ross,anger,Anger
932,2,Rachel,joy,Neutral
932,3,Monica,joy,Neutral
932,4,Rachel,anger,Joy
932,5,Monica,fear,Anger
932,6,Rachel,anger,Neutral
932,7,Monica,anger,Neutral
932,8,Rachel,anger,Joy
932,9,Monica,neutral,Anger
932,10,Rachel,anger,Joy
932,11,Monica,neutral,Neutral
932,12,Rachel,joy,Joy
932,13,Monica,neutral,Neutral
932,14,Rachel,neutral,Neutral
932,15,Ross,neutral,Neutral
932,16,Ross,neutral,Joy
933,0,Ross,joy,Neutral
933,1,Gunther,joy,Joy
933,2,Joey,neutral,Neutral
933,3,Ross,neutral,Neutral
933,4,Joey,joy,Neutral
933,5,Rachel,neutral,Neutral
933,6,Monica,neutral,Neutral
933,7,Joey,neutral,Neutral
933,8,Woman,neutral,Neutral
933,9,Joey,neutral,Neutral
933,10,Monica,surprise,Surprise
933,11,Joey,anger,Neutral
933,12,Rachel,anger,Neutral
933,13,Joey,neutral,Neutral
933,14,Gunther,anger,Anger
933,15,Joey,sadness,Anger
933,16,Monica,surprise,Surprise
933,17,Joey,neutral,Neutral
933,18,Customer,neutral,Neutral
933,19,Joey,neutral,Neutral
934,0,Chandler,neutral,Neutral
934,1,The Museum Official,neutral,Neutral
934,2,The Museum Official,neutral,Neutral
934,3,The Museum Official,neutral,Joy
934,4,Chandler,surprise,Surprise
935,0,Monica,neutral,Neutral
935,1,Phoebe,neutral,Neutral
935,2,Monica,anger,Anger
935,3,Phoebe,neutral,Neutral
935,4,Monica,sadness,Anger
935,5,Phoebe,neutral,Neutral
935,6,Phoebe,neutral,Neutral
935,7,Phoebe,sadness,Neutral
935,8,Phoebe,anger,Neutral
935,9,Monica,joy,Joy
935,10,Phoebe,joy,Joy
935,11,Monica,neutral,Neutral
935,12,The Croupier,joy,Neutral
935,13,Monica,neutral,Surprise
936,0,Rachel,neutral,Neutral
936,1,Phoebe,surprise,Neutral
936,2,Rachel,neutral,Neutral
936,3,Phoebe,surprise,Surprise
936,4,Rachel,neutral,Neutral
936,5,Rachel,neutral,Joy
936,6,Phoebe,fear,Fear
936,7,Rachel,fear,Neutral
936,8,Rachel,sadness,Neutral
936,9,Rachel,neutral,Neutral
936,10,Phoebe,sadness,Anger
936,11,Phoebe,sadness,Anger
936,12,Phoebe,sadness,Disgust
936,13,Rachel,surprise,Joy
936,14,Phoebe,sadness,Anger
936,15,Phoebe,sadness,Disgust
936,16,Phoebe,anger,Fear
936,17,Phoebe,anger,Sadness
936,18,Phoebe,sadness,Sadness
936,19,Phoebe,sadness,Sadness
936,20,Rachel,anger,Joy
936,21,Phoebe,joy,Anger
937,0,Ross,neutral,Neutral
937,1,Ross,neutral,Neutral
937,2,Ross,neutral,Neutral
937,3,Ross,neutral,Neutral
937,4,Ross,neutral,Neutral
937,5,Ross,neutral,Neutral
937,6,Ross,neutral,Neutral
938,0,Joey,neutral,Sadness
938,1,Joey,sadness,Sadness
938,2,Joey,sadness,Sadness
938,3,Joey,joy,Joy
938,4,Joey,joy,Joy
938,5,Joey,neutral,Neutral
938,6,Joey,neutral,Neutral
938,7,Joey,surprise,Neutral
938,8,Joey,surprise,Neutral
938,9,Joey,neutral,Neutral
939,0,Phoebe,anger,Neutral
939,1,Rachel,neutral,Neutral
939,2,Phoebe,neutral,Neutral
939,3,Rachel,fear,Surprise
939,4,Phoebe,surprise,Surprise
939,5,Rachel,joy,Neutral
939,6,Phoebe,surprise,Surprise
939,7,Phoebe,joy,Neutral
939,8,Phoebe,sadness,Joy
939,9,Rachel,sadness,Fear
939,10,Phoebe,neutral,Neutral
939,11,Rachel,sadness,Sadness
939,12,Phoebe,surprise,Surprise
939,13,Rachel,surprise,Surprise
939,14,Phoebe,joy,Neutral
939,15,Joey,neutral,Neutral
939,16,Ross,surprise,Neutral
939,17,Phoebe,joy,Neutral
939,18,Rachel,neutral,Neutral
939,19,Phoebe,neutral,Joy
939,20,Rachel,neutral,Neutral
940,0,Phoebe,sadness,Sadness
940,1,Ross,neutral,Surprise
940,2,Phoebe,joy,Disgust
940,3,Monica,neutral,Neutral
940,4,Phoebe,neutral,Neutral
940,5,Monica,neutral,Surprise
940,6,Phoebe,joy,Disgust
940,7,Ross,neutral,Anger
940,8,Phoebe,neutral,Neutral
941,0,Jeannine,neutral,Neutral
941,1,Julio,neutral,Neutral
941,2,Monica,surprise,Neutral
941,3,Julio,neutral,Neutral
941,4,Monica,neutral,Neutral
941,5,Julio,neutral,Neutral
941,6,Monica,neutral,Neutral
941,7,Julio,neutral,Neutral
941,8,Monica,neutral,Joy
941,9,Julio,neutral,Neutral
941,10,Monica,neutral,Neutral
941,11,Julio,neutral,Neutral
941,12,Monica,neutral,Surprise
941,13,Julio,joy,Joy
941,14,Monica,joy,Joy
942,0,The Conductor,neutral,Neutral
942,1,Ross,surprise,Surprise
942,2,Woman On Train,neutral,Joy
942,3,Ross,surprise,Surprise
942,4,Woman On Train,neutral,Neutral
942,5,Ross,surprise,Surprise
942,6,Woman On Train,neutral,Neutral
942,7,Ross,neutral,Surprise
942,8,Woman On Train,neutral,Neutral
943,0,Monica,neutral,Neutral
943,1,Monica,anger,Joy
943,2,Monica,neutral,Neutral
943,3,Ross,neutral,Neutral
943,4,Phoebe,surprise,Surprise
943,5,Monica,neutral,Neutral
944,0,Phoebe,neutral,Neutral
944,1,Joey,anger,Anger
945,0,Rachel,disgust,Anger
945,1,Monica,sadness,Sadness
945,2,Rachel,sadness,Sadness
945,3,Monica,joy,Neutral
945,4,Rachel,sadness,Sadness
945,5,Rachel,disgust,Anger
945,6,Rachel,anger,Anger
945,7,Guy,fear,Sadness
945,8,Rachel,anger,Anger
945,9,Guy,neutral,Neutral
945,10,Rachel,joy,Disgust
945,11,Rachel,joy,Anger
945,12,Guy,neutral,Neutral
945,13,Rachel,joy,Anger
945,14,Guy,neutral,Neutral
945,15,Rachel,neutral,Disgust
946,0,Phoebe,neutral,Neutral
946,1,Monica,surprise,Neutral
946,2,Phoebe,neutral,Neutral
946,3,Monica,surprise,Surprise
946,4,Monica,neutral,Neutral
946,5,Monica,neutral,Fear
946,6,Phoebe,joy,Joy
946,7,Monica,anger,Fear
946,8,Phoebe,joy,Joy
946,9,Monica,anger,Anger
946,10,Phoebe,neutral,Joy
946,11,Monica,anger,Anger
946,12,Phoebe,joy,Joy
946,13,Monica,anger,Anger
946,14,Phoebe,joy,Joy
946,15,Monica,joy,Joy
946,16,Phoebe,surprise,Surprise
947,0,Monica,neutral,Neutral
947,1,The Food Critic,surprise,Disgust
947,2,Monica,neutral,Anger
947,3,The Food Critic,joy,Disgust
947,4,Joey,anger,Anger
947,5,Monica,joy,Neutral
947,6,The Food Critic,disgust,Disgust
947,7,Joey,joy,Fear
947,8,The Cooking Teacher,neutral,Neutral
947,9,Monica,neutral,Joy
947,10,The Cooking Teacher,neutral,Neutral
947,11,Monica,neutral,Neutral
947,12,The Cooking Teacher,neutral,Joy
947,13,Monica,neutral,Neutral
947,14,The Cooking Teacher,neutral,Joy
947,15,Monica,joy,Joy
948,0,Phoebe,neutral,Joy
948,1,Phoebe,neutral,Joy
948,2,Phoebe,neutral,Joy
948,3,Phoebe,joy,Joy
948,4,Monica,surprise,Surprise
948,5,Phoebe,joy,Joy
948,6,Monica,joy,Anger
948,7,Phoebe,joy,Joy
948,8,Phoebe,joy,Joy
948,9,Phoebe,joy,Neutral
948,10,Monica,joy,Neutral
948,11,Phoebe,neutral,Neutral
948,12,Monica,neutral,Neutral
948,13,Phoebe,neutral,Neutral
948,14,Monica,neutral,Neutral
948,15,Phoebe,neutral,Neutral
949,0,Joey,sadness,Sadness
949,1,Rachel,neutral,Neutral
949,2,Joey,joy,Joy
949,3,Joey,joy,Joy
949,4,Waiter,neutral,Neutral
949,5,Joey,neutral,Joy
949,6,Rachel,sadness,Neutral
949,7,Joey,neutral,Joy
949,8,Rachel,neutral,Joy
949,9,Joey,neutral,Joy
949,10,Rachel,joy,Joy
949,11,Joey,neutral,Joy
949,12,Rachel,neutral,Joy
950,0,Chandler,surprise,Surprise
950,1,Monica,sadness,Sadness
950,2,Ross,anger,Sadness
950,3,Ross,disgust,Sadness
950,4,All,sadness,Neutral
950,5,Ross,anger,Sadness
950,6,Monica,joy,Joy
950,7,Ross,sadness,Neutral
950,8,Monica,joy,Joy
950,9,Rachel,joy,Joy
950,10,Joey,joy,Joy
950,11,Ross,joy,Joy
950,12,Ross,joy,Joy
950,13,Ross,joy,Joy
950,14,Ross,joy,Joy
950,15,Ross,joy,Joy
950,16,Monica,neutral,Neutral
950,17,Chandler,neutral,Neutral
951,0,Ross,anger,Anger
951,1,Chandler,surprise,Surprise
952,0,Joey,neutral,Joy
952,1,Ross,neutral,Joy
952,2,Joey,joy,Surprise
952,3,The Interviewer,neutral,Neutral
952,4,Joey,neutral,Joy
952,5,Phoebe,disgust,Disgust
952,6,Joey,neutral,Joy
953,0,Phoebe,neutral,Neutral
953,1,Mike,neutral,Neutral
953,2,Phoebe,neutral,Neutral
953,3,Mike,neutral,Neutral
953,4,Phoebe,surprise,Surprise
953,5,Mike,neutral,Neutral
953,6,Phoebe,anger,Anger
953,7,Phoebe,sadness,Neutral
953,8,Mike,neutral,Neutral
953,9,Phoebe,neutral,Neutral
953,10,Phoebe,fear,Neutral
953,11,Phoebe,sadness,Neutral
953,12,Phoebe,anger,Neutral
953,13,Phoebe,neutral,Neutral
953,14,Phoebe,surprise,Surprise
953,15,Phoebe,surprise,Surprise
953,16,Phoebe,surprise,Surprise
953,17,Mike,neutral,Neutral
953,18,Phoebe,neutral,Neutral
953,19,Mike,neutral,Neutral
953,20,Phoebe,sadness,Sadness
953,21,Mike,neutral,Neutral
953,22,Phoebe,neutral,Sadness
954,0,Joey,joy,Joy
954,1,Carol,neutral,Neutral
954,2,Joey,neutral,Neutral
954,3,Carol,neutral,Neutral
954,4,Joey,sadness,Neutral
954,5,Ross,surprise,Anger
955,0,Monica,surprise,Neutral
955,1,Rachel,anger,Anger
955,2,Rachel,anger,Anger
955,3,Rachel,anger,Anger
955,4,Rachel,neutral,Neutral
955,5,Monica,anger,Neutral
955,6,Rachel,anger,Anger
956,0,Danny,surprise,Surprise
956,1,Rachel,neutral,Neutral
956,2,Danny,surprise,Surprise
956,3,Rachel,neutral,Disgust
956,4,Danny,anger,Anger
956,5,Danny,neutral,Neutral
956,6,Rachel,neutral,Neutral
956,7,Danny,neutral,Neutral
956,8,Rachel,neutral,Neutral
956,9,Danny,neutral,Neutral
956,10,Danny,neutral,Neutral
956,11,Danny,neutral,Neutral
956,12,Danny,neutral,Anger
956,13,Rachel,neutral,Neutral
956,14,Krista,neutral,Anger
956,15,Danny,surprise,Surprise
956,16,Rachel,neutral,Neutral
957,0,Ross,sadness,Sadness
957,1,Rachel,sadness,Sadness
958,0,Ross,sadness,Neutral
959,0,Ross,neutral,Neutral
959,1,Ross,sadness,Neutral
959,2,Ross,neutral,Neutral
959,3,Rachel,neutral,Neutral
959,4,Ross,joy,Joy
959,5,Rachel,neutral,Neutral
959,6,Rachel,neutral,Neutral
959,7,Ross,neutral,Surprise
959,8,Rachel,neutral,Neutral
959,9,Ross,joy,Neutral
960,0,Monica,anger,Disgust
960,1,Allesandro,neutral,Neutral
960,2,Monica,neutral,Neutral
960,3,Monica,disgust,Neutral
960,4,Monica,disgust,Disgust
960,5,Monica,disgust,Disgust
960,6,Allesandro,anger,Anger
960,7,Monica,surprise,Anger
960,8,Allesandro,neutral,Neutral
960,9,Monica,anger,Anger
960,10,Allesandro,neutral,Anger
961,0,Phoebe,neutral,Neutral
961,1,Phoebe,anger,Neutral
961,2,Ross,neutral,Neutral
961,3,Phoebe,anger,Anger
961,4,Ross,anger,Anger
961,5,Phoebe,surprise,Surprise
961,6,Ross,sadness,Anger
961,7,Joey,neutral,Joy
961,8,Ross,sadness,Neutral
961,9,Joey,surprise,Surprise
961,10,Ross,sadness,Sadness
961,11,Joey,neutral,Neutral
961,12,Ross,neutral,Neutral
961,13,Joey,neutral,Neutral
961,14,Ross,surprise,Sadness
962,0,Chandler,joy,Joy
962,1,Monica,neutral,Joy
962,2,Monica,joy,Surprise
962,3,Monica,joy,Joy
962,4,Monica,joy,Joy
962,5,Chandler,neutral,Joy
963,0,Chandler,anger,Anger
963,1,Ross,surprise,Surprise
963,2,Ross,anger,Surprise
963,3,Ross,anger,Sadness
963,4,Ross,anger,Anger
963,5,Ross,neutral,Anger
963,6,Ross,anger,Anger
963,7,Chandler,neutral,Neutral
963,8,Ross,anger,Anger
963,9,Chandler,disgust,Anger
964,0,Ross,neutral,Neutral
964,1,Rachel,joy,Neutral
964,2,Ross,joy,Neutral
964,3,Ross,neutral,Neutral
964,4,Ross,surprise,Surprise
964,5,Rachel,neutral,Surprise
964,6,Ross,surprise,Surprise
964,7,Rachel,sadness,Disgust
964,8,Rachel,sadness,Anger
964,9,Rachel,anger,Anger
964,10,Rachel,sadness,Sadness
964,11,Rachel,disgust,Disgust
964,12,Rachel,sadness,Neutral
964,13,Rachel,neutral,Neutral
964,14,Ross,neutral,Neutral
964,15,Rachel,sadness,Neutral
964,16,Ross,sadness,Sadness
964,17,Rachel,neutral,Anger
965,0,Monica,fear,Anger
965,1,Rachel,neutral,Neutral
965,2,Chip,joy,Neutral
965,3,Rachel,joy,Joy
965,4,Chip,neutral,Neutral
965,5,Rachel,neutral,Neutral
965,6,Chip,surprise,Surprise
966,0,Ross,joy,Joy
966,1,Phoebe,surprise,Disgust
966,2,Rachel,neutral,Neutral
966,3,Phoebe,surprise,Surprise
966,4,Phoebe,surprise,Neutral
966,5,Phoebe,surprise,Neutral
966,6,Rachel,neutral,Neutral
966,7,Phoebe,neutral,Neutral
967,0,Joey,surprise,Surprise
967,1,Rachel,surprise,Surprise
967,2,Rachel,surprise,Surprise
967,3,Rachel,surprise,Joy
967,4,Rachel,joy,Neutral
967,5,Joey,neutral,Neutral
967,6,Rachel,joy,Joy
967,7,Joey,joy,Joy
967,8,Rachel,surprise,Anger
967,9,Joey,surprise,Surprise
968,0,Chandler,neutral,Neutral
968,1,Ross,surprise,Surprise
968,2,Joey,sadness,Joy
968,3,Chandler,surprise,Surprise
968,4,Ross,surprise,Joy
968,5,Chandler,neutral,Neutral
968,6,Ross,neutral,Surprise
968,7,Joey,joy,Neutral
969,0,Ross,anger,Joy
969,1,Ross,neutral,Neutral
969,2,Ross,neutral,Neutral
969,3,Joey,joy,Joy
969,4,Gunther,neutral,Neutral
969,5,Joey,joy,Joy
969,6,Joey,neutral,Neutral
970,0,Joey,neutral,Neutral
971,0,Joey,neutral,Neutral
971,1,Ross,sadness,Surprise
971,2,Joey,anger,Neutral
972,0,Ross,neutral,Neutral
972,1,Cassie,neutral,Neutral
972,2,Ross,joy,Joy
972,3,Cassie,neutral,Neutral
972,4,Ross,neutral,Neutral
972,5,Ross,neutral,Neutral
972,6,Ross,joy,Joy
972,7,Ross,sadness,Neutral
972,8,Cassie,joy,Neutral
972,9,Ross,joy,Disgust
972,10,Cassie,surprise,Surprise
972,11,Ross,neutral,Disgust
973,0,Phoebe,neutral,Neutral
973,1,Phoebe,neutral,Neutral
973,2,Phoebe,neutral,Neutral
973,3,Phoebe,neutral,Neutral
973,4,Monica,joy,Neutral
973,5,Phoebe,anger,Anger
973,6,Monica,sadness,Neutral
973,7,Phoebe,neutral,Neutral
973,8,Phoebe,neutral,Neutral
973,9,Monica,neutral,Neutral
973,10,Phoebe,neutral,Neutral
973,11,Monica,sadness,Sadness
973,12,Phoebe,joy,Neutral
973,13,Monica,sadness,Sadness
973,14,Phoebe,neutral,Neutral
973,15,Phoebe,neutral,Neutral
973,16,Phoebe,joy,Neutral
973,17,Phoebe,neutral,Neutral
973,18,Monica,disgust,Anger
974,0,Ross,neutral,Joy
974,1,Julie,neutral,Surprise
975,0,Rachel,neutral,Neutral
975,1,Rachel,neutral,Neutral
975,2,Ross,neutral,Neutral
975,3,Rachel,joy,Anger
975,4,Ross,neutral,Surprise
975,5,Rachel,neutral,Anger
975,6,Ross,neutral,Neutral
976,0,Phoebe,joy,Joy
976,1,Rachel,neutral,Neutral
976,2,Terry,neutral,Neutral
976,3,Rachel,neutral,Neutral
976,4,Terry,neutral,Neutral
976,5,Terry,neutral,Neutral
976,6,Terry,neutral,Neutral
976,7,Terry,neutral,Neutral
976,8,Rachel,surprise,Surprise
976,9,Terry,disgust,Disgust
976,10,Rachel,sadness,Anger
976,11,Terry,neutral,Neutral
976,12,Rachel,fear,Sadness
977,0,Ross,sadness,Neutral
977,1,Rachel,neutral,Neutral
977,2,Ross,surprise,Neutral
977,3,Rachel,anger,Anger
977,4,Rachel,anger,Anger
977,5,Ross,joy,Neutral
977,6,Rachel,anger,Anger
977,7,Rachel,neutral,Neutral
977,8,Rachel,neutral,Neutral
977,9,Ross,neutral,Joy
977,10,Rachel,sadness,Anger
977,11,Ross,surprise,Neutral
977,12,Ross,surprise,Neutral
977,13,Rachel,joy,Anger
977,14,Chandler,neutral,Joy
978,0,Chandler,surprise,Surprise
978,1,Rachel,joy,Neutral
978,2,Rachel,neutral,Sadness
978,3,Rachel,joy,Sadness
978,4,Friend No. 2,joy,Surprise
978,5,Rachel,neutral,Neutral
978,6,Friend No. 2,surprise,Surprise
978,7,Rachel,neutral,Neutral
978,8,Friend No. 1,surprise,Anger
978,9,Rachel,neutral,Neutral
978,10,Her-Friends,joy,Sadness
979,0,Phoebe,surprise,Surprise
979,1,Joey,joy,Surprise
979,2,Chandler,joy,Anger
979,3,Phoebe,surprise,Disgust
979,4,Joey,joy,Surprise
979,5,Monica,neutral,Neutral
979,6,Chandler,neutral,Neutral
980,0,Ross,neutral,Neutral
980,1,Ross,neutral,Neutral
980,2,Ross,neutral,Neutral
980,3,Ross,sadness,Sadness
980,4,Ross,disgust,Anger
980,5,Ross,anger,Anger
980,6,Chandler,neutral,Neutral
980,7,Ross,neutral,Anger
980,8,Ross,neutral,Disgust
980,9,Ross,neutral,Neutral
980,10,Chandler,fear,Neutral
980,11,Ross,sadness,Anger
981,0,Chandler,neutral,Neutral
981,1,Ross,sadness,Neutral
981,2,Rachel,surprise,Surprise
981,3,Ross,sadness,Neutral
981,4,Rachel,surprise,Surprise
982,0,Joey,neutral,Neutral
982,1,Chandler,neutral,Neutral
982,2,Joey,neutral,Neutral
982,3,Chandler,joy,Joy
982,4,Joey,surprise,Surprise
982,5,Chandler,neutral,Joy
982,6,Joey,neutral,Neutral
982,7,Chandler,surprise,Surprise
982,8,Joey,neutral,Neutral
982,9,Chandler,surprise,Surprise
982,10,Joey,joy,Joy
983,0,Rachel,surprise,Surprise
983,1,Joey,neutral,Neutral
983,2,Rachel,anger,Anger
983,3,Joey,sadness,Sadness
983,4,Rachel,sadness,Fear
983,5,Joey,anger,Anger
983,6,Rachel,sadness,Disgust
983,7,Joey,anger,Anger
984,0,Phoebe,joy,Neutral
984,1,Joey,neutral,Neutral
984,2,Phoebe,neutral,Neutral
984,3,Joey,neutral,Neutral
984,4,Phoebe,neutral,Surprise
984,5,Joey,joy,Joy
985,0,Joey,sadness,Sadness
985,1,Estelle,neutral,Neutral
985,2,Joey,surprise,Neutral
985,3,Estelle,sadness,Neutral
985,4,Joey,anger,Anger
986,0,Phoebe,surprise,Surprise
986,1,Phoebe,surprise,Surprise
986,2,Rachel,joy,Joy
986,3,Phoebe,surprise,Surprise
986,4,Phoebe,joy,Joy
986,5,Phoebe,neutral,Neutral
986,6,Phoebe,neutral,Disgust
986,7,Joey,neutral,Neutral
986,8,Rachel,neutral,Joy
986,9,Rachel,neutral,Joy
986,10,Joey,neutral,Neutral
986,11,Rachel,neutral,Anger
986,12,Phoebe,surprise,Neutral
986,13,Joey,neutral,Neutral
986,14,Joey,neutral,Neutral
986,15,Joey,neutral,Neutral
986,16,Joey,joy,Joy
987,0,Chandler,neutral,Disgust
988,0,Phoebe,neutral,Neutral
988,1,Rachel,surprise,Fear
988,2,Phoebe,surprise,Neutral
988,3,Phoebe,sadness,Sadness
988,4,Phoebe,sadness,Fear
988,5,Rachel,neutral,Sadness
988,6,Joey,sadness,Sadness
988,7,Ross,neutral,Neutral
989,0,Rachel,surprise,Joy
989,1,Chandler,neutral,Neutral
989,2,Rachel,sadness,Joy
989,3,Chandler,fear,Neutral
989,4,Rachel,fear,Joy
989,5,Chandler,neutral,Joy
989,6,Rachel,neutral,Joy
989,7,Chandler,neutral,Neutral
989,8,Rachel,fear,Neutral
989,9,Chandler,surprise,Neutral
989,10,Rachel,fear,Fear
989,11,Chandler,fear,Fear
990,0,Chandler,neutral,Neutral
990,1,Joey,neutral,Neutral
990,2,Chandler,neutral,Neutral
990,3,Joey,neutral,Neutral
990,4,Chandler,neutral,Joy
990,5,Joey,neutral,Neutral
990,6,Joey,sadness,Neutral
990,7,Joey,neutral,Sadness
990,8,Chandler,neutral,Neutral
990,9,Chandler,neutral,Neutral
990,10,Chandler,neutral,Neutral
990,11,Joey,neutral,Neutral
990,12,Chandler,neutral,Neutral
990,13,Chandler,neutral,Joy
990,14,Chandler,neutral,Joy
990,15,Chandler,neutral,Joy
990,16,Joey,joy,Surprise
990,17,Chandler,neutral,Joy
990,18,Joey,neutral,Joy
990,19,Chandler,anger,Joy
991,0,Joey,neutral,Neutral
991,1,The Cooking Teacher,neutral,Neutral
991,2,Joey,neutral,Joy
991,3,The Cooking Teacher,neutral,Neutral
991,4,Joey,neutral,Joy
991,5,The Cooking Teacher,neutral,Neutral
991,6,Joey,neutral,Neutral
991,7,The Cooking Teacher,surprise,Joy
991,8,Monica,surprise,Fear
991,9,Monica,neutral,Sadness
991,10,Monica,neutral,Sadness
991,11,The Cooking Teacher,joy,Joy
991,12,Monica,neutral,Neutral
991,13,The Cooking Teacher,joy,Joy
991,14,Monica,joy,Neutral
992,0,All,neutral,Neutral
992,1,Phoebe,neutral,Neutral
992,2,Monica,neutral,Neutral
992,3,Phoebe,joy,Joy
992,4,Phoebe,neutral,Neutral
992,5,Monica,neutral,Disgust
992,6,Ross,neutral,Disgust
992,7,Chandler,neutral,Disgust
992,8,Rachel,disgust,Disgust
992,9,All,disgust,Disgust
992,10,Ross,sadness,Neutral
992,11,Phoebe,neutral,Neutral
992,12,Phoebe,neutral,Neutral
992,13,Phoebe,neutral,Neutral
992,14,All,disgust,Disgust
992,15,Rachel,sadness,Neutral
993,0,Ross,joy,Neutral
993,1,Joey,joy,Neutral
993,2,Ross,neutral,Neutral
993,3,Joey,neutral,Neutral
994,0,Chandler,fear,Neutral
994,1,Joey,neutral,Neutral
994,2,Chandler,sadness,Neutral
994,3,Joey,anger,Surprise
994,4,Joey,neutral,Neutral
994,5,Joey,neutral,Neutral
994,6,Joey,anger,Surprise
995,0,Chandler,anger,Disgust
995,1,Ross,neutral,Anger
996,0,Ross,surprise,Surprise
996,1,Emily,neutral,Neutral
996,2,Ross,joy,Surprise
996,3,Ross,anger,Anger
996,4,Ross,anger,Anger
996,5,Ross,neutral,Anger
996,6,Emily,sadness,Neutral
996,7,Ross,anger,Anger
996,8,Emily,anger,Anger
996,9,Emily,anger,Anger
996,10,Emily,anger,Anger
996,11,Emily,anger,Neutral
996,12,Ross,neutral,Anger
996,13,Emily,anger,Neutral
996,14,Ross,neutral,Anger
996,15,Emily,anger,Neutral
996,16,Ross,anger,Anger
996,17,Emily,anger,Neutral
996,18,Emily,anger,Anger
996,19,Emily,anger,Anger
996,20,Ross,sadness,Fear
997,0,Monica,neutral,Neutral
997,1,Chandler,neutral,Neutral
997,2,Monica,joy,Surprise
997,3,Chandler,anger,Anger
997,4,The Museum Official,neutral,Neutral
997,5,Monica,surprise,Fear
997,6,The Museum Official,neutral,Neutral
997,7,Monica,fear,Fear
997,8,Chandler,surprise,Surprise
997,9,Monica,anger,Fear
998,0,Joey,surprise,Surprise
998,1,Mrs. Tribbiani,neutral,Neutral
998,2,Joey,surprise,Surprise
999,0,Susan,neutral,Neutral
999,1,Ross,neutral,Neutral
999,2,Susan,neutral,Neutral
999,3,Ross,surprise,Surprise
999,4,Susan,neutral,Disgust
1000,0,Monica,disgust,Disgust
1000,1,Rachel,disgust,Disgust
1000,2,Chandler,anger,Disgust
1000,3,Joey,neutral,Joy
1001,0,Rachel,neutral,Neutral
1001,1,Monica,neutral,Neutral
1001,2,Monica,neutral,Neutral
1001,3,Monica,joy,Joy
1001,4,Joey,sadness,Joy
1001,5,Monica,joy,Joy
1001,6,Monica,joy,Joy
1001,7,Monica,joy,Joy
1001,8,Monica,neutral,Joy
1001,9,Joey,neutral,Joy
1001,10,Rachel,joy,Joy
1001,11,Joey,neutral,Joy
1002,0,Chandler,neutral,Neutral
1002,1,Ross,joy,Joy
1002,2,Chandler,joy,Joy
1002,3,Monica,neutral,Disgust
1002,4,Joey,joy,Joy
1002,5,Monica,joy,Joy
1003,0,Monica,neutral,Neutral
1003,1,Joey,neutral,Neutral
1003,2,Monica,neutral,Neutral
1003,3,Monica,neutral,Neutral
1003,4,Monica,neutral,Joy
1003,5,Monica,neutral,Neutral
1003,6,Joey,joy,Joy
1003,7,Monica,surprise,Surprise
1004,0,Ross,neutral,Neutral
1004,1,Rachel,joy,Joy
1004,2,Paul,neutral,Neutral
1005,0,Larry,neutral,Neutral
1005,1,Phoebe,joy,Joy
1005,2,Larry,joy,Joy
1005,3,Phoebe,neutral,Joy
1005,4,Larry,neutral,Neutral
1005,5,Phoebe,neutral,Neutral
1005,6,Larry,disgust,Disgust
1005,7,Phoebe,neutral,Neutral
1005,8,Phoebe,neutral,Neutral
1005,9,Phoebe,neutral,Neutral
1005,10,Phoebe,joy,Neutral
1005,11,Larry,anger,Anger
1005,12,Gunther,neutral,Neutral
1005,13,Larry,disgust,Anger
1005,14,Phoebe,anger,Anger
1005,15,Phoebe,neutral,Anger
1005,16,Phoebe,anger,Anger
1005,17,Larry,neutral,Neutral
1005,18,Phoebe,joy,Joy
1005,19,Phoebe,neutral,Neutral
1005,20,Phoebe,anger,Neutral
1005,21,Phoebe,disgust,Joy
1006,0,Rachel,sadness,Anger
1006,1,Phoebe,joy,Neutral
1006,2,Rachel,sadness,Sadness
1006,3,Phoebe,neutral,Disgust
1006,4,Joey,neutral,Neutral
1006,5,Phoebe,neutral,Disgust
1007,0,Chandler,neutral,Neutral
1007,1,Ross,sadness,Sadness
1007,2,Ross,sadness,Disgust
1007,3,Ross,anger,Disgust
1007,4,Chandler,joy,Neutral
1007,5,Rachel,sadness,Sadness
1007,6,Ross,sadness,Neutral
1007,7,Ross,sadness,Sadness
1007,8,Phoebe,sadness,Sadness
1007,9,Chandler,neutral,Neutral
1007,10,Rachel,anger,Anger
1007,11,Rachel,anger,Sadness
1007,12,Rachel,sadness,Sadness
1007,13,Rachel,sadness,Sadness
1007,14,Rachel,sadness,Surprise
1007,15,Ross,neutral,Neutral
1008,0,Fireman No. 1,surprise,Neutral
1008,1,Fireman No. 2,surprise,Neutral
1008,2,Monica,joy,Neutral
1008,3,Fireman No. 3,neutral,Neutral
1008,4,Fireman No. 3,neutral,Neutral
1008,5,Fireman No. 3,neutral,Neutral
1008,6,Fireman No. 3,neutral,Neutral
1008,7,Fireman No. 1,neutral,Neutral
1008,8,Rachel,surprise,Surprise
1008,9,Fireman No. 2,neutral,Neutral
0,0,Chandler,neutral,Neutral
0,1,The Interviewer,neutral,Neutral
0,2,Chandler,neutral,Neutral
0,3,The Interviewer,neutral,Neutral
0,4,Chandler,surprise,Neutral
0,5,The Interviewer,neutral,Neutral
0,6,Chandler,neutral,Neutral
0,7,The Interviewer,neutral,Neutral
0,8,Chandler,neutral,Neutral
0,9,The Interviewer,neutral,Neutral
0,10,Chandler,fear,Fear
0,11,The Interviewer,neutral,Neutral
0,12,Chandler,surprise,Surprise
0,13,The Interviewer,neutral,Neutral
1,0,Joey,surprise,Neutral
1,1,Rachel,sadness,Anger
1,2,Joey,surprise,Anger
1,3,Rachel,fear,Neutral
1,4,Joey,neutral,Neutral
1,5,Joey,neutral,Neutral
1,8,Rachel,neutral,Neutral
2,0,Chandler,neutral,Neutral
2,1,Monica,neutral,Sadness
2,2,Chandler,joy,Neutral
2,3,Monica,sadness,Sadness
2,4,Chandler,surprise,Surprise
2,5,Monica,neutral,Neutral
2,6,Chandler,disgust,Sadness
2,7,Monica,sadness,Sadness
2,8,Chandler,neutral,Neutral
2,9,Monica,neutral,Neutral
2,10,Chandler,joy,Joy
2,11,Monica,neutral,Neutral
2,12,Chandler,joy,Disgust
3,0,Phoebe,surprise,Sadness
3,1,Chandler,surprise,Surprise
3,2,Phoebe,surprise,Surprise
3,3,Phoebe,neutral,Surprise
3,4,Phoebe,neutral,Neutral
3,5,Phoebe,neutral,Neutral
3,6,Phoebe,surprise,Sadness
3,8,Phoebe,sadness,Sadness
3,9,Joey,neutral,Neutral
4,0,Rachel,surprise,Surprise
4,1,Ross,joy,Neutral
4,2,Rachel,surprise,Surprise
4,3,Ross,neutral,Neutral
4,4,Rachel,neutral,Neutral
4,5,Ross,neutral,Neutral
4,6,Rachel,neutral,Neutral
4,7,Ross,neutral,Neutral
4,8,Rachel,joy,Joy
4,9,Ross,joy,Joy
4,10,Rachel,joy,Joy
4,11,Ross,sadness,Sadness
4,12,Rachel,neutral,Neutral
4,13,Ross,neutral,Neutral
4,14,Rachel,neutral,Neutral
5,0,Phoebe,neutral,Joy
5,1,Joey,neutral,Joy
5,2,Phoebe,neutral,Joy
5,3,Sergei,surprise,Surprise
6,0,Chandler,joy,Joy
6,1,Joey,surprise,Surprise
6,2,Chandler,joy,Joy
6,3,Joey,neutral,Neutral
6,4,Chandler,neutral,Neutral
6,5,Joey,anger,Neutral
6,6,Chandler,joy,Neutral
6,7,Joey,neutral,Neutral
6,8,Chandler,surprise,Surprise
6,9,Joey,anger,Anger
6,10,Joey,anger,Anger
6,11,Joey,anger,Sadness
6,12,Joey,neutral,Anger
6,13,Joey,neutral,Anger
6,14,Chandler,sadness,Sadness
6,15,Chandler,sadness,Sadness
6,16,Chandler,sadness,Sadness
6,17,Chandler,surprise,Fear
6,18,Chandler,anger,Fear
6,19,Chandler,anger,Fear
6,20,Chandler,anger,Fear
6,21,Chandler,anger,Fear
7,0,Joey,neutral,Neutral
7,1,Ross,anger,Surprise
8,0,Phoebe,neutral,Neutral
8,1,Phoebe,neutral,Neutral
8,2,Chandler,neutral,Anger
8,3,Customer,neutral,Neutral
8,4,Chandler,joy,Joy
8,5,Customer,neutral,Neutral
8,6,Chandler,joy,Joy
9,0,Chandler,neutral,Neutral
9,1,Jade,neutral,Neutral
9,2,Jade,neutral,Joy
9,3,Chandler,joy,Joy
9,4,Ross,neutral,Neutral
9,5,Chandler,neutral,Neutral
9,6,Jade,neutral,Neutral
9,7,Chandler,neutral,Neutral
9,8,Jade,neutral,Neutral
9,9,Chandler,joy,Joy
9,10,Ross,neutral,Neutral
9,11,Chandler,neutral,Joy
9,12,Ross,disgust,Surprise
9,13,Chandler,anger,Neutral
10,0,Phoebe,anger,Anger
10,1,Phoebe,anger,Anger
10,2,Phoebe,anger,Disgust
10,3,Phoebe,anger,Disgust
10,4,Phoebe,anger,Anger
10,5,Monica,neutral,Neutral
11,0,Ross,neutral,Neutral
11,1,Monica,anger,Anger
11,2,Ross,neutral,Neutral
11,3,Chandler,joy,Joy
11,4,Phoebe,neutral,Neutral
11,5,Phoebe,neutral,Neutral
11,6,Ross,joy,Neutral
11,7,Joey,joy,Neutral
11,8,Joey,joy,Joy
11,9,Phoebe,joy,Neutral
12,0,Chandler,neutral,Neutral
12,1,Joey,joy,Joy
12,2,Chandler,disgust,Surprise
12,3,Joey,surprise,Surprise
12,4,Chandler,disgust,Neutral
12,5,Joey,neutral,Neutral
12,6,Joey,fear,Sadness
12,7,Joey,neutral,Neutral
12,8,Chandler,surprise,Fear
12,9,Joey,fear,Anger
12,10,Chandler,disgust,Neutral
12,11,Joey,anger,Anger
13,0,Mona,joy,Joy
13,1,Ross,neutral,Neutral
13,2,Mona,surprise,Surprise
13,3,Ross,neutral,Joy
14,0,Ross,neutral,Joy
14,1,Mona,neutral,Neutral
14,2,Ross,neutral,Joy
14,3,Mona,surprise,Surprise
14,4,Ross,neutral,Neutral
14,5,Mona,neutral,Fear
15,0,Ross,anger,Anger
15,1,Charlie,neutral,Neutral
15,2,Ross,neutral,Neutral
15,3,Charlie,sadness,Sadness
15,4,Ross,surprise,Surprise
15,5,Charlie,sadness,Disgust
15,6,Ross,anger,Anger
15,7,Charlie,sadness,Sadness
15,8,Ross,neutral,Neutral
15,9,Charlie,sadness,Sadness
15,10,Charlie,neutral,Neutral
15,11,Charlie,neutral,Neutral
15,12,Paleontologist,neutral,Fear
15,13,Ross,neutral,Anger
15,14,Charlie,neutral,Joy
15,15,Professore Clerk,joy,Fear
15,16,Ross,anger,Anger
15,17,Ross,anger,Anger
15,18,Ross,anger,Disgust
15,19,Ross,neutral,Disgust
15,20,Ross,anger,Disgust
15,21,Ross,joy,Joy
15,22,Ross,joy,Joy
16,0,Ross,joy,Joy
16,1,Rachel,joy,Anger
16,2,Phoebe,disgust,Surprise
16,3,Monica,surprise,Surprise
16,4,Phoebe,neutral,Neutral
16,5,Ross,neutral,Joy
17,0,Joey,anger,Anger
17,1,Joey,joy,Joy
17,2,Chandler,neutral,Joy
17,3,Monica,neutral,Neutral
17,4,Rachel,fear,Fear
17,5,Monica,neutral,Surprise
17,6,Rachel,fear,Fear
17,7,Caitlin,joy,Neutral
17,8,Ross,joy,Joy
17,9,Caitlin,joy,Neutral
17,10,Ross,joy,Neutral
18,0,Ross,neutral,Neutral
18,1,Joey,neutral,Neutral
18,2,Ross,neutral,Neutral
18,3,Joey,joy,Joy
18,4,Ross,neutral,Neutral
18,5,Joey,joy,Neutral
18,6,Joey,fear,Surprise
18,7,Ross,neutral,Surprise
18,8,Joey,sadness,Anger
18,9,Joey,surprise,Joy
18,10,Ross,fear,Neutral
19,0,Joey,neutral,Neutral
19,1,Phoebe,neutral,Joy
20,0,Rachel,neutral,Neutral
20,1,Joey,joy,Joy
20,2,Phoebe,joy,Joy
20,3,Joey,joy,Joy
20,4,Joey,joy,Joy
20,5,Joey,joy,Joy
20,6,Joey,joy,Joy
20,7,Joey,joy,Joy
20,8,Joey,neutral,Neutral
20,9,Joey,neutral,Neutral
20,10,Phoebe,neutral,Surprise
20,11,Joey,neutral,Joy
20,12,Joey,joy,Joy
20,13,Joey,joy,Joy
20,14,Joey,joy,Joy
20,15,Rachel,surprise,Surprise
20,16,Joey,neutral,Neutral
21,0,Monica,surprise,Surprise
21,1,Ross,neutral,Neutral
21,2,Monica,joy,Neutral
21,3,Phoebe,surprise,Surprise
21,4,Ross,neutral,Neutral
21,5,Monica,surprise,Neutral
21,6,Phoebe,anger,Sadness
21,7,Ross,neutral,Neutral
21,8,Phoebe,disgust,Neutral
21,9,Phoebe,neutral,Neutral
21,10,Phoebe,neutral,Neutral
21,11,Phoebe,disgust,Anger
21,12,Monica,neutral,Neutral
21,13,Phoebe,joy,Neutral
22,0,Joey,disgust,Disgust
22,1,Nurse,neutral,Neutral
22,2,Joey,surprise,Neutral
22,3,Nurse,neutral,Neutral
23,0,Monica,surprise,Fear
23,1,Chandler,anger,Anger
23,2,Phoebe,surprise,Surprise
23,3,Rachel,joy,Surprise
23,4,Monica,neutral,Neutral
23,5,Ross,neutral,Neutral
23,6,Rachel,neutral,Neutral
23,7,Monica,neutral,Neutral
23,8,Chandler,surprise,Joy
24,0,Rachel,neutral,Anger
24,1,Rachel,neutral,Anger
24,2,Rachel,neutral,Anger
24,3,Ross,joy,Joy
24,4,Rachel,surprise,Surprise
24,5,Ross,neutral,Neutral
24,6,Ross,neutral,Joy
24,7,Rachel,joy,Joy
24,8,Ross,fear,Fear
25,0,Mr. Treeger,joy,Joy
25,1,Joey,joy,Joy
25,2,Mr. Treeger,joy,Neutral
25,3,Joey,joy,Neutral
25,4,Mr. Treeger,neutral,Neutral
25,5,Joey,neutral,Neutral
25,6,Mr. Treeger,neutral,Neutral
25,7,Joey,neutral,Neutral
25,8,Mr. Treeger,neutral,Neutral
25,9,Joey,neutral,Joy
25,10,Mr. Treeger,neutral,Neutral
25,11,Joey,surprise,Surprise
25,12,Mr. Treeger,neutral,Neutral
25,13,Joey,neutral,Neutral
26,0,Ross,surprise,Fear
26,1,Joey,neutral,Neutral
26,2,Carol,surprise,Neutral
26,3,Joey,neutral,Neutral
26,4,The Casting Director,neutral,Neutral
26,5,Ross,joy,Joy
26,6,Joey,joy,Joy
26,7,Ross,joy,Joy
26,8,The Casting Director,neutral,Neutral
26,9,The Casting Director,neutral,Neutral
26,10,The Casting Director,neutral,Neutral
26,11,Joey,sadness,Neutral
26,12,Ross,neutral,Neutral
26,13,Ross,neutral,Neutral
27,0,Monica,sadness,Neutral
27,1,Chandler,joy,Joy
28,0,Ross,anger,Surprise
28,1,Ross,anger,Surprise
28,2,Ross,anger,Joy
28,3,Ross,joy,Joy
28,4,Emily,fear,Neutral
28,5,Ross,joy,Joy
28,6,Emily,fear,Sadness
28,7,Ross,sadness,Sadness
29,0,Monica,surprise,Surprise
29,1,Chandler,joy,Joy
29,2,Monica,neutral,Neutral
29,3,Chandler,joy,Joy
29,4,Monica,surprise,Surprise
29,6,Monica,anger,Anger
29,7,Monica,anger,Anger
29,8,Monica,anger,Anger
29,9,Chandler,neutral,Neutral
29,10,Monica,anger,Anger
29,11,Monica,anger,Fear
29,12,Chandler,surprise,Neutral
29,13,Ross,neutral,Sadness
30,0,Elizabeth,neutral,Neutral
30,1,Ross,joy,Neutral
30,2,Paul,neutral,Neutral
30,3,Ross,neutral,Neutral
30,4,Paul,anger,Anger
30,5,Ross,surprise,Surprise
30,6,Paul,anger,Anger
30,7,Ross,fear,Neutral
30,8,Paul,neutral,Neutral
30,9,Ross,neutral,Neutral
30,10,Ross,neutral,Neutral
30,11,Ross,fear,Neutral
30,12,Paul,neutral,Neutral
30,13,Ross,neutral,Surprise
30,14,Paul,anger,Neutral
30,15,Elizabeth,surprise,Anger
31,0,Joey,neutral,Neutral
31,1,The Dry Cleaner,neutral,Neutral
31,2,Joey,neutral,Neutral
31,3,Phoebe,neutral,Joy
32,0,Joey and Chandler,surprise,Surprise
32,1,Phoebe,neutral,Neutral
32,2,Monica,surprise,Neutral
32,3,Phoebe,neutral,Joy
32,4,Rachel,surprise,Neutral
32,5,Phoebe,neutral,Neutral
32,6,Monica,surprise,Surprise
32,7,Ross,surprise,Neutral
32,8,Ross,neutral,Neutral
32,9,Chandler,surprise,Neutral
32,10,Ross,joy,Anger
32,11,Ross,joy,Anger
32,12,Ross,anger,Anger
32,13,Ross,anger,Neutral
32,14,Ross,anger,Neutral
32,15,Chandler,neutral,Neutral
32,16,Joey,neutral,Joy
32,17,Phoebe,fear,Fear
32,18,Ross,neutral,Neutral
33,0,Chandler,fear,Joy
33,1,Joey,joy,Joy
33,2,Ross,neutral,Neutral
33,3,Chandler,neutral,Neutral
33,4,Phoebe,surprise,Surprise
33,5,Chandler,neutral,Neutral
33,6,Ross,neutral,Neutral
33,7,Monica,neutral,Neutral
33,8,Chandler,joy,Joy
33,9,Monica,joy,Surprise
33,10,Rachel,neutral,Joy
34,0,Rachel,neutral,Neutral
34,1,Rachel,neutral,Neutral
34,2,Rachel,neutral,Surprise
34,3,Ross,joy,Joy
34,4,Rachel,neutral,Neutral
34,5,Ross,neutral,Neutral
34,6,Rachel,neutral,Neutral
34,7,Ross,neutral,Neutral
34,8,Rachel,neutral,Neutral
34,9,Ross,surprise,Anger
34,10,Rachel,neutral,Anger
34,11,Ross,neutral,Anger
34,12,Rachel,neutral,Neutral
34,13,Ross,disgust,Anger
35,0,Phoebe,surprise,Surprise
35,1,Phoebe,joy,Joy
35,2,Phoebe,joy,Joy
35,3,Phoebe,joy,Joy
35,4,Phoebe,joy,Joy
35,5,Ross,joy,Neutral
36,0,Ross,neutral,Joy
36,1,Ross,neutral,Joy
36,2,Chandler,neutral,Neutral
36,3,Joey,neutral,Neutral
36,4,Chandler,sadness,Disgust
36,5,Ross,sadness,Disgust
37,0,Monica,neutral,Neutral
37,1,Joey,joy,Joy
37,2,Monica,joy,Neutral
37,3,Joey,disgust,Surprise
38,0,Monica,anger,Anger
38,1,Chandler,neutral,Surprise
38,2,Monica,joy,Anger
38,3,Ross,neutral,Neutral
38,4,Phoebe,surprise,Surprise
38,5,Ross,neutral,Neutral
38,6,Ross,anger,Anger
38,7,Ross,surprise,Surprise
38,8,Ross,surprise,Surprise
38,9,Ross,surprise,Joy
38,10,Phoebe,surprise,Surprise
38,11,Joey,surprise,Surprise
39,0,Kate,anger,Anger
39,1,Joey,anger,Anger
39,2,Joey,surprise,Anger
39,3,Joey,anger,Anger
39,4,Joey,anger,Anger
39,5,Joey,anger,Anger
39,6,Joey,anger,Anger
39,7,The Director,joy,Joy
39,8,Kate,neutral,Neutral
39,9,The Director,neutral,Neutral
39,10,Kate,disgust,Neutral
39,11,The Director,neutral,Neutral
39,12,Joey,neutral,Neutral
39,13,Kate,neutral,Anger
39,14,Joey,neutral,Anger
39,15,Joey,anger,Anger
39,16,Joey,anger,Anger
39,17,Kate,anger,Anger
39,18,Joey,anger,Anger
40,0,Phoebe,anger,Neutral
40,1,Joey,anger,Neutral
40,2,Chandler,neutral,Neutral
40,3,Phoebe,neutral,Neutral
40,4,Monica,neutral,Joy
40,5,Chandler,neutral,Joy
40,6,Joey,joy,Joy
40,7,Monica,neutral,Neutral
40,8,Joey,disgust,Disgust
40,9,Monica,fear,Neutral
40,10,Chandler,neutral,Neutral
40,11,Monica,surprise,Surprise
40,12,Joey,joy,Neutral
40,13,Monica,sadness,Anger
40,14,Rachel,sadness,Anger
41,0,Mr. Tribbiani,sadness,Joy
41,1,Joey,surprise,Surprise
41,2,Mr. Tribbiani,neutral,Neutral
41,3,Joey,neutral,Neutral
41,4,Mr. Tribbiani,neutral,Neutral
41,5,Joey,surprise,Surprise
41,6,Mr. Tribbiani,neutral,Neutral
41,7,Mr. Tribbiani,neutral,Sadness
41,8,Mr. Tribbiani,neutral,Neutral
41,9,Mr. Tribbiani,neutral,Neutral
41,10,Joey,neutral,Neutral
41,11,Mr. Tribbiani,neutral,Neutral
41,12,Joey,disgust,Anger
41,13,Mr. Tribbiani,neutral,Sadness
41,14,Joey,disgust,Sadness
41,15,Mr. Tribbiani,surprise,Anger
42,0,Chandler,neutral,Neutral
42,1,Guru Saj,surprise,Surprise
43,0,Monica,neutral,Neutral
43,1,Rachel,neutral,Neutral
43,2,Monica,neutral,Neutral
43,3,Rachel,neutral,Sadness
43,4,Rachel,neutral,Sadness
43,5,Monica,neutral,Neutral
43,6,Rachel,neutral,Sadness
44,0,Charlie,neutral,Joy
44,1,Ross,surprise,Surprise
44,2,Charlie,neutral,Neutral
45,0,Joey,sadness,Neutral
45,1,Chandler,disgust,Neutral
45,2,Joey,neutral,Neutral
45,3,Chandler,anger,Anger
45,4,Joey,neutral,Surprise
46,0,Monica,joy,Joy
46,1,Joey,surprise,Surprise
46,2,Monica,anger,Neutral
46,3,Phoebe,surprise,Surprise
46,4,Rachel,neutral,Neutral
46,5,Joey,neutral,Neutral
46,6,Rachel,anger,Joy
46,7,Joey,surprise,Joy
46,8,Chandler,joy,Joy
46,9,Monica,joy,Anger
46,10,Joey,neutral,Surprise
46,11,Monica,fear,Neutral
46,12,Chandler,joy,Joy
46,13,Joey,surprise,Surprise
46,14,Chandler,joy,Anger
47,0,Chandler,neutral,Joy
47,1,Joey,neutral,Joy
47,2,Joey,neutral,Neutral
47,3,Joey,neutral,Neutral
47,4,Joey,neutral,Neutral
47,5,Joey,neutral,Joy
47,6,Joey,neutral,Joy
47,7,Joey,joy,Joy
47,8,Joey,neutral,Joy
47,9,Chandler,neutral,Neutral
47,11,Chandler,surprise,Surprise
47,12,Joey,neutral,Neutral
47,13,Chandler,surprise,Joy
47,14,Joey,neutral,Neutral
47,15,Joey,joy,Joy
47,16,Joey,joy,Joy
47,17,Chandler,neutral,Joy
48,0,Rachel,neutral,Neutral
49,0,Ross,neutral,Neutral
49,1,Ross,neutral,Neutral
49,2,Ross,anger,Neutral
49,3,Monica,joy,Neutral
49,4,Ross,fear,Neutral
49,5,Joey,neutral,Neutral
49,6,Joey,neutral,Neutral
49,7,Joey,neutral,Neutral
49,8,Joey,neutral,Neutral
49,9,Monica,joy,Joy
49,10,Chandler,neutral,Neutral
49,11,Joey,neutral,Joy
49,12,Chandler,sadness,Sadness
49,13,Joey,surprise,Surprise
49,14,Chandler,neutral,Neutral
49,15,Monica,surprise,Surprise
49,16,Ross,neutral,Neutral
49,17,Chandler,neutral,Neutral
49,18,Ross,surprise,Neutral
49,19,Chandler,neutral,Neutral
49,20,Monica,surprise,Anger
49,21,Joey,anger,Disgust
50,0,Joey,joy,Joy
50,1,Wayne,anger,Anger
50,2,Joey,surprise,Neutral
50,3,Joey,neutral,Neutral
50,4,Joey,neutral,Neutral
50,5,Joey,fear,Fear
50,6,Joey,fear,Fear
50,7,Joey,sadness,Sadness
50,8,Joey,joy,Sadness
50,9,Joey,surprise,Surprise
50,10,Joey,surprise,Neutral
50,11,Joey,neutral,Neutral
50,12,Joey,neutral,Neutral
50,13,Joey,anger,Anger
50,14,Joey,surprise,Anger
50,15,Joey,anger,Anger
50,16,Joey,neutral,Joy
51,0,Ross,neutral,Neutral
51,1,Rachel,sadness,Neutral
51,2,Ross,neutral,Neutral
51,3,Rachel,disgust,Anger
51,4,Ross,anger,Anger
51,5,Rachel,anger,Anger
51,6,Ross,anger,Anger
51,7,Rachel,anger,Anger
51,8,Ross,anger,Anger
51,9,Rachel,anger,Anger
51,10,Rachel,anger,Anger
52,0,Monica,neutral,Neutral
52,1,Phoebe,joy,Joy
52,2,Monica,neutral,Neutral
52,3,Phoebe,neutral,Neutral
52,4,Monica,neutral,Neutral
52,5,Phoebe,neutral,Neutral
52,6,Monica,neutral,Neutral
52,7,Phoebe,neutral,Neutral
52,8,Monica,neutral,Neutral
52,9,Phoebe,neutral,Neutral
52,10,Monica,neutral,Disgust
52,11,Phoebe,neutral,Joy
53,0,Richard,joy,Neutral
53,1,Monica,joy,Surprise
53,2,Richard,neutral,Neutral
53,3,Monica,neutral,Neutral
53,4,Monica,neutral,Neutral
53,5,Monica,neutral,Neutral
53,6,Richard,joy,Neutral
53,7,Monica,neutral,Neutral
53,8,Richard,joy,Joy
54,0,Joey,disgust,Neutral
54,1,Rachel,sadness,Anger
54,2,Joey,anger,Anger
54,3,Dina,fear,Fear
54,4,Dina,fear,Neutral
54,5,Dina,neutral,Neutral
54,6,Bobby,joy,Joy
54,7,Dina,anger,Sadness
54,8,Joey,sadness,Anger
54,9,Dina,joy,Neutral
54,10,Dina,neutral,Joy
54,11,Dina,neutral,Neutral
54,12,Dina,fear,Sadness
54,13,Joey,fear,Neutral
54,14,Dina,sadness,Sadness
54,15,Dina,sadness,Neutral
54,16,Dina,sadness,Fear
54,17,Joey,joy,Joy
54,18,Dina,joy,Joy
54,19,Joey,joy,Joy
54,20,Bobby,joy,Neutral
54,21,Rachel,neutral,Neutral
54,22,Joey,joy,Joy
54,23,Rachel,anger,Anger
55,0,Danny,joy,Joy
55,1,Rachel,joy,Joy
55,2,Danny,neutral,Neutral
55,3,Rachel,surprise,Surprise
55,4,Danny,neutral,Joy
55,5,Rachel,joy,Neutral
55,6,Krista,surprise,Neutral
55,7,Danny,neutral,Joy
55,8,Krista,joy,Joy
55,9,Danny,joy,Joy
55,10,Krista,joy,Joy
55,11,Danny,joy,Joy
55,12,Krista,joy,Joy
55,13,Danny,joy,Joy
55,14,Krista,joy,Joy
55,15,Danny,joy,Joy
55,16,Rachel,neutral,Neutral
56,0,Chandler,surprise,Surprise
56,1,Jill,neutral,Neutral
56,2,Chandler,surprise,Surprise
56,3,Jill,neutral,Neutral
56,4,Chandler,neutral,Joy
56,5,Jill,neutral,Neutral
56,6,Chandler,joy,Joy
57,1,Chandler,neutral,Neutral
57,2,Chandler,fear,Fear
57,3,Chandler,fear,Fear
58,0,Phoebe,neutral,Neutral
58,1,Rachel,neutral,Neutral
58,2,Phoebe,surprise,Joy
58,3,Joey,neutral,Surprise
58,4,Monica,anger,Anger
58,5,Joey,surprise,Surprise
58,6,Monica,neutral,Neutral
58,7,Monica,neutral,Neutral
58,8,Monica,neutral,Anger
58,9,Joey,neutral,Neutral
59,0,Doug,neutral,Joy
59,1,Doug,joy,Joy
59,2,Doug,neutral,Neutral
59,3,Doug,joy,Joy
59,4,Doug,joy,Joy
59,5,Doug,joy,Joy
59,6,Doug,joy,Joy
59,7,Doug,joy,Joy
59,8,Doug,joy,Joy
59,9,Doug,joy,Joy
61,0,Stevens,neutral,Neutral
61,1,Doug,joy,Anger
61,2,Doug,joy,Anger
61,3,Doug,neutral,Neutral
61,4,Doug,neutral,Neutral
61,5,Chandler,sadness,Neutral
61,6,Doug,joy,Anger
61,7,Chandler,sadness,Neutral
61,8,Doug,joy,Anger
62,0,Chandler,neutral,Neutral
62,1,Bob,joy,Joy
62,2,Chandler,neutral,Neutral
62,3,Bob,joy,Joy
62,5,Chandler,joy,Joy
62,6,Mr. Franklin,neutral,Neutral
62,7,Chandler,neutral,Neutral
62,8,Mr. Franklin,neutral,Neutral
62,9,Chandler,surprise,Disgust
62,10,Mr. Franklin,surprise,Surprise
62,11,Chandler,neutral,Disgust
63,0,Ross,joy,Joy
63,1,Chandler,neutral,Neutral
63,2,Ross,joy,Joy
63,3,Chandler,surprise,Surprise
63,4,Ross,joy,Joy
63,5,Chandler,anger,Anger
63,6,Ross,neutral,Neutral
63,7,Chandler,sadness,Anger
64,0,Chandler,anger,Disgust
64,1,Monica,neutral,Neutral
64,2,Chandler,neutral,Neutral
64,3,Phoebe,neutral,Neutral
64,4,Monica,neutral,Disgust
64,5,Phoebe,joy,Joy
64,6,Monica,neutral,Anger
64,7,Phoebe,joy,Anger
64,8,Joey,joy,Joy
64,9,Phoebe,anger,Surprise
64,10,Chandler,neutral,Neutral
64,11,Joey,anger,Anger
64,12,Chandler,neutral,Disgust
65,0,Ross,joy,Joy
65,1,Rachel,surprise,Surprise
65,2,Ross,neutral,Neutral
65,3,Rachel,joy,Joy
66,1,Phoebe,neutral,Neutral
66,2,Phoebe,neutral,Fear
66,3,Monica,neutral,Neutral
66,4,Phoebe,neutral,Neutral
66,5,Monica,surprise,Surprise
66,6,Phoebe,neutral,Neutral
66,7,Monica,neutral,Neutral
66,8,Phoebe,sadness,Sadness
66,9,Monica,joy,Sadness
66,10,Phoebe,joy,Joy
66,11,Monica,sadness,Sadness
66,12,Phoebe,neutral,Neutral
67,0,Rachel,surprise,Surprise
67,1,Ross,neutral,Neutral
67,2,Rachel,joy,Joy
67,3,Ross,neutral,Joy
67,5,Rachel,joy,Joy
67,6,Rachel,sadness,Sadness
67,7,Rachel,joy,Joy
67,8,Rachel,joy,Joy
67,9,Ross,neutral,Neutral
67,10,Rachel,joy,Joy
67,11,Ross,joy,Neutral
67,12,Phoebe,neutral,Neutral
67,13,Phoebe,neutral,Neutral
67,14,Phoebe,neutral,Neutral
67,15,Phoebe,anger,Surprise
68,0,Director,anger,Anger
68,1,Joey,joy,Joy
68,2,Director,neutral,Neutral
68,3,Joey,surprise,Surprise
69,0,Chandler,joy,Neutral
69,1,Chandler,neutral,Neutral
69,2,Janice,neutral,Neutral
69,3,Chandler,surprise,Surprise
69,4,Phoebe,sadness,Neutral
69,5,Chandler,neutral,Neutral
69,6,Phoebe,anger,Anger
70,0,Tony,joy,Joy
70,1,Joey,neutral,Neutral
70,2,Chandler,neutral,Neutral
70,3,Tony,neutral,Neutral
70,4,Chandler,neutral,Neutral
70,5,Tony,anger,Anger
70,6,Chandler,neutral,Joy
70,7,Peter,anger,Anger
70,8,Joey,anger,Joy
71,0,Rachel,neutral,Neutral
71,1,Phoebe,neutral,Neutral
72,0,Chandler,neutral,Neutral
72,1,Ticket Counter Attendant,surprise,Surprise
72,2,Chandler,neutral,Neutral
72,3,Ticket Counter Attendant,surprise,Neutral
72,4,Chandler,neutral,Neutral
72,5,Ticket Counter Attendant,neutral,Neutral
72,6,Chandler,neutral,Neutral
72,7,Chandler,neutral,Neutral
73,0,Chandler,neutral,Neutral
73,1,Chandler,joy,Joy
73,2,Chandler,joy,Joy
73,3,Joey,neutral,Neutral
73,4,Chandler,neutral,Neutral
73,5,Joey,neutral,Neutral
73,6,Chandler,surprise,Surprise
73,7,Joey,neutral,Neutral
73,8,Chandler,neutral,Neutral
73,9,Joey,neutral,Neutral
73,10,Chandler,surprise,Surprise
73,11,Joey,neutral,Surprise
74,0,Joey,joy,Neutral
74,1,Phoebe,neutral,Neutral
74,2,Chandler,neutral,Neutral
74,3,Phoebe,neutral,Neutral
74,4,Joey,disgust,Disgust
74,5,Phoebe,anger,Anger
74,6,Joey,anger,Surprise
75,0,Ross,neutral,Neutral
76,0,Rachel,neutral,Neutral
76,1,Ross,neutral,Neutral
76,2,Ross,neutral,Neutral
76,3,Ross,neutral,Neutral
76,4,Ross,neutral,Neutral
76,5,Rachel,joy,Joy
76,6,Ross,joy,Joy
76,7,Rachel,sadness,Neutral
77,0,Dr. Long,neutral,Neutral
77,1,Rachel,neutral,Neutral
77,2,Dr. Long,neutral,Neutral
77,3,Rachel,neutral,Joy
77,4,Rachel,joy,Joy
78,0,Ross,joy,Joy
78,1,Rachel,anger,Anger
78,2,Phoebe,anger,Anger
78,3,Phoebe,neutral,Surprise
78,4,Ross,fear,Joy
78,5,Rachel,surprise,Surprise
79,0,Joey,neutral,Neutral
79,1,Rachel,disgust,Sadness
79,2,Joey,joy,Joy
79,3,Rachel,surprise,Surprise
79,4,Joey,neutral,Joy
79,5,Rachel,disgust,Surprise
79,6,Joey,neutral,Neutral
79,7,Joey,neutral,Neutral
80,0,Rachel,neutral,Joy
80,1,Joey,joy,Joy
80,2,Rachel,surprise,Surprise
80,3,Joey,neutral,Neutral
80,4,Rachel,neutral,Joy
80,5,Joey,neutral,Joy
81,0,Joey,neutral,Neutral
81,1,Monica,neutral,Neutral
81,2,Joey,neutral,Neutral
81,3,Monica,joy,Joy
81,4,Joey,fear,Neutral
81,5,Phoebe,neutral,Neutral
81,6,Monica,joy,Joy
81,7,Phoebe,surprise,Surprise
81,8,Monica,joy,Neutral
81,9,Phoebe,neutral,Neutral
81,10,Joey,neutral,Neutral
81,11,Phoebe,anger,Anger
81,12,Monica,neutral,Neutral
81,13,Phoebe,anger,Anger
81,14,Phoebe,anger,Anger
81,15,Phoebe,anger,Anger
81,16,Phoebe,surprise,Anger
82,0,Monica,neutral,Neutral
82,1,Chandler,neutral,Surprise
82,2,Monica,anger,Anger
82,3,Chandler,disgust,Anger
82,4,Monica,sadness,Fear
82,5,Chandler,neutral,Anger
82,6,Chandler,disgust,Neutral
82,7,Phoebe,neutral,Joy
82,9,Chandler,disgust,Disgust
82,10,Monica,neutral,Anger
82,11,Phoebe,neutral,Neutral
83,0,Charlton Heston,neutral,Surprise
83,1,Joey,neutral,Neutral
83,2,Charlton Heston,anger,Anger
83,3,Joey,neutral,Neutral
84,0,Monica,fear,Fear
84,1,Phoebe,anger,Fear
84,2,Rachel,anger,Neutral
84,3,Phoebe,anger,Anger
84,4,Rachel,neutral,Neutral
84,5,Joshua,neutral,Neutral
84,6,Rachel,sadness,Sadness
85,0,Rachel,neutral,Neutral
85,1,Phoebe,neutral,Neutral
85,2,Rachel,neutral,Neutral
85,3,Phoebe,neutral,Surprise
85,4,Rachel,neutral,Neutral
86,0,Rachel,neutral,Neutral
86,1,Rachel,neutral,Neutral
86,2,Nancy,surprise,Surprise
86,3,Rachel,neutral,Surprise
86,4,Rachel,neutral,Neutral
86,5,Rachel,surprise,Neutral
86,6,Rachel,neutral,Neutral
86,7,Kim,neutral,Joy
86,8,Rachel,neutral,Neutral
86,9,Kim,neutral,Neutral
86,10,Rachel,joy,Joy
87,0,Rachel,sadness,Sadness
87,1,Ross,neutral,Neutral
87,2,Rachel,sadness,Sadness
87,3,Ross,sadness,Neutral
87,4,Phoebe,joy,Joy
87,5,Monica,neutral,Neutral
87,6,Phoebe,neutral,Neutral
87,7,Joey,joy,Joy
87,8,Monica,joy,Joy
87,9,Ross,joy,Neutral
88,0,Phoebe,neutral,Neutral
88,1,Rachel,joy,Joy
88,2,Phoebe,neutral,Neutral
88,3,Phoebe,neutral,Surprise
89,0,Joey,anger,Anger
89,1,Chandler,neutral,Neutral
89,2,Rachel,joy,Neutral
89,4,Joey,neutral,Anger
89,5,Rachel,neutral,Surprise
89,6,Rachel,joy,Surprise
89,7,Rachel,joy,Anger
89,8,Rachel,neutral,Neutral
89,9,Rachel,anger,Anger
89,10,Chandler,surprise,Surprise
89,11,Rachel,anger,Anger
89,12,Rachel,disgust,Disgust
89,15,Rachel,neutral,Anger
89,16,Rachel,joy,Anger
90,0,Phoebe,surprise,Anger
91,0,Phoebe,anger,Anger
92,0,Phoebe,anger,Anger
92,1,Phoebe,neutral,Neutral
93,0,Chandler,neutral,Joy
93,1,Monica,neutral,Disgust
93,2,Chandler,neutral,Joy
93,3,Joey,surprise,Joy
93,4,Chandler,neutral,Neutral
93,5,Joey,surprise,Sadness
93,6,Monica,disgust,Anger
93,7,Joey,surprise,Surprise
94,0,Rachel,neutral,Surprise
94,1,Joanna,neutral,Neutral
94,2,Rachel,fear,Anger
94,3,Joanna,neutral,Neutral
94,4,Rachel,disgust,Anger
94,5,Joanna,fear,Fear
94,6,Joanna,anger,Anger
94,7,Joanna,sadness,Sadness
94,8,Joanna,neutral,Neutral
94,9,Joanna,neutral,Neutral
94,10,Rachel,joy,Joy
94,11,Joanna,joy,Joy
94,12,Rachel,neutral,Neutral
94,13,Joanna,joy,Neutral
94,14,Rachel,neutral,Neutral
94,15,Joanna,joy,Neutral
95,0,Rachel,joy,Joy
95,1,Joey,surprise,Surprise
95,2,Rachel,neutral,Neutral
95,3,Joey,neutral,Neutral
95,4,Rachel,joy,Joy
95,5,Monica,joy,Neutral
95,6,Rachel,surprise,Surprise
95,7,Rachel,surprise,Anger
95,8,Rachel,anger,Anger
95,9,Rachel,neutral,Anger
95,10,Rachel,neutral,Anger
95,11,Monica,neutral,Neutral
95,12,Rachel,surprise,Surprise
95,13,Monica,neutral,Neutral
95,14,Rachel,neutral,Neutral
95,15,Joey,neutral,Joy
95,16,Rachel,neutral,Neutral
95,17,Joey,neutral,Neutral
96,0,Monica,neutral,Neutral
96,1,Monica,neutral,Surprise
96,2,Monica,neutral,Surprise
96,3,Monica,neutral,Neutral
96,4,Monica,neutral,Neutral
97,0,Monica,neutral,Neutral
97,1,Rachel,neutral,Joy
97,2,Ross,neutral,Neutral
97,3,Rachel,anger,Surprise
98,1,Chandler,neutral,Joy
99,0,Chandler,joy,Neutral
99,1,Monica,joy,Neutral
99,2,Chandler,joy,Joy
99,3,Monica,joy,Joy
99,4,Chandler,neutral,Neutral
99,5,Monica,fear,Neutral
99,6,Chandler,neutral,Joy
99,7,Monica,anger,Joy
99,8,Chandler,joy,Joy
99,9,Monica,neutral,Neutral
99,10,Chandler,neutral,Joy
99,11,Monica,anger,Joy
99,12,Cassie,neutral,Neutral
99,13,Chandler,joy,Neutral
99,14,Cassie,neutral,Neutral
99,15,Monica,neutral,Neutral
99,16,Cassie,neutral,Neutral
99,17,Monica,anger,Anger
99,18,Chandler,neutral,Neutral
100,0,Ross,neutral,Neutral
100,1,Ross,neutral,Neutral
100,2,Ross,neutral,Neutral
100,3,Ross,fear,Joy
100,4,Dr. Rhodes,neutral,Surprise
100,5,Ross,neutral,Joy
100,6,Dr. Rhodes,neutral,Neutral
100,7,Ross,surprise,Surprise
101,0,Dr. Rhodes,neutral,Neutral
101,1,Ross,surprise,Surprise
102,0,Dr. Rhodes,neutral,Surprise
102,1,Dr. Johnson,neutral,Neutral
102,2,Dr. Rhodes,neutral,Neutral
103,0,Kristen,joy,Joy
103,1,Ross,neutral,Neutral
103,2,Kristen,surprise,Surprise
103,3,Ross,joy,Joy
103,4,Kristen,neutral,Joy
103,5,Ross,neutral,Neutral
103,6,Kristen,joy,Joy
103,7,Ross,joy,Joy
104,0,Janice,surprise,Surprise
104,1,Rachel,joy,Neutral
105,0,Ross,fear,Neutral
105,1,Janice,surprise,Surprise
106,0,Ross,neutral,Neutral
106,1,Janice,surprise,Surprise
106,2,Ross,neutral,Joy
106,3,Janice,neutral,Neutral
106,4,Rachel,neutral,Neutral
106,5,Janice,fear,Neutral
107,0,Joey,neutral,Neutral
107,1,Ross,neutral,Neutral
107,2,Monica,neutral,Neutral
107,4,Monica,neutral,Neutral
107,5,Joey,joy,Neutral
107,6,Ross,neutral,Neutral
107,7,Phoebe,neutral,Neutral
107,8,Phoebe,neutral,Neutral
107,9,Phoebe,neutral,Joy
107,10,Phoebe,neutral,Joy
108,0,Chandler,neutral,Joy
108,1,Monica,neutral,Joy
108,2,Rachel,joy,Joy
108,3,Monica,neutral,Neutral
108,4,Rachel,joy,Joy
108,5,Chandler,neutral,Neutral
108,6,Rachel,neutral,Joy
109,0,Monica,neutral,Neutral
109,1,Chandler,disgust,Neutral
109,3,Phoebe,anger,Joy
109,4,Monica,joy,Neutral
109,5,Phoebe,joy,Joy
109,6,Rachel,sadness,Sadness
109,7,Rachel,sadness,Sadness
109,8,Rachel,sadness,Anger
109,9,Phoebe,joy,Joy
109,10,Monica,neutral,Neutral
109,11,Phoebe,neutral,Neutral
109,12,Monica,neutral,Neutral
109,13,Chandler,neutral,Sadness
109,14,Phoebe,neutral,Neutral
109,15,Chandler,anger,Anger
109,16,Chandler,fear,Joy
109,17,Chandler,fear,Neutral
109,18,Chandler,fear,Neutral
109,19,Phoebe,surprise,Joy
109,20,Chandler,anger,Disgust
109,21,Monica,joy,Joy
110,0,Monica,neutral,Neutral
110,1,Phoebe,surprise,Surprise
110,2,Monica,surprise,Neutral
110,3,Phoebe,anger,Anger
110,4,Joey,neutral,Neutral
110,5,Monica,joy,Neutral
111,0,Joey,joy,Joy
111,1,Chandler,fear,Neutral
111,2,Joey,joy,Neutral
111,3,Chandler,neutral,Neutral
111,4,Joey,surprise,Neutral
111,5,Chandler,fear,Disgust
111,6,Chandler,fear,Disgust
111,7,Joey,neutral,Neutral
111,8,Chandler,surprise,Surprise
111,9,Joey,neutral,Neutral
111,10,Chandler,surprise,Neutral
111,11,Joey,neutral,Neutral
111,12,Joey,neutral,Neutral
111,13,Chandler,fear,Fear
111,14,Joey,neutral,Neutral
111,15,Chandler,disgust,Anger
111,16,Joey,surprise,Surprise
111,17,Chandler,disgust,Anger
112,0,Ross,surprise,Surprise
112,1,Phoebe,surprise,Neutral
112,2,Ross,anger,Anger
112,3,Phoebe,anger,Anger
112,4,Ross,disgust,Disgust
113,0,Ross,neutral,Fear
113,1,Monica,anger,Anger
113,2,Ross,neutral,Neutral
113,3,Ross,neutral,Neutral
113,4,Ross,neutral,Neutral
113,5,Ross,neutral,Neutral
113,6,Ross,neutral,Sadness
113,7,Chandler,neutral,Neutral
113,8,Ross,joy,Joy
113,9,Ross,neutral,Neutral
113,10,Chandler,neutral,Neutral
114,0,Chandler,neutral,Surprise
114,1,Chandler,surprise,Surprise
114,2,Chandler,neutral,Joy
114,3,Joey,joy,Joy
114,4,Joey,joy,Joy
115,0,Jester,neutral,Neutral
115,1,Monica,neutral,Neutral
115,2,Jester,neutral,Neutral
115,3,Joey,neutral,Neutral
115,4,Jester,anger,Neutral
115,5,Joey,neutral,Neutral
115,6,Jester,surprise,Anger
115,7,Janice,surprise,Surprise
116,0,Ross,neutral,Neutral
116,1,Ross,neutral,Neutral
116,2,Sarah,sadness,Joy
116,3,Ross,surprise,Surprise
116,4,Sarah,neutral,Neutral
116,5,Sarah,neutral,Neutral
116,6,Ross,neutral,Neutral
116,7,Sarah,sadness,Neutral
117,0,Monica,joy,Neutral
117,1,Richard,neutral,Neutral
117,2,Monica,joy,Neutral
117,3,Richard,neutral,Joy
118,0,Chandler,neutral,Neutral
118,1,Ross,surprise,Neutral
118,2,Chandler,neutral,Neutral
118,3,Ross,joy,Anger
118,4,Chandler,anger,Anger
118,5,Ross,joy,Neutral
119,0,Joey,neutral,Neutral
119,1,Joey,neutral,Neutral
119,2,Joey,neutral,Neutral
119,3,Joey,neutral,Neutral
119,4,Joey,sadness,Sadness
119,5,Monica,neutral,Neutral
119,6,Joey,sadness,Sadness
119,7,Monica,surprise,Surprise
119,8,Joey,neutral,Anger
119,9,Monica,neutral,Neutral
119,10,Monica,neutral,Neutral
119,11,Monica,neutral,Neutral
119,12,Joey,anger,Surprise
120,0,Rachel,fear,Fear
120,1,Monica,joy,Joy
120,2,Rachel,surprise,Neutral
120,3,Monica,neutral,Neutral
120,4,Rachel,fear,Neutral
120,7,Ross,neutral,Neutral
120,8,Joey,neutral,Neutral
120,9,Chandler,neutral,Neutral
120,10,Ross,neutral,Neutral
120,11,Joey,neutral,Joy
120,12,Ross,neutral,Neutral
120,13,Chandler,neutral,Neutral
120,14,Ross,neutral,Neutral
120,15,Joey,neutral,Neutral
121,0,Phoebe,neutral,Neutral
121,1,Monica,joy,Joy
121,2,Chandler,joy,Neutral
121,4,Chandler,disgust,Neutral
121,5,Phoebe,anger,Anger
121,6,Chandler,neutral,Neutral
121,7,Phoebe,sadness,Sadness
122,0,Monica,surprise,Sadness
122,1,Monica,fear,Sadness
122,2,Rachel,neutral,Joy
122,3,Monica,neutral,Neutral
122,4,Pete,neutral,Joy
122,5,Monica,neutral,Anger
122,6,Pete,neutral,Joy
122,7,Monica,joy,Disgust
122,8,Pete,joy,Joy
122,9,Pete,disgust,Neutral
122,10,Pete,neutral,Joy
122,11,Rachel,neutral,Neutral
122,12,Rachel,disgust,Joy
122,13,Rachel,disgust,Joy
122,14,Monica,neutral,Joy
122,15,Pete,neutral,Joy
123,0,Chandler,surprise,Joy
123,1,Ross,anger,Anger
123,2,Ross,anger,Anger
123,3,Ross,anger,Anger
123,4,Ross,anger,Anger
123,5,Chandler,neutral,Joy
123,6,Ross,anger,Anger
123,7,Chandler,neutral,Joy
123,8,Ross,anger,Anger
123,9,Chandler,neutral,Surprise
123,10,Ross,anger,Joy
124,0,Ross,joy,Joy
124,1,Chandler,surprise,Neutral
124,2,Ross,neutral,Neutral
124,3,Chandler,disgust,Neutral
124,4,Ross,sadness,Sadness
124,5,Joey,joy,Neutral
124,6,Ross,joy,Sadness
124,7,Joey,surprise,Surprise
124,8,Ross,sadness,Neutral
124,9,Joey,neutral,Surprise
124,10,Ross,neutral,Surprise
124,11,Joey,joy,Joy
125,0,Emily,joy,Neutral
125,1,Ross,neutral,Joy
125,2,Emily,neutral,Neutral
125,3,Ross,neutral,Neutral
125,4,Ross,neutral,Joy
125,5,Ross,neutral,Joy
125,6,Emily,neutral,Neutral
125,7,Ross,neutral,Neutral
125,8,Emily,surprise,Surprise
126,0,The Singing Man,joy,Joy
126,1,Rachel,anger,Anger
126,2,The Singing Man,joy,Joy
126,3,Rachel,neutral,Anger
126,4,Joey,joy,Joy
126,5,Rachel,anger,Anger
126,6,Monica,neutral,Neutral
126,7,Rachel,anger,Anger
126,8,Monica,neutral,Anger
126,9,Rachel,sadness,Sadness
126,10,Monica,neutral,Neutral
126,11,Joey,neutral,Neutral
126,12,Monica,anger,Anger
127,0,Chandler,neutral,Neutral
127,1,Chandler,fear,Anger
127,2,Chandler,fear,Anger
127,3,Chandler,disgust,Anger
127,4,Chandler,disgust,Anger
128,0,Phoebe,neutral,Neutral
128,1,Monica,neutral,Neutral
128,2,Phoebe,joy,Joy
128,3,Monica,joy,Joy
128,4,Phoebe,joy,Joy
128,5,Monica,joy,Joy
128,6,Phoebe,neutral,Joy
128,7,Monica,joy,Joy
128,8,Phoebe,neutral,Neutral
128,9,Monica,joy,Joy
129,0,Kate,joy,Anger
129,1,The Director,sadness,Joy
129,2,Kate,sadness,Sadness
129,3,Joey,disgust,Disgust
129,4,Kate,sadness,Sadness
129,5,Joey,anger,Neutral
129,6,Kate,surprise,Neutral
129,7,Joey,anger,Joy
129,8,Joey,neutral,Neutral
129,9,Joey,neutral,Neutral
129,10,Joey,anger,Joy
129,11,Kate,surprise,Surprise
129,12,Joey,surprise,Surprise
129,13,Kate,neutral,Neutral
129,14,Joey,neutral,Neutral
130,0,Rachel,joy,Surprise
130,1,Joey,neutral,Neutral
130,2,Rachel,neutral,Neutral
130,3,Joey,disgust,Neutral
130,4,Rachel,neutral,Neutral
130,5,Joey,neutral,Neutral
130,6,Rachel,neutral,Neutral
130,7,Joey,neutral,Neutral
130,8,Rachel,neutral,Neutral
130,9,Joey,disgust,Surprise
130,10,Rachel,neutral,Neutral
130,11,Joey,surprise,Surprise
130,12,Rachel,neutral,Neutral
130,13,Rachel,neutral,Neutral
130,14,Rachel,neutral,Neutral
130,15,Joey,neutral,Neutral
130,16,Rachel,surprise,Neutral
130,17,Joey,joy,Joy
131,0,Commercial,neutral,Neutral
131,1,Monica,sadness,Sadness
131,2,Joey,neutral,Sadness
132,0,Rachel,surprise,Surprise
132,1,Mark,neutral,Neutral
132,2,Rachel,sadness,Sadness
132,3,Mark,surprise,Neutral
132,4,Rachel,sadness,Sadness
132,5,Mark,neutral,Neutral
132,6,Rachel,sadness,Fear
132,7,Mark,neutral,Neutral
132,8,Rachel,sadness,Sadness
132,9,Mark,neutral,Neutral
132,10,Rachel,neutral,Sadness
133,0,Chandler,fear,Anger
134,0,Chandler,neutral,Neutral
135,0,Chandler,neutral,Neutral
135,1,Chandler,neutral,Neutral
135,2,Chandler,neutral,Fear
135,4,Joey,neutral,Neutral
135,5,Joey,neutral,Neutral
135,6,Joey,neutral,Neutral
135,7,Joey,neutral,Surprise
135,8,Joey,neutral,Neutral
136,0,Ross,neutral,Neutral
136,1,Ross,neutral,Neutral
136,2,Joey,surprise,Surprise
136,4,Ross,neutral,Neutral
136,5,Ross,neutral,Neutral
137,0,Ross,neutral,Neutral
137,1,Ross,neutral,Neutral
137,2,Ross,neutral,Neutral
137,3,Ross,neutral,Fear
137,4,Ross,joy,Surprise
137,5,Ross,neutral,Joy
137,6,Ross,joy,Joy
137,7,Ross,neutral,Joy
138,0,Rachel,anger,Neutral
138,1,Rachel,anger,Neutral
138,2,Rachel,joy,Joy
138,3,Rachel,anger,Neutral
138,4,Monica,surprise,Surprise
138,5,Rachel,disgust,Anger
138,6,Monica,surprise,Surprise
138,7,Rachel,neutral,Neutral
138,8,Rachel,neutral,Neutral
138,9,Rachel,neutral,Neutral
138,10,Monica,joy,Disgust
138,11,Rachel,anger,Fear
138,12,Monica,neutral,Neutral
138,13,Rachel,surprise,Surprise
138,14,Monica,neutral,Neutral
138,15,Rachel,anger,Neutral
138,16,Monica,surprise,Surprise
139,0,Phoebe,neutral,Neutral
139,1,A Female Student,neutral,Neutral
139,2,Phoebe,anger,Anger
139,3,Monica,joy,Joy
139,4,All,surprise,Surprise
139,5,Monica,joy,Joy
140,0,Phoebe,neutral,Joy
140,1,Cliff,neutral,Neutral
140,2,Phoebe,surprise,Surprise
141,0,Mr. Franklin,neutral,Neutral
141,1,Chandler,neutral,Neutral
141,2,Mr. Franklin,neutral,Neutral
141,3,Mr. Franklin,neutral,Neutral
141,4,Mr. Franklin,neutral,Neutral
141,5,Chandler,neutral,Joy
141,6,Mr. Franklin,neutral,Joy
141,7,Chandler,neutral,Neutral
142,0,Ross,neutral,Neutral
142,1,All,joy,Neutral
143,0,Phoebe,neutral,Neutral
143,1,Chandler,neutral,Neutral
143,2,Rachel,sadness,Sadness
143,3,Phoebe,joy,Joy
143,4,Joey,neutral,Neutral
144,0,Tag,neutral,Neutral
144,1,Joey,neutral,Neutral
144,2,Tag,neutral,Neutral
144,3,Joey,neutral,Neutral
144,4,Tag,surprise,Surprise
144,5,Joey,joy,Joy
145,0,Chandler,surprise,Surprise
145,1,Monica,neutral,Neutral
145,2,Chandler,anger,Neutral
145,3,Ross,neutral,Neutral
145,4,Chandler,fear,Surprise
145,5,Chandler,fear,Neutral
145,6,Chandler,anger,Neutral
145,7,Monica,surprise,Anger
145,8,Phoebe,anger,Anger
145,9,Monica,disgust,Anger
145,10,Joey,disgust,Anger
145,11,Joey,disgust,Neutral
145,12,Joey,anger,Disgust
145,13,Joey,anger,Anger
145,14,Monica,joy,Neutral
145,15,Joey,disgust,Anger
145,16,Phoebe,surprise,Surprise
145,17,Joey,neutral,Neutral
145,18,Chandler,surprise,Anger
146,0,Monica,neutral,Neutral
146,1,Phoebe,sadness,Sadness
146,2,Monica,neutral,Neutral
146,3,Phoebe,anger,Anger
146,4,Monica,neutral,Neutral
146,5,Phoebe,neutral,Neutral
146,6,Monica,neutral,Neutral
146,7,Phoebe,neutral,Neutral
146,8,Monica,neutral,Neutral
146,9,Phoebe,sadness,Sadness
146,10,Phoebe,sadness,Sadness
146,11,Phoebe,sadness,Sadness
146,12,Phoebe,sadness,Sadness
147,0,Ross,neutral,Neutral
147,1,Chandler,neutral,Surprise
147,2,Ross,neutral,Neutral
147,3,Chandler,joy,Joy
147,4,Ross,fear,Neutral
147,5,Chandler,joy,Joy
147,6,Ross,surprise,Neutral
147,7,Chandler,disgust,Joy
147,8,Chandler,surprise,Joy
147,9,Ross,neutral,Neutral
147,10,Chandler,neutral,Joy
147,11,Ross,anger,Neutral
148,0,Chandler,anger,Anger
148,1,Joey,neutral,Neutral
148,2,Chandler,anger,Anger
148,3,Joey,anger,Surprise
148,4,Chandler,anger,Neutral
148,5,Joey,surprise,Surprise
148,6,Chandler,disgust,Neutral
148,7,Joey,neutral,Neutral
148,8,Chandler,neutral,Neutral
148,9,Joey,neutral,Neutral
148,10,Chandler,neutral,Fear
148,11,Joey,neutral,Neutral
148,12,Chandler,neutral,Fear
148,13,Joey,surprise,Fear
148,14,Chandler,neutral,Neutral
148,15,Joey,fear,Fear
148,16,Chandler,neutral,Neutral
148,17,Joey,anger,Neutral
148,18,Chandler,anger,Sadness
148,19,Joey,sadness,Fear
148,20,Chandler,sadness,Disgust
149,0,Phoebe,sadness,Sadness
149,1,Eric,neutral,Sadness
149,2,Phoebe,neutral,Fear
149,3,Eric,joy,Joy
150,0,Mona,fear,Sadness
150,1,Ross,neutral,Neutral
150,2,Dr. Green,anger,Anger
150,3,Ross,sadness,Neutral
151,0,Rachel,joy,Anger
151,1,Ross,joy,Joy
151,2,Rachel,joy,Anger
151,3,Ross,joy,Joy
151,6,Rachel,surprise,Anger
151,7,Ross,neutral,Neutral
151,8,Ross,anger,Surprise
151,9,Ross,joy,Neutral
151,10,Ross,neutral,Neutral
151,11,Rachel,sadness,Sadness
151,12,Rachel,neutral,Sadness
151,13,Rachel,neutral,Neutral
151,15,Ross,neutral,Neutral
151,16,Rachel,anger,Anger
151,17,Ross,neutral,Neutral
152,0,Monica,surprise,Surprise
152,1,Paul,joy,Sadness
152,4,Monica,neutral,Sadness
152,5,Paul,neutral,Neutral
152,6,Monica,neutral,Surprise
152,7,Paul,neutral,Neutral
152,8,Monica,surprise,Surprise
152,9,Rachel,sadness,Sadness
152,10,Rachel,sadness,Sadness
152,11,Rachel,sadness,Sadness
153,0,Ross,neutral,Neutral
153,1,Ross,joy,Neutral
153,2,Ross,neutral,Neutral
153,3,Phoebe,neutral,Neutral
153,4,Ross,joy,Neutral
153,5,Phoebe,neutral,Neutral
153,6,Monica,surprise,Neutral
153,7,Phoebe,neutral,Neutral
153,8,Monica,disgust,Neutral
153,9,Phoebe,neutral,Neutral
153,10,Mr. Heckles,anger,Anger
153,11,Phoebe,anger,Anger
153,12,Mr. Heckles,anger,Anger
154,0,Rachel,joy,Joy
154,1,Mark,joy,Sadness
154,2,Ross,anger,Anger
154,3,Mark,surprise,Surprise
154,4,Ross,anger,Anger
154,5,Rachel,surprise,Surprise
154,6,Ross,anger,Anger
154,7,Ross,anger,Anger
154,8,Ross,neutral,Neutral
155,0,Mona,neutral,Neutral
155,1,Ross,neutral,Neutral
155,2,Mona,joy,Neutral
155,3,Ross,joy,Joy
155,4,Mona,joy,Neutral
155,5,Ross,surprise,Surprise
155,6,Mona,neutral,Joy
155,7,Ross,joy,Neutral
155,8,Mona,surprise,Joy
155,9,Ross,joy,Joy
155,10,Mona,neutral,Joy
155,11,Ross,neutral,Neutral
155,12,Mona,neutral,Neutral
156,0,Phoebe,sadness,Sadness
156,1,Phoebe,anger,Neutral
156,2,Rachel,surprise,Surprise
156,3,Phoebe,anger,Neutral
156,4,Phoebe,neutral,Neutral
156,5,Rachel,surprise,Surprise
156,6,Phoebe,neutral,Neutral
156,7,Rachel,fear,Neutral
156,8,Phoebe,surprise,Surprise
156,9,Rachel,joy,Anger
156,10,Phoebe,neutral,Neutral
156,11,Tag,neutral,Neutral
157,0,Phoebe,joy,Joy
157,1,Chandler,joy,Joy
157,2,Monica,joy,Joy
158,1,Joey,neutral,Neutral
158,2,Mr. Geller,neutral,Joy
158,3,Ross,disgust,Fear
158,4,Mr. Geller,surprise,Joy
158,6,Joey,sadness,Surprise
158,7,Mr. Geller,surprise,Surprise
158,8,Chandler,neutral,Neutral
159,0,Joanna,joy,Joy
159,1,Rachel,surprise,Surprise
159,2,Joanna,joy,Joy
159,3,Joanna,joy,Joy
159,4,Joanna,surprise,Neutral
159,5,Joanna,joy,Joy
159,6,Rachel,joy,Neutral
159,7,Joanna,joy,Joy
159,8,Sophie,joy,Joy
159,9,Joanna,neutral,Neutral
160,0,Ross,neutral,Neutral
160,1,Rachel,joy,Joy
160,2,Ross,neutral,Neutral
160,3,Mark,neutral,Neutral
160,4,Ross,neutral,Neutral
160,5,Rachel,sadness,Sadness
160,6,Ross,fear,Surprise
160,7,Rachel,neutral,Sadness
160,8,Ross,sadness,Anger
160,10,Ross,joy,Anger
160,11,Rachel,neutral,Neutral
160,12,Ross,joy,Disgust
160,13,Mark,neutral,Neutral
160,14,Ross,neutral,Neutral
160,15,Rachel,sadness,Sadness
160,16,Mark,sadness,Sadness
160,17,Mark,neutral,Neutral
160,18,Rachel,neutral,Neutral
161,0,Ross,neutral,Neutral
161,1,Chandler,joy,Neutral
161,2,Ross,neutral,Neutral
161,3,Ross,neutral,Neutral
161,4,Ross,neutral,Fear
161,5,Chandler,surprise,Neutral
162,0,Ross,neutral,Neutral
162,1,Rachel,neutral,Neutral
163,0,Joey,neutral,Neutral
163,1,Monica,anger,Neutral
163,2,Joey,surprise,Surprise
163,3,Monica,anger,Joy
163,4,Joey,surprise,Surprise
163,5,Monica,neutral,Neutral
163,6,Joey,neutral,Neutral
163,7,Monica,surprise,Anger
163,8,Monica,anger,Anger
163,9,Monica,anger,Anger
163,10,Joey,neutral,Neutral
164,0,Ross,fear,Neutral
164,1,Rachel,neutral,Neutral
164,2,Ross,surprise,Surprise
164,3,Rachel,neutral,Neutral
164,4,Ross,sadness,Neutral
164,5,Ross,fear,Fear
164,6,Ross,neutral,Fear
164,7,Ross,neutral,Fear
164,8,Rachel,joy,Joy
164,9,Ross,joy,Joy
165,0,Chandler,neutral,Joy
165,1,Joey,joy,Joy
165,2,Chandler,neutral,Neutral
165,3,Joey,surprise,Surprise
165,4,Chandler,neutral,Joy
165,5,Joey,joy,Joy
165,6,Chandler,fear,Neutral
165,7,Joey,joy,Joy
165,8,Joey,joy,Joy
165,9,Chandler,neutral,Joy
165,10,Joey,neutral,Neutral
165,11,Chandler,neutral,Joy
165,12,Joey,neutral,Neutral
165,13,Chandler,neutral,Joy
165,14,Joey,neutral,Neutral
165,15,Chandler,neutral,Joy
165,16,Joey,joy,Joy
165,17,Joey,joy,Joy
165,18,Joey,joy,Joy
165,19,Chandler,joy,Joy
166,0,Chandler,neutral,Sadness
166,1,Monica,neutral,Surprise
166,2,Chandler,neutral,Sadness
167,0,Singer,joy,Sadness
167,1,Joey,surprise,Joy
167,2,Phoebe,anger,Disgust
167,3,Chandler,neutral,Joy
167,4,Phoebe,neutral,Disgust
167,5,Chandler,neutral,Joy
167,6,Monica,anger,Neutral
167,7,Ross,neutral,Neutral
167,8,Joey,sadness,Joy
167,9,Phoebe,anger,Disgust
167,10,Singer,neutral,Neutral
167,11,Singer,neutral,Sadness
167,12,Phoebe,neutral,Disgust
168,0,Ross,neutral,Neutral
168,1,Ross,neutral,Neutral
168,2,Ross,neutral,Neutral
168,3,Ross,neutral,Neutral
168,4,Ross,neutral,Neutral
168,5,Ross,neutral,Neutral
168,6,Rachel,surprise,Surprise
168,7,Ross,neutral,Neutral
168,8,Ross,neutral,Neutral
168,9,Rachel,anger,Anger
168,10,Ross,neutral,Neutral
168,11,Rachel,anger,Anger
168,12,Ross,neutral,Neutral
168,13,Ross,neutral,Neutral
168,14,Ross,neutral,Neutral
169,0,Ross,joy,Anger
169,1,Rachel,joy,Joy
169,2,Ross,neutral,Neutral
170,0,Monica,surprise,Surprise
170,1,Joey,neutral,Neutral
170,2,Monica,disgust,Anger
170,3,Joey,surprise,Surprise
170,4,Monica,disgust,Anger
170,5,Joey,neutral,Neutral
170,6,Monica,disgust,Disgust
170,7,Joey,surprise,Neutral
170,8,Joey,neutral,Neutral
170,9,Joey,neutral,Sadness
170,10,Joey,sadness,Sadness
170,11,Monica,neutral,Disgust
171,0,Rachel,joy,Joy
171,1,Ross,neutral,Neutral
171,2,Rachel,neutral,Neutral
171,3,Ross,neutral,Neutral
171,4,Rachel,surprise,Surprise
171,5,Ross,neutral,Joy
171,6,Rachel,surprise,Joy
171,7,Ross,surprise,Anger
172,0,David,neutral,Neutral
172,1,Chandler,neutral,Neutral
172,3,David,joy,Joy
172,4,David,joy,Joy
172,5,David,neutral,Joy
172,6,David,neutral,Joy
172,7,David,neutral,Joy
172,8,Chandler,joy,Joy
172,10,Chandler,neutral,Joy
173,0,Phoebe,joy,Anger
173,1,Joey,surprise,Surprise
173,2,Phoebe,joy,Anger
173,3,Phoebe,anger,Anger
173,4,Phoebe,anger,Anger
173,5,Joey,neutral,Neutral
173,6,Phoebe,anger,Anger
173,7,Joey,surprise,Surprise
173,8,Phoebe,anger,Anger
173,10,Hitchhiker,joy,Neutral
174,0,1st Customer,joy,Joy
174,1,Monica,joy,Joy
174,2,2nd Customer,joy,Joy
174,3,Monica,joy,Neutral
174,4,3rd Customer,neutral,Neutral
174,5,Monica,neutral,Neutral
174,6,3rd Customer,sadness,Disgust
174,7,Monica,surprise,Surprise
175,0,Joey,neutral,Surprise
175,1,Monica,joy,Neutral
175,2,Rachel,joy,Joy
175,3,Monica,neutral,Joy
175,4,Rachel,surprise,Surprise
175,5,Rachel,anger,Surprise
175,6,Chandler,neutral,Neutral
175,7,Ross,sadness,Disgust
175,8,Chandler,neutral,Neutral
175,9,Chandler,sadness,Sadness
175,10,Rachel,surprise,Sadness
175,11,Chandler,sadness,Sadness
176,0,Rachel,surprise,Neutral
176,1,Ross,neutral,Neutral
176,2,Rachel,surprise,Joy
176,4,Chandler,surprise,Neutral
176,5,Ross,surprise,Neutral
176,6,Monica,neutral,Neutral
176,7,Rachel,surprise,Surprise
176,8,Monica,neutral,Neutral
176,9,Ross,neutral,Joy
176,10,Joey,joy,Joy
177,0,Tag,joy,Neutral
177,1,Phoebe,neutral,Neutral
177,2,Tag,neutral,Neutral
177,3,Phoebe,fear,Surprise
177,4,Tag,joy,Neutral
177,5,Rachel,fear,Neutral
177,6,Tag,joy,Joy
177,7,Tag,joy,Joy
177,8,Rachel,sadness,Sadness
177,9,Tag,joy,Anger
177,10,Rachel,neutral,Sadness
178,0,Joey,joy,Neutral
178,1,The Presenter,neutral,Neutral
178,2,Joey,surprise,Surprise
179,0,Rachel,neutral,Neutral
179,1,Policeman,neutral,Neutral
179,2,Rachel,neutral,Neutral
179,3,Policeman,neutral,Neutral
179,4,Rachel,neutral,Neutral
179,5,Policeman,neutral,Neutral
179,6,Rachel,neutral,Neutral
179,7,Policeman,neutral,Neutral
179,8,Rachel,neutral,Neutral
179,9,Policeman,neutral,Neutral
179,10,Rachel,joy,Joy
179,11,Policeman,neutral,Neutral
179,12,Rachel,neutral,Neutral
179,13,Policeman,neutral,Neutral
179,14,Rachel,neutral,Neutral
179,15,Policeman,neutral,Neutral
179,16,Rachel,neutral,Joy
179,17,Policeman,neutral,Neutral
179,18,Rachel,neutral,Neutral
179,19,Ross,anger,Joy
180,0,Monica,joy,Neutral
180,4,Monica,sadness,Anger
180,5,Rachel,sadness,Disgust
180,6,Chandler,surprise,Surprise
180,7,Janice,surprise,Surprise
180,8,Joey,surprise,Surprise
180,9,Ross,joy,Surprise
180,10,Janice,neutral,Joy
180,11,Chandler,surprise,Surprise
180,12,Janice,neutral,Joy
180,13,Chandler,surprise,Surprise
180,14,Janice,joy,Joy
180,15,Chandler,fear,Anger
181,0,Joey,anger,Anger
181,1,Ross,neutral,Neutral
181,2,Ross,neutral,Neutral
181,3,Joey,surprise,Surprise
181,4,Ross,neutral,Neutral
182,0,Monica,neutral,Neutral
182,1,Rachel,sadness,Sadness
182,2,Monica,sadness,Sadness
182,3,Rachel,anger,Anger
182,4,Monica,anger,Anger
182,5,Rachel,anger,Anger
182,6,Monica,anger,Anger
182,7,Monica,neutral,Neutral
182,8,Monica,anger,Anger
182,9,Monica,anger,Neutral
182,10,Monica,neutral,Neutral
182,11,Rachel,neutral,Neutral
182,12,Rachel,neutral,Neutral
182,13,Rachel,neutral,Neutral
182,14,Rachel,neutral,Neutral
182,15,Rachel,neutral,Neutral
183,0,Phoebe,neutral,Neutral
183,1,Duncan,surprise,Surprise
183,2,Phoebe,joy,Joy
183,3,Duncan,neutral,Neutral
183,4,Phoebe,neutral,Neutral
183,5,Duncan,joy,Joy
183,6,Phoebe,neutral,Joy
183,7,Duncan,neutral,Neutral
183,8,Phoebe,neutral,Joy
183,9,Phoebe,joy,Joy
183,10,Phoebe,neutral,Joy
183,11,Phoebe,neutral,Joy
183,12,Duncan,joy,Neutral
183,13,Phoebe,neutral,Joy
183,14,Duncan,neutral,Joy
183,15,Phoebe,neutral,Neutral
183,16,Duncan,neutral,Neutral
183,17,Phoebe,neutral,Neutral
183,18,Duncan,neutral,Surprise
183,19,Phoebe,joy,Neutral
184,0,Jane,joy,Joy
184,1,Jane,neutral,Neutral
184,2,Jane,neutral,Neutral
184,3,Joey,joy,Neutral
184,4,Rachel,joy,Neutral
184,5,Joey,joy,Neutral
184,6,Rachel,sadness,Sadness
184,7,Joey,neutral,Sadness
184,8,Rachel,neutral,Neutral
184,9,Message,joy,Joy
184,10,Joey,anger,Anger
184,11,Rachel,surprise,Surprise
184,12,Joey,neutral,Neutral
184,13,Rachel,anger,Anger
184,14,Joey,neutral,Neutral
184,15,Rachel,surprise,Surprise
184,16,Joey,anger,Anger
184,17,Rachel,anger,Disgust
184,18,Joey,neutral,Neutral
184,19,Rachel,anger,Disgust
184,20,Joey,neutral,Neutral
184,21,Rachel,anger,Disgust
185,0,Rachel,surprise,Neutral
185,1,Chandler,neutral,Neutral
185,2,Rachel,surprise,Surprise
185,3,Phoebe,neutral,Neutral
185,4,Rachel,surprise,Surprise
185,5,Rachel,sadness,Neutral
185,6,Rachel,surprise,Joy
185,7,Rachel,surprise,Joy
185,8,Phoebe,surprise,Joy
185,9,Monica,surprise,Surprise
185,10,Chandler,neutral,Neutral
185,11,Rachel,surprise,Surprise
185,12,Chandler,fear,Fear
185,13,Rachel,surprise,Surprise
186,0,Gary,joy,Joy
186,1,Phoebe,joy,Joy
186,2,Gary,joy,Joy
186,3,Phoebe,joy,Joy
186,4,Gary,neutral,Surprise
186,5,Phoebe,surprise,Surprise
187,0,Rachel,sadness,Sadness
187,1,Phoebe,surprise,Surprise
187,2,Bonnie,joy,Neutral
187,3,Rachel,surprise,Surprise
187,4,Bonnie,neutral,Neutral
187,5,Rachel,surprise,Neutral
187,6,Bonnie,neutral,Neutral
187,7,Rachel,neutral,Neutral
187,8,Phoebe,neutral,Neutral
187,9,Bonnie,joy,Neutral
188,0,Rachel,neutral,Anger
188,2,Rachel,neutral,Anger
188,3,Ross,anger,Anger
188,4,Rachel,anger,Anger
188,5,Ross,anger,Anger
188,6,Rachel,neutral,Anger
189,0,Monica,fear,Fear
189,1,Joey,neutral,Neutral
189,2,Rachel,neutral,Neutral
189,3,Joey,neutral,Joy
189,4,Phoebe,neutral,Surprise
189,5,Rachel,joy,Surprise
189,6,Monica,anger,Anger
189,7,Ross,neutral,Neutral
189,8,Rachel,anger,Anger
189,9,Phoebe,neutral,Neutral
189,10,Ross,neutral,Neutral
189,12,Joey,surprise,Joy
189,13,Ross,anger,Anger
189,14,Joey,joy,Joy
189,15,Janice,neutral,Joy
190,0,Chandler,neutral,Neutral
190,1,Phoebe,neutral,Neutral
190,2,Joey,joy,Joy
190,3,Chandler,neutral,Neutral
190,4,Monica,joy,Joy
190,5,Joey,neutral,Joy
190,6,Chandler,joy,Anger
190,7,Joey,neutral,Joy
191,0,Joey,anger,Anger
191,1,Woman,neutral,Neutral
191,2,Joey,neutral,Neutral
191,3,Woman,joy,Joy
191,4,Joey,neutral,Joy
191,5,Joey,neutral,Joy
191,6,Joey,neutral,Neutral
192,0,Ross,sadness,Neutral
192,1,Ross,neutral,Neutral
192,2,Ross,neutral,Neutral
192,3,Ross,joy,Joy
192,4,Ross,joy,Joy
192,5,Rachel,disgust,Disgust
192,6,Joey,joy,Joy
192,7,Ross,disgust,Anger
193,0,Phoebe,neutral,Joy
193,1,Leslie,joy,Joy
193,2,Phoebe,joy,Joy
193,3,Leslie,neutral,Neutral
193,4,Phoebe,neutral,Disgust
193,5,Leslie,surprise,Surprise
193,6,Phoebe,neutral,Neutral
193,7,Phoebe,neutral,Neutral
194,0,Leslie,neutral,Sadness
194,1,Phoebe,joy,Sadness
195,0,Rachel,neutral,Neutral
195,1,Rachel,neutral,Neutral
195,2,Rachel,joy,Neutral
195,3,Rachel,disgust,Joy
195,4,Ross,joy,Neutral
195,5,Isabella,neutral,Neutral
195,6,Ross,neutral,Surprise
195,7,Monica,surprise,Surprise
195,8,Ross,anger,Anger
195,9,Monica,neutral,Neutral
195,10,Ross,neutral,Neutral
195,11,Rachel,disgust,Joy
195,12,Ross,neutral,Anger
195,13,Rachel,neutral,Joy
195,14,Ross,anger,Joy
195,15,Rachel,neutral,Joy
195,16,Ross,neutral,Joy
195,17,Rachel,neutral,Neutral
195,18,Monica,surprise,Surprise
195,19,Rachel,joy,Joy
196,0,Ross,neutral,Neutral
196,1,Ross,neutral,Joy
196,2,Monica,surprise,Joy
197,0,Joey,joy,Joy
197,1,Joey's Hand Twin,surprise,Neutral
197,2,Joey,joy,Neutral
197,3,Joey's Hand Twin,surprise,Neutral
197,4,Joey,joy,Surprise
197,5,Joey's Hand Twin,neutral,Surprise
197,6,Joey,neutral,Neutral
197,7,Ross,neutral,Neutral
198,0,Phoebe,neutral,Joy
198,1,Rachel,neutral,Neutral
198,2,Phoebe,joy,Joy
198,3,Rachel,neutral,Neutral
198,4,Phoebe,surprise,Joy
198,5,Rachel,neutral,Neutral
198,6,Phoebe,joy,Joy
199,0,Phoebe,sadness,Sadness
199,1,Rachel,joy,Joy
199,2,Rachel,joy,Joy
199,3,Rachel,joy,Joy
199,4,Chandler,neutral,Neutral
199,5,Rachel,neutral,Neutral
199,6,Joey,surprise,Joy
199,7,All,surprise,Joy
199,8,Joey,neutral,Surprise
199,9,Phoebe,surprise,Surprise
199,10,Rachel,neutral,Surprise
199,11,Joey,neutral,Joy
200,0,Ross,neutral,Neutral
200,1,Joey,anger,Anger
200,2,Ross,surprise,Surprise
200,3,Joey,surprise,Anger
200,4,Ross,anger,Anger
200,5,Joey,anger,Anger
200,6,Ross,anger,Anger
200,7,Joey,joy,Joy
200,8,Ross,joy,Anger
200,9,Joey,joy,Joy
201,0,Elizabeth,neutral,Surprise
201,1,Ross,neutral,Neutral
201,2,Elizabeth,joy,Joy
201,3,Ross,fear,Neutral
201,4,Ross,sadness,Neutral
201,5,Ross,fear,Neutral
201,6,Elizabeth,surprise,Surprise
201,7,Ross,surprise,Anger
201,8,Elizabeth,joy,Joy
201,9,Ross,joy,Joy
202,0,Chandler,joy,Neutral
202,1,Phoebe,neutral,Neutral
202,2,Chandler,neutral,Anger
202,3,Phoebe,neutral,Neutral
202,4,Chandler,neutral,Anger
202,5,Monica,surprise,Surprise
202,6,Phoebe,neutral,Neutral
202,7,Monica,surprise,Anger
202,8,Phoebe,joy,Joy
202,9,Monica,surprise,Anger
202,12,Chandler,neutral,Neutral
202,13,Monica,neutral,Neutral
202,14,Monica,neutral,Joy
202,15,Monica,neutral,Joy
202,16,Chandler,anger,Anger
203,0,Joey,joy,Joy
203,1,Ross,surprise,Surprise
203,2,Rachel,joy,Joy
203,3,Ross,joy,Joy
203,4,Rachel,joy,Neutral
203,5,Joey,neutral,Neutral
204,0,Rachel,joy,Joy
204,1,Kiki,neutral,Joy
204,2,Joanne,neutral,Neutral
204,3,Rachel,neutral,Neutral
204,4,Joanne,neutral,Neutral
204,5,Rachel,surprise,Surprise
204,6,Joanne,neutral,Neutral
204,7,Rachel,neutral,Anger
204,8,Kiki,surprise,Surprise
204,9,Rachel,neutral,Anger
204,10,Rachel,neutral,Neutral
204,11,Rachel,neutral,Neutral
204,12,Rachel,neutral,Neutral
204,13,Rachel,sadness,Sadness
205,0,Fireman No. 3,neutral,Joy
205,1,Rachel,neutral,Joy
205,2,Fireman No. 3,neutral,Joy
205,3,Rachel,surprise,Joy
205,4,Phoebe,joy,Joy
205,5,Monica,neutral,Neutral
205,6,Rachel,joy,Joy
206,0,Susan,neutral,Neutral
206,1,Ross,anger,Anger
206,2,Carol,neutral,Neutral
206,3,Ross,surprise,Surprise
206,4,Carol,anger,Sadness
206,5,Ross,neutral,Neutral
206,6,Susan,neutral,Neutral
206,7,Ross,anger,Anger
206,8,Susan,neutral,Anger
206,9,Carol,anger,Anger
206,10,Ross,surprise,Neutral
206,11,Susan,anger,Anger
206,12,Ross,anger,Anger
206,13,Carol,anger,Anger
206,14,Carol,anger,Anger
206,15,Ross,anger,Anger
206,16,Susan,anger,Anger
206,17,Ross,neutral,Neutral
206,18,Carol,anger,Anger
207,0,Monica,joy,Surprise
207,1,Mischa,neutral,Neutral
207,2,Monica,surprise,Surprise
207,3,Phoebe,neutral,Neutral
207,4,Phoebe,neutral,Neutral
207,5,Phoebe,neutral,Neutral
207,6,Mischa,neutral,Neutral
207,7,Mischa,neutral,Neutral
207,8,Phoebe,neutral,Neutral
207,9,Mischa,neutral,Neutral
207,10,Phoebe,joy,Neutral
207,11,Mischa,joy,Neutral
207,12,Mischa,neutral,Neutral
207,13,Monica,joy,Neutral
207,14,Mischa,surprise,Neutral
207,15,Phoebe,neutral,Anger
207,16,Monica,neutral,Anger
207,17,Phoebe,anger,Anger
207,18,Monica,anger,Anger
207,19,Phoebe,neutral,Anger
208,0,Danny,disgust,Neutral
208,1,Joey,neutral,Neutral
208,2,Chandler,surprise,Surprise
208,3,Joey,neutral,Neutral
208,4,Chandler,disgust,Neutral
208,5,Krista,joy,Joy
208,6,Danny,anger,Neutral
208,7,Krista,neutral,Neutral
208,8,Krista,neutral,Neutral
208,9,Danny,joy,Neutral
208,10,Rachel,surprise,Neutral
208,11,Chandler,joy,Surprise
208,12,Monica,surprise,Surprise
208,14,Joey,sadness,Neutral
208,15,Chandler,surprise,Surprise
208,16,Joey,surprise,Surprise
209,0,The Director,neutral,Neutral
210,0,Richard,anger,Surprise
210,1,Joey,surprise,Surprise
210,2,Richard,anger,Anger
210,3,Joey,anger,Anger
210,4,Richard,anger,Anger
210,5,Joey,anger,Anger
210,6,The Director,joy,Joy
210,7,Joey,joy,Joy
210,8,Richard,joy,Joy
210,9,The Assistant Director,neutral,Neutral
210,10,Phoebe,neutral,Neutral
211,0,Mrs. Geller,joy,Neutral
211,1,Chandler,neutral,Neutral
211,2,Mr. Geller,joy,Neutral
211,3,Chandler,neutral,Surprise
211,5,Mr. Geller,joy,Neutral
211,6,Mrs. Geller,disgust,Anger
211,7,Chandler,neutral,Disgust
211,8,Monica,disgust,Disgust
211,9,Mr. Geller,surprise,Surprise
211,10,Monica,joy,Joy
211,11,Monica,surprise,Surprise
211,12,Mrs. Geller,fear,Sadness
211,13,Monica,surprise,Fear
211,14,Mr. Geller,neutral,Neutral
212,0,Phoebe,neutral,Neutral
212,1,Monica,joy,Neutral
212,2,Phoebe,neutral,Neutral
212,3,Monica,surprise,Surprise
212,4,Phoebe,surprise,Surprise
212,5,Monica,disgust,Anger
212,6,Phoebe,neutral,Neutral
212,7,Monica,anger,Anger
212,8,Monica,neutral,Anger
212,9,Phoebe,surprise,Surprise
213,0,Ross,neutral,Neutral
213,1,Ross,neutral,Neutral
213,2,Ross,joy,Joy
213,3,Ross,neutral,Neutral
213,4,Chandler,sadness,Disgust
214,0,Phoebe,surprise,Surprise
214,1,Monica,neutral,Neutral
214,2,Phoebe,sadness,Sadness
214,3,David,surprise,Surprise
214,4,Phoebe,neutral,Neutral
214,5,David,surprise,Surprise
214,6,Phoebe,surprise,Surprise
214,7,David,neutral,Neutral
214,8,Phoebe,joy,Joy
214,9,David,neutral,Neutral
214,10,Phoebe,neutral,Neutral
215,0,Ross,joy,Joy
216,0,Ross,sadness,Sadness
216,1,Joey,neutral,Neutral
216,2,Ross,neutral,Neutral
217,0,Joey,neutral,Neutral
218,1,Ross,neutral,Neutral
218,2,Ross,neutral,Neutral
218,3,Ross,neutral,Neutral
218,4,Monica,sadness,Sadness
218,5,Joey,neutral,Neutral
218,6,Joey,sadness,Neutral
218,7,Joey,neutral,Neutral
218,8,Joey,neutral,Neutral
218,9,Joey,neutral,Neutral
218,10,Joey,neutral,Neutral
218,11,Joey,neutral,Neutral
218,12,Rachel,neutral,Joy
219,0,Chandler,joy,Disgust
219,1,Joey,neutral,Anger
219,2,Joey,neutral,Anger
219,3,Joey,joy,Joy
219,4,Joey,joy,Joy
219,5,Ross,neutral,Disgust
219,6,Monica,sadness,Sadness
219,7,Phoebe,neutral,Neutral
219,8,Monica,sadness,Sadness
219,9,Chandler,neutral,Joy
219,10,Chandler,sadness,Joy
219,11,Chandler,sadness,Joy
219,12,Monica,anger,Anger
220,0,Phoebe,neutral,Neutral
220,1,Rachel,joy,Joy
220,2,Monica,neutral,Neutral
220,3,Phoebe,sadness,Neutral
220,4,Rachel,neutral,Neutral
220,5,Monica,neutral,Neutral
220,6,Rachel,neutral,Neutral
221,0,Rachel,neutral,Surprise
221,1,Joshua,neutral,Neutral
221,2,Rachel,surprise,Joy
221,3,Joshua,neutral,Neutral
221,4,Rachel,neutral,Neutral
221,5,Joshua,fear,Joy
222,0,Doug,joy,Joy
222,1,Chandler,neutral,Neutral
222,2,Monica,neutral,Neutral
222,3,Doug,joy,Joy
222,4,Chandler,sadness,Sadness
222,5,Doug,joy,Joy
222,6,Monica,neutral,Neutral
222,7,Doug,neutral,Disgust
222,8,Doug,joy,Joy
222,9,Doug,neutral,Neutral
222,11,Doug,joy,Neutral
222,12,Doug,joy,Joy
222,13,Monica,joy,Neutral
222,14,Monica,neutral,Anger
222,15,Monica,disgust,Disgust
222,16,Monica,disgust,Anger
222,17,Chandler,neutral,Neutral
222,18,Monica,disgust,Anger
222,19,Chandler,disgust,Disgust
223,0,Emeril,neutral,Joy
223,1,Chandler,neutral,Anger
223,2,Monica,neutral,Neutral
223,3,Chandler,neutral,Neutral
223,4,Monica,neutral,Neutral
223,5,Chandler,sadness,Neutral
223,6,Monica,neutral,Disgust
223,7,Chandler,neutral,Neutral
223,8,Chandler,neutral,Joy
223,9,Monica,neutral,Neutral
223,10,Chandler,neutral,Joy
223,11,Monica,neutral,Disgust
223,12,Chandler,surprise,Surprise
223,13,Monica,neutral,Disgust
223,14,Chandler,neutral,Anger
224,0,Joey,neutral,Neutral
224,1,Man,neutral,Neutral
224,2,Joey,neutral,Neutral
224,3,Jake,neutral,Joy
224,4,Joey,joy,Joy
224,5,Jake,joy,Joy
225,0,Carol,disgust,Disgust
225,1,Ross,neutral,Neutral
225,2,Carol,joy,Fear
225,3,Ross,joy,Neutral
225,4,Ross,neutral,Neutral
225,5,Ross,neutral,Neutral
225,6,Carol,joy,Joy
225,7,Ross,neutral,Neutral
225,8,Carol,neutral,Neutral
225,9,Ross,sadness,Sadness
225,10,Carol,neutral,Neutral
225,11,Ross,neutral,Neutral
226,0,Rachel,surprise,Surprise
226,1,Danny,joy,Joy
226,2,Rachel,neutral,Neutral
226,3,Danny,neutral,Neutral
226,4,Rachel,neutral,Joy
226,5,Monica,neutral,Neutral
226,6,Rachel,neutral,Joy
226,7,Danny,neutral,Neutral
226,8,Rachel,surprise,Joy
226,9,Danny,joy,Joy
226,10,Tom,neutral,Neutral
226,11,Rachel,neutral,Disgust
226,12,Tom,surprise,Surprise
226,13,Rachel,neutral,Disgust
226,17,Tom,sadness,Neutral
226,18,Rachel,disgust,Anger
226,19,Rachel,joy,Joy
226,20,Monica,neutral,Neutral
226,21,Rachel,joy,Joy
227,0,Joey,neutral,Neutral
228,0,Phoebe,anger,Anger
228,1,Joey,sadness,Neutral
228,2,Joey,neutral,Neutral
228,3,Joey,surprise,Surprise
228,4,Phoebe,joy,Neutral
228,5,Joey,joy,Joy
228,6,Joey,neutral,Neutral
228,7,Phoebe,anger,Anger
229,0,Jill,neutral,Anger
229,1,Chandler,joy,Joy
229,2,Jill,neutral,Anger
229,3,Chandler,neutral,Neutral
229,4,Chandler,neutral,Neutral
230,0,Lecturer,neutral,Neutral
230,1,Ross,joy,Joy
231,0,Ross,neutral,Joy
231,1,Rachel,neutral,Neutral
231,2,Rachel,neutral,Surprise
231,3,Ross,neutral,Neutral
231,4,Ross,neutral,Joy
231,5,Rachel,neutral,Anger
231,6,Ross,neutral,Neutral
231,7,Rachel,anger,Anger
231,8,Ross,neutral,Surprise
231,9,Rachel,anger,Anger
231,10,Ross,sadness,Sadness
231,11,Rachel,neutral,Anger
231,12,Ross,neutral,Neutral
231,13,Rachel,neutral,Anger
231,14,Sophie,neutral,Neutral
232,0,Monica,surprise,Neutral
232,1,Chandler,neutral,Neutral
232,2,Chandler,neutral,Neutral
232,3,Monica,surprise,Anger
232,4,Chandler,neutral,Fear
232,5,Monica,anger,Anger
232,6,Chandler,neutral,Fear
232,7,Monica,anger,Anger
232,8,Chandler,neutral,Fear
232,9,Monica,surprise,Anger
232,10,Chandler,surprise,Surprise
232,11,Rachel,neutral,Neutral
232,12,Phoebe,surprise,Neutral
232,13,Monica,surprise,Neutral
232,14,Rachel,neutral,Neutral
232,15,Monica,neutral,Neutral
232,16,Rachel,surprise,Fear
232,17,Chandler,neutral,Neutral
232,18,Rachel,neutral,Neutral
232,19,Chandler,neutral,Neutral
233,0,Ross,joy,Joy
233,1,Monica,surprise,Neutral
234,1,The Woman,joy,Joy
234,2,Chandler,neutral,Neutral
234,3,The Woman,neutral,Joy
234,4,Monica,surprise,Anger
234,5,Chandler,neutral,Neutral
234,6,Chandler,anger,Neutral
234,8,Chandler,neutral,Neutral
234,9,Monica,neutral,Neutral
234,10,Chandler,surprise,Neutral
234,11,Monica,anger,Anger
235,0,Monica,anger,Neutral
235,1,Rachel,surprise,Surprise
235,2,Monica,joy,Joy
235,3,Rachel,joy,Neutral
235,4,Monica,surprise,Anger
235,5,Ross,joy,Neutral
235,6,Monica,neutral,Anger
235,7,Monica and Ross,neutral,Neutral
235,8,Monica,sadness,Sadness
235,9,Chandler,neutral,Joy
236,0,Joey,joy,Neutral
236,1,The Vendor,neutral,Neutral
236,2,Joey,neutral,Joy
236,3,Chandler,neutral,Disgust
236,4,Joey,neutral,Joy
236,5,Chandler,anger,Anger
236,6,Joey,surprise,Surprise
236,7,Chandler,neutral,Disgust
236,9,Chandler,neutral,Anger
236,10,The Vendor,neutral,Neutral
236,11,Chandler,disgust,Anger
236,12,Joey,neutral,Joy
236,13,The Vendor,anger,Neutral
236,14,Joey,joy,Neutral
236,15,Chandler,anger,Anger
237,0,Monica,surprise,Anger
237,1,Julio,surprise,Surprise
237,2,Monica,anger,Anger
237,3,Monica,neutral,Anger
237,4,Julio,surprise,Neutral
237,5,Monica,anger,Sadness
237,6,Julio,surprise,Neutral
237,7,Monica,surprise,Surprise
237,8,Julio,sadness,Sadness
237,9,Monica,sadness,Sadness
237,10,Julio,neutral,Neutral
237,11,Monica,neutral,Anger
238,0,Ross,neutral,Neutral
238,1,Phoebe,neutral,Neutral
238,2,Phoebe,neutral,Neutral
238,3,Phoebe,neutral,Neutral
238,4,Phoebe,neutral,Neutral
238,5,Phoebe,neutral,Neutral
238,6,Phoebe,neutral,Anger
239,0,Ross,neutral,Neutral
239,1,Ross,neutral,Neutral
239,2,Janine,joy,Joy
239,3,Ross,joy,Joy
239,4,Ross,neutral,Joy
239,5,Janine,fear,Disgust
239,6,Chandler,joy,Joy
240,0,Monica,neutral,Anger
240,1,David,neutral,Neutral
240,2,Monica,neutral,Neutral
240,3,Chandler,fear,Disgust
240,4,Monica,neutral,Neutral
240,5,Phoebe,neutral,Neutral
240,6,Phoebe,neutral,Neutral
241,0,Phoebe,anger,Surprise
241,1,Phoebe,sadness,Neutral
241,2,Phoebe,neutral,Neutral
241,3,Phoebe,anger,Neutral
241,4,Phoebe,joy,Anger
241,5,Rachel,anger,Neutral
241,6,Phoebe,neutral,Neutral
241,7,Rachel,neutral,Joy
241,8,Phoebe,anger,Anger
241,9,Rachel,neutral,Neutral
241,10,Phoebe,joy,Joy
241,11,Joey,disgust,Joy
241,12,Rachel,disgust,Anger
241,13,Joey,disgust,Joy
242,0,Chandler,joy,Neutral
242,1,Julie,neutral,Anger
242,2,Chandler,neutral,Neutral
242,3,Monica,neutral,Disgust
242,4,Chandler,neutral,Neutral
242,5,Julie,surprise,Surprise
242,6,Chandler,sadness,Surprise
243,0,Ross,joy,Joy
243,1,Rachel,surprise,Anger
244,0,Ross,neutral,Neutral
244,1,Ross,neutral,Neutral
244,3,Ross,neutral,Neutral
244,4,Rachel,fear,Neutral
244,5,Ross,neutral,Neutral
244,6,Ross,neutral,Joy
245,0,Phoebe,joy,Joy
245,1,Phoebe,joy,Joy
245,2,Monica,joy,Joy
245,3,Phoebe,joy,Joy
245,4,Monica,neutral,Joy
245,5,Phoebe,joy,Joy
245,6,Monica,neutral,Joy
245,7,Phoebe,joy,Joy
245,8,Monica,joy,Joy
245,9,Monica,sadness,Sadness
245,10,Phoebe,disgust,Neutral
245,11,Monica,disgust,Neutral
245,12,Monica,surprise,Surprise
245,13,Monica,sadness,Sadness
245,14,Monica,surprise,Sadness
245,15,Monica,sadness,Sadness
245,16,Phoebe,neutral,Neutral
246,0,Ross,joy,Joy
246,1,Mona,sadness,Joy
246,2,Rachel,neutral,Neutral
246,3,Rachel,neutral,Sadness
246,4,Rachel,neutral,Joy
246,5,Ross,neutral,Neutral
246,6,Rachel,neutral,Fear
247,0,Joey,neutral,Joy
247,1,Phoebe,surprise,Surprise
247,2,Joey,joy,Anger
248,0,Phoebe,neutral,Neutral
248,1,Phoebe,anger,Joy
248,3,Phoebe,joy,Joy
248,4,Phoebe,joy,Joy
248,5,Monica,anger,Anger
248,6,Phoebe,joy,Joy
248,7,Monica,anger,Anger
249,0,Rachel,neutral,Disgust
249,1,Joey,neutral,Joy
249,2,Monica,neutral,Neutral
249,3,Joey,joy,Neutral
249,4,Joey,sadness,Neutral
249,5,Joey,sadness,Joy
249,6,Monica,sadness,Anger
249,7,Joey,joy,Joy
249,8,Monica,neutral,Surprise
249,9,Joey,joy,Joy
249,10,Joey,joy,Joy
249,11,Joey,neutral,Joy
249,13,Joey,joy,Joy
250,0,Phoebe,surprise,Joy
250,1,Chandler,joy,Joy
250,2,Phoebe,surprise,Surprise
250,3,Chandler,joy,Joy
250,4,Phoebe,surprise,Surprise
250,5,Monica,neutral,Neutral
250,6,Rachel,neutral,Neutral
251,0,Rachel,anger,Neutral
251,1,Rachel,neutral,Neutral
251,2,Ross,neutral,Neutral
251,3,Rachel,neutral,Neutral
251,4,Ross,neutral,Neutral
251,5,Rachel,neutral,Neutral
251,6,Joey,sadness,Neutral
252,0,Ross,neutral,Neutral
252,1,Dr. Baldhara,neutral,Neutral
252,2,Dr. Baldhara,neutral,Neutral
252,3,Ross,neutral,Neutral
252,4,Dr. Baldhara,neutral,Neutral
252,5,Ross,neutral,Neutral
252,6,Dr. Baldhara,neutral,Neutral
252,7,Ross,neutral,Surprise
252,8,Dr. Baldhara,neutral,Neutral
252,9,Ross,neutral,Surprise
252,10,Dr. Baldhara,neutral,Neutral
252,13,Dr. Baldhara,neutral,Neutral
252,14,Joey,joy,Joy
252,15,Joey,neutral,Joy
252,16,Chandler,neutral,Joy
252,17,Ross,joy,Joy
252,18,Dr. Baldhara,disgust,Anger
252,19,Dr. Baldhara,neutral,Neutral
253,0,Chandler,neutral,Anger
253,1,Chandler,joy,Anger
253,2,Chandler,surprise,Surprise
253,3,Chandler,surprise,Surprise
253,4,Janice,neutral,Neutral
253,5,Janice,joy,Neutral
253,6,Janice,surprise,Neutral
253,7,Janice,neutral,Neutral
253,8,Chandler,joy,Joy
253,9,Janice,fear,Neutral
253,10,Chandler,joy,Fear
253,11,Janice,neutral,Neutral
254,0,Monica,fear,Neutral
254,1,Monica,anger,Anger
254,2,Phoebe,anger,Anger
254,3,Monica,anger,Anger
254,4,Phoebe,anger,Anger
254,5,Monica,anger,Anger
254,6,Phoebe,anger,Anger
254,7,Monica,neutral,Neutral
254,8,Monica,joy,Joy
254,9,Phoebe,anger,Anger
255,0,Monica,disgust,Disgust
255,1,Young Ethan,neutral,Neutral
255,2,Monica,surprise,Anger
255,3,Young Ethan,neutral,Neutral
255,4,Monica,disgust,Anger
255,5,Young Ethan,joy,Neutral
255,6,Monica,fear,Fear
255,7,Young Ethan,joy,Joy
255,8,Monica,surprise,Surprise
255,9,Young Ethan,sadness,Sadness
255,10,Monica,anger,Anger
255,11,Monica,anger,Anger
255,12,Monica,joy,Fear
255,13,Monica,disgust,Disgust
255,14,Monica,disgust,Disgust
255,15,Young Ethan,neutral,Neutral
256,0,Rachel,sadness,Anger
256,1,Ross,neutral,Neutral
256,2,Rachel,anger,Anger
256,3,Ross,neutral,Sadness
256,4,Ross,neutral,Neutral
256,5,Ross,neutral,Neutral
256,6,Ross,anger,Sadness
256,7,Rachel,joy,Anger
256,8,Phoebe,neutral,Neutral
256,9,Rachel,neutral,Anger
256,10,Rachel,sadness,Anger
256,11,Rachel,anger,Anger
256,12,Rachel,anger,Anger
256,13,Rachel,anger,Anger
256,14,Rachel,anger,Anger
256,15,Chandler,neutral,Neutral
257,0,Joey,joy,Neutral
257,1,Rachel,fear,Fear
257,2,Rachel,fear,Fear
257,3,Rachel,neutral,Fear
257,4,Rachel,sadness,Fear
257,5,Rachel,fear,Fear
257,6,Joey,fear,Fear
258,0,Chandler,joy,Joy
258,1,Monica,neutral,Neutral
258,2,Chandler,surprise,Neutral
258,3,Chandler,neutral,Neutral
258,4,Chandler,neutral,Neutral
258,5,Monica,neutral,Neutral
258,6,Chandler,joy,Anger
259,0,Dr. Leedbetter,fear,Neutral
259,1,Ross,fear,Surprise
259,2,Ross,anger,Anger
259,3,Ross,anger,Anger
260,0,Joey,neutral,Neutral
260,1,Phoebe,anger,Sadness
260,2,Joey,surprise,Surprise
260,3,Phoebe,sadness,Neutral
260,4,Phoebe,sadness,Anger
260,5,Phoebe,sadness,Anger
260,6,Rachel,sadness,Sadness
260,7,Phoebe,sadness,Anger
260,8,Chandler,neutral,Neutral
260,9,Phoebe,neutral,Anger
260,10,Ross,fear,Neutral
260,11,Phoebe,anger,Anger
261,0,Phoebe,surprise,Surprise
261,1,Phoebe Sr.,surprise,Surprise
261,2,Phoebe,neutral,Neutral
261,3,Phoebe Sr.,joy,Joy
261,4,Phoebe,anger,Anger
261,5,Phoebe Sr.,anger,Anger
261,6,Phoebe,neutral,Neutral
261,7,Phoebe Sr.,surprise,Joy
261,8,Phoebe,sadness,Anger
262,0,Phoebe,neutral,Neutral
262,1,Phoebe,neutral,Neutral
262,2,Phoebe,neutral,Neutral
262,3,Chandler,sadness,Fear
262,4,Janice,anger,Sadness
263,0,Phoebe,surprise,Joy
263,1,Monica,surprise,Joy
263,2,Phoebe,neutral,Joy
263,3,Monica,surprise,Neutral
263,4,Phoebe,neutral,Joy
263,5,Phoebe,neutral,Joy
263,6,Monica,joy,Neutral
263,7,Monica,disgust,Joy
263,8,Phoebe,joy,Joy
264,0,Chandler,neutral,Neutral
264,1,Ross,neutral,Neutral
264,2,Chandler,surprise,Surprise
264,3,Ross,neutral,Neutral
264,4,Chandler,joy,Disgust
264,5,Ross,neutral,Neutral
264,6,Chandler,neutral,Sadness
264,7,Ross,anger,Neutral
264,8,Chandler,fear,Sadness
264,9,Ross,neutral,Neutral
264,10,Ross,neutral,Neutral
264,11,Ross,neutral,Neutral
264,12,Ross,neutral,Neutral
264,13,Chandler,neutral,Neutral
264,14,Ross,neutral,Neutral
264,15,Ross,joy,Neutral
264,16,Chandler,neutral,Surprise
264,17,Ross,neutral,Neutral
264,18,Chandler,neutral,Disgust
265,0,Janice,anger,Sadness
265,1,Monica,neutral,Neutral
265,2,Janice,anger,Anger
265,3,Monica,neutral,Neutral
265,4,Janice,sadness,Anger
266,0,Chandler,neutral,Neutral
267,0,Chandler,neutral,Neutral
268,0,Chandler,surprise,Neutral
268,1,Chandler,neutral,Neutral
269,0,Monica,neutral,Neutral
269,1,Janice,surprise,Joy
270,0,Ross,neutral,Joy
270,1,Rachel,joy,Joy
270,2,Ross,joy,Surprise
270,3,Rachel,neutral,Joy
271,0,Rachel,surprise,Anger
271,1,Katie,joy,Disgust
271,2,Rachel,joy,Disgust
271,3,Katie,joy,Disgust
271,4,Rachel,joy,Disgust
271,5,Katie,surprise,Anger
271,6,Joey,neutral,Neutral
271,7,Katie,neutral,Anger
271,8,Joey,neutral,Neutral
271,9,Katie,anger,Anger
271,10,Joey,neutral,Neutral
272,0,Phoebe,fear,Fear
272,1,Joey,surprise,Anger
272,2,Phoebe,anger,Anger
272,3,Hitchhiker,anger,Neutral
272,4,Phoebe,neutral,Neutral
272,5,Hitchhiker,neutral,Neutral
272,6,Phoebe,neutral,Surprise
272,7,Joey,joy,Joy
272,8,Phoebe,anger,Anger
273,0,Chandler,neutral,Joy
273,1,Chandler,anger,Neutral
273,2,Chandler,sadness,Neutral
273,3,Chandler,sadness,Neutral
273,4,Chandler,sadness,Joy
273,5,Phoebe,neutral,Neutral
273,6,Chandler,neutral,Neutral
273,7,Phoebe,surprise,Neutral
273,8,Chandler,anger,Neutral
273,9,Phoebe,surprise,Joy
273,10,Chandler,neutral,Neutral
273,11,Joey,neutral,Neutral
273,12,Chandler,neutral,Neutral
273,13,Phoebe,joy,Joy
273,14,Chandler,neutral,Neutral
273,15,Ross,neutral,Joy
273,16,Chandler,neutral,Neutral
273,17,Ross,disgust,Neutral
273,18,Joey,surprise,Neutral
274,0,Joey,surprise,Fear
274,1,Chandler,surprise,Surprise
274,2,Joey,surprise,Fear
274,3,Chandler,disgust,Neutral
274,4,Chandler,neutral,Joy
274,5,Chandler,joy,Joy
274,6,Chandler,anger,Joy
274,7,Joey,anger,Anger
274,8,Joey,fear,Fear
274,9,Joey,joy,Neutral
274,10,Joey,fear,Fear
274,11,Chandler,surprise,Surprise
274,12,Joey,fear,Anger
275,0,Ross,anger,Anger
275,1,Joey,anger,Neutral
275,2,Rachel,neutral,Neutral
275,3,Ross,fear,Neutral
275,4,Joey,anger,Neutral
275,5,Rachel,fear,Sadness
275,6,Joey,neutral,Neutral
275,7,Rachel,neutral,Neutral
275,8,Joey,neutral,Neutral
275,9,Rachel,surprise,Surprise
275,10,Joey,fear,Fear
275,11,Rachel,anger,Joy
275,12,Joey,disgust,Anger
275,13,Rachel,surprise,Surprise
275,14,Joey,disgust,Anger
275,15,Rachel,fear,Neutral
275,16,Joey,anger,Anger
276,0,Rachel,joy,Joy
276,2,Rachel,anger,Anger
276,3,Joey,neutral,Neutral
277,0,Joey,neutral,Neutral
277,1,Joey,neutral,Neutral
277,2,The Interviewer,neutral,Neutral
277,3,Joey,anger,Anger
277,4,Joey,neutral,Neutral
277,5,The Interviewer,neutral,Neutral
277,6,Joey,neutral,Neutral
278,0,Rachel,neutral,Joy
278,1,Phoebe,joy,Joy
278,2,Phoebe,joy,Joy
278,3,Phoebe,neutral,Neutral
278,4,Phoebe,sadness,Joy
278,5,Phoebe,joy,Joy
278,6,Joey,neutral,Joy
278,7,Joey,joy,Joy
278,8,Phoebe,joy,Joy
279,0,Joey,surprise,Surprise
279,1,Rachel,sadness,Sadness
279,2,Joey,anger,Anger
279,3,Monica,fear,Neutral
279,4,Rachel,anger,Anger
279,5,Joey,neutral,Anger
279,6,Monica,surprise,Surprise
279,7,Chandler,neutral,Joy
279,8,Ross,neutral,Neutral
279,9,Chandler,joy,Anger
279,10,Ross,neutral,Neutral
279,11,Chandler,joy,Joy
279,12,Ross,neutral,Neutral
279,13,Chandler,anger,Anger
279,14,Ross,neutral,Neutral
279,15,Chandler,fear,Sadness
280,0,Rachel,neutral,Neutral
280,1,Phoebe,anger,Neutral
280,2,Joey,neutral,Neutral
281,0,Joey,joy,Neutral
281,1,Phoebe,joy,Neutral
281,2,Joey,neutral,Neutral
281,3,Phoebe,neutral,Neutral
281,4,Joey,surprise,Surprise
281,5,Phoebe,neutral,Neutral
281,6,Joey,disgust,Disgust
281,7,Phoebe,neutral,Neutral
281,8,Joey,disgust,Disgust
281,9,Phoebe,neutral,Neutral
281,10,Joey,surprise,Joy
282,0,Phoebe,joy,Joy
282,1,Joey,neutral,Neutral
282,2,Phoebe,joy,Joy
283,0,Joey,disgust,Disgust
283,1,Phoebe,neutral,Anger
283,2,Joey,disgust,Disgust
283,3,Phoebe,neutral,Anger
283,4,Phoebe,neutral,Anger
283,5,Joey,neutral,Anger
283,6,Phoebe,disgust,Anger
284,0,Phoebe,neutral,Disgust
284,1,Rachel,neutral,Surprise
284,2,Phoebe,neutral,Neutral
285,0,Joey,neutral,Neutral
285,1,Rachel,joy,Joy
285,2,Joey,neutral,Neutral
285,3,Rachel,joy,Neutral
285,4,Nurse,neutral,Neutral
285,5,Rachel,neutral,Fear
285,6,Nurse,neutral,Neutral
285,7,Joey,anger,Surprise
285,8,Rachel,neutral,Neutral
285,9,Joey,surprise,Surprise
285,10,Rachel,neutral,Neutral
285,11,Joey,neutral,Neutral
285,13,Rachel,neutral,Fear
285,14,Rachel,neutral,Fear
285,15,Rachel,neutral,Fear
285,16,Joey,neutral,Neutral
286,0,Chandler,neutral,Neutral
286,1,Rachel,neutral,Joy
286,2,Phoebe,neutral,Neutral
286,3,Chandler,neutral,Joy
287,0,Joey,neutral,Neutral
287,1,Chandler,sadness,Neutral
287,2,Joey,anger,Anger
287,3,Joey,neutral,Neutral
287,4,Chandler,anger,Disgust
287,5,Joey,neutral,Neutral
287,6,Joey,neutral,Neutral
287,7,Joey,joy,Joy
287,8,Joey,neutral,Neutral
287,9,Joey,neutral,Anger
287,10,Joey,neutral,Anger
287,11,Ross,neutral,Joy
287,12,Chandler,joy,Joy
288,0,Joey,joy,Joy
288,1,Gunther,neutral,Anger
288,2,Joey,surprise,Surprise
288,3,Gunther,surprise,Anger
288,4,Joey,neutral,Sadness
288,5,Gunther,neutral,Anger
288,6,Joey,anger,Anger
288,7,Ross,joy,Neutral
288,8,Rachel,joy,Neutral
288,9,Ross,neutral,Neutral
288,10,Rachel,neutral,Neutral
288,11,Ross,surprise,Surprise
288,12,Ross,surprise,Surprise
288,13,Ross,neutral,Surprise
288,14,Rachel,surprise,Surprise
288,15,Ross,joy,Neutral
288,16,Rachel,neutral,Neutral
288,17,Ross,neutral,Joy
288,18,Ross,neutral,Sadness
288,19,Ross,neutral,Joy
288,20,Joey,joy,Joy
289,1,Phoebe,fear,Fear
289,2,Earl,neutral,Neutral
289,3,Phoebe,sadness,Neutral
289,4,Earl,sadness,Sadness
289,5,Phoebe,neutral,Surprise
290,0,Earl,sadness,Surprise
291,0,Phoebe,sadness,Sadness
291,1,Earl,sadness,Sadness
292,0,Earl,neutral,Sadness
292,1,Earl,sadness,Anger
292,2,Earl,neutral,Neutral
292,3,Earl,neutral,Neutral
292,4,Earl,sadness,Sadness
292,5,Earl,neutral,Sadness
293,0,Joey,surprise,Neutral
293,1,Joey,surprise,Fear
293,2,Joey,fear,Fear
293,3,Monica,neutral,Neutral
293,4,Joey,fear,Neutral
293,5,Monica,neutral,Neutral
293,6,Joey,neutral,Neutral
293,7,Joey,neutral,Joy
293,8,Joey,joy,Joy
293,9,Chandler,neutral,Neutral
293,10,Monica,sadness,Joy
293,11,Chandler,neutral,Joy
293,12,Phoebe,joy,Joy
294,0,Paul,joy,Anger
294,1,Rachel,neutral,Surprise
295,0,Joey,surprise,Surprise
295,1,Phoebe,neutral,Neutral
295,2,Joey,surprise,Surprise
295,3,Joey,surprise,Anger
295,4,Phoebe,sadness,Sadness
295,5,Joey,anger,Anger
295,6,Joey,anger,Anger
295,7,Joey,anger,Anger
295,8,Joey,anger,Anger
295,9,Joey,anger,Anger
295,10,Phoebe,anger,Anger
295,11,Joey,anger,Anger
295,12,Phoebe,surprise,Surprise
295,13,Joey,anger,Anger
295,14,Phoebe,joy,Anger
295,15,Phoebe,neutral,Neutral
295,16,Phoebe,anger,Anger
295,17,Joey,anger,Anger
295,18,Phoebe,anger,Neutral
295,19,Joey,anger,Anger
295,20,Phoebe,anger,Neutral
295,21,Joey,anger,Anger
296,0,Ross,neutral,Neutral
296,1,Susan,neutral,Neutral
296,2,Carol,neutral,Neutral
296,3,Ross,surprise,Disgust
296,4,Susan,neutral,Neutral
296,5,Ross,anger,Neutral
296,6,Carol,neutral,Neutral
296,7,Ross,neutral,Neutral
296,8,Susan,neutral,Neutral
296,9,Ross,neutral,Neutral
296,10,Carol,neutral,Neutral
296,11,Ross,joy,Surprise
296,12,Carol,neutral,Neutral
296,13,Ross,neutral,Joy
296,14,Carol,surprise,Surprise
296,15,Rachel,surprise,Neutral
296,16,Barry,neutral,Neutral
296,17,Rachel,surprise,Neutral
296,18,Barry,neutral,Joy
296,19,Robbie,surprise,Surprise
296,20,Barry,neutral,Neutral
297,0,Monica,neutral,Anger
297,1,Monica,joy,Neutral
297,2,Phoebe,anger,Anger
297,3,Monica,neutral,Surprise
297,4,Phoebe,joy,Anger
297,5,Monica,neutral,Neutral
297,6,Phoebe,joy,Anger
297,7,Monica,neutral,Neutral
297,8,Phoebe,joy,Anger
297,9,Monica,neutral,Neutral
298,0,Monica,anger,Anger
298,1,Ross,anger,Anger
298,2,Ross,joy,Sadness
298,3,Monica,neutral,Sadness
298,4,Ross,sadness,Surprise
298,5,Ross,anger,Anger
298,6,Monica,anger,Anger
299,0,Joey,neutral,Joy
299,1,Chandler,neutral,Neutral
299,2,Joey,neutral,Joy
299,3,Chandler,neutral,Joy
300,0,Joey,joy,Anger
300,1,Lydia,neutral,Neutral
300,2,Joey,neutral,Neutral
300,3,Lydia,anger,Disgust
300,4,Joey,surprise,Surprise
300,5,Lydia,disgust,Disgust
300,6,Joey,neutral,Anger
300,7,Lydia,neutral,Neutral
300,8,Joey,disgust,Joy
300,9,Lydia,anger,Anger
300,10,Joey,anger,Surprise
300,11,Lydia,neutral,Neutral
300,12,Joey,fear,Sadness
300,14,Joey,neutral,Neutral
300,15,Lydia,neutral,Neutral
301,0,Barry,fear,Sadness
301,1,Bernice,fear,Neutral
301,2,Barry,fear,Fear
301,3,Barry,neutral,Neutral
301,4,Barry,fear,Fear
301,6,Rachel,neutral,Neutral
301,7,Rachel,neutral,Neutral
301,8,Rachel,anger,Anger
301,9,Rachel,surprise,Disgust
301,10,Rachel,neutral,Anger
301,11,Mindy,joy,Neutral
301,12,Rachel,disgust,Anger
301,13,Mindy,neutral,Neutral
301,14,Rachel,surprise,Disgust
301,15,Mindy,fear,Sadness
301,16,Rachel,sadness,Anger
302,0,Phoebe,neutral,Fear
302,1,Ross,sadness,Neutral
302,2,Phoebe,fear,Fear
302,3,Chandler,anger,Disgust
302,4,Ross,neutral,Neutral
302,5,Robert,surprise,Neutral
302,6,Phoebe,neutral,Neutral
302,7,Robert,neutral,Joy
302,8,Phoebe,neutral,Fear
302,9,Robert,surprise,Surprise
302,10,Phoebe,neutral,Neutral
303,0,Phoebe,anger,Anger
303,1,Monica,neutral,Neutral
304,0,Phoebe,neutral,Neutral
304,1,Chandler,neutral,Neutral
304,2,Monica,neutral,Neutral
304,3,Chandler,neutral,Disgust
304,4,Joey,neutral,Neutral
304,5,Chandler,surprise,Neutral
304,6,Monica,neutral,Neutral
304,7,Chandler,neutral,Anger
304,8,Monica,anger,Anger
304,9,Chandler,anger,Anger
304,10,Phoebe,anger,Joy
305,0,Chandler,joy,Anger
305,1,Issac,neutral,Neutral
305,2,Chandler,fear,Fear
305,3,Joey,neutral,Neutral
305,4,Issac,neutral,Neutral
305,5,Chandler,joy,Neutral
305,6,Chloe,neutral,Neutral
305,7,Chandler,neutral,Neutral
305,8,Chloe,neutral,Neutral
305,9,Joey,surprise,Surprise
305,10,Chloe,neutral,Joy
305,11,Chloe,neutral,Neutral
305,12,Joey,joy,Neutral
305,13,Chloe,joy,Joy
305,14,Chandler,joy,Joy
306,0,Ross,joy,Joy
306,1,Ross,joy,Joy
306,2,Ross,sadness,Sadness
306,3,Carol,joy,Sadness
306,4,Carol,neutral,Neutral
306,5,Ross,joy,Joy
306,6,Carol,joy,Joy
306,7,Ross,neutral,Neutral
307,0,Ross,neutral,Surprise
307,1,Monica,joy,Joy
307,2,Ross,sadness,Surprise
307,3,Monica,neutral,Anger
307,4,Ross,neutral,Joy
307,5,Monica,neutral,Joy
307,6,Monica,neutral,Neutral
307,7,Ross,neutral,Neutral
307,8,Monica,surprise,Neutral
307,9,Ross,neutral,Surprise
307,10,Monica,neutral,Anger
307,11,Ross,neutral,Neutral
307,12,Monica,neutral,Joy
308,0,Supervisor,neutral,Neutral
308,1,Phoebe,joy,Joy
308,2,Supervisor,neutral,Neutral
308,3,Phoebe,neutral,Neutral
308,4,Supervisor,neutral,Neutral
308,5,Phoebe,neutral,Neutral
309,0,Chandler,joy,Joy
309,1,Kathy,surprise,Surprise
309,2,Chandler,joy,Neutral
309,3,Kathy,neutral,Neutral
309,4,Chandler,neutral,Neutral
310,0,Phoebe,neutral,Neutral
310,1,Monica,neutral,Neutral
310,2,Phoebe,joy,Neutral
310,3,Monica,sadness,Anger
310,4,Rachel,neutral,Neutral
310,5,Monica,surprise,Surprise
310,6,Rachel,sadness,Anger
312,0,Ross,neutral,Anger
312,1,Rachel,anger,Anger
312,2,Ross,anger,Anger
312,3,Rachel,neutral,Anger
312,4,Ross,sadness,Surprise
312,5,Rachel,sadness,Neutral
312,6,Ross,neutral,Joy
312,7,Rachel,surprise,Surprise
312,8,Ross,surprise,Surprise
312,9,Rachel,anger,Anger
312,10,Rachel,surprise,Surprise
312,11,Rachel,neutral,Neutral
312,12,Rachel,sadness,Sadness
312,13,Ross,sadness,Surprise
312,14,Rachel,neutral,Neutral
312,15,Ross,neutral,Surprise
312,16,Rachel,neutral,Neutral
312,17,Chandler,anger,Anger
312,18,Joey,sadness,Sadness
312,19,Rachel,neutral,Anger
312,20,Joey,neutral,Neutral
312,21,Joey,sadness,Joy
313,0,Joey,neutral,Neutral
313,1,Chandler,neutral,Neutral
313,2,Joey,neutral,Neutral
313,3,Chandler,joy,Neutral
314,0,Rachel,joy,Joy
314,1,Phoebe,joy,Joy
314,2,Rachel,joy,Joy
314,3,Phoebe,neutral,Joy
314,4,Rachel,joy,Joy
314,5,Phoebe,joy,Joy
314,7,Phoebe,neutral,Surprise
314,8,Rachel,neutral,Joy
314,9,Phoebe,joy,Neutral
314,10,Rachel,neutral,Neutral
314,11,Joey,neutral,Neutral
314,12,Rachel,neutral,Neutral
315,0,Monica,neutral,Neutral
315,1,Phoebe,neutral,Neutral
315,2,Monica,joy,Neutral
315,3,Monica,joy,Joy
315,4,Phoebe,anger,Anger
315,5,Monica,neutral,Neutral
315,6,All,joy,Joy
315,7,Phoebe,joy,Joy
315,8,Monica,joy,Neutral
315,9,Chandler,joy,Joy
316,0,Joey,neutral,Neutral
316,1,Chandler,neutral,Neutral
316,2,Chandler,sadness,Sadness
316,3,Joey,neutral,Anger
316,4,Chandler,fear,Sadness
316,5,Joey,anger,Anger
316,6,Voice,joy,Joy
316,7,Joey,neutral,Joy
316,8,Voice,neutral,Joy
317,0,Phoebe,neutral,Anger
317,1,Rachel,joy,Neutral
317,2,Phoebe,neutral,Neutral
317,3,Rachel,anger,Surprise
317,4,Phoebe,neutral,Neutral
317,5,Ross,joy,Joy
317,6,Joey,joy,Neutral
317,7,Phoebe,joy,Anger
317,8,Joey,surprise,Surprise
317,9,Phoebe,anger,Anger
317,10,Joey,anger,Neutral
317,11,Ross,neutral,Neutral
317,12,Phoebe,anger,Anger
317,13,Phoebe,anger,Anger
317,14,Phoebe,anger,Sadness
317,15,Phoebe,anger,Sadness
318,0,Rachel,neutral,Surprise
318,1,Monica,neutral,Neutral
318,2,Chandler,neutral,Surprise
318,3,Monica,neutral,Neutral
318,4,Chandler,neutral,Joy
319,0,Pete,neutral,Joy
319,1,Monica,joy,Joy
319,2,Pete,neutral,Neutral
319,3,Monica,neutral,Neutral
319,4,Pete,neutral,Neutral
319,5,Monica,neutral,Neutral
319,6,Pete,anger,Joy
319,7,Monica,surprise,Surprise
319,8,Pete,sadness,Neutral
319,9,Monica,neutral,Neutral
319,10,Pete,neutral,Joy
319,11,Monica,neutral,Neutral
319,12,Pete,neutral,Joy
319,13,Monica,surprise,Surprise
319,14,Pete,joy,Joy
319,15,Monica,surprise,Surprise
319,16,Pete,neutral,Joy
319,17,Monica,joy,Disgust
319,18,Pete,neutral,Neutral
319,19,Pete,joy,Joy
319,20,Pete,joy,Joy
319,21,Pete,neutral,Joy
319,22,Monica,disgust,Disgust
320,0,Chandler,neutral,Neutral
320,1,Monica,neutral,Neutral
320,2,Chandler,neutral,Surprise
320,3,Monica,surprise,Surprise
320,4,Chandler,sadness,Surprise
320,5,Monica,joy,Surprise
320,6,Chandler,sadness,Joy
320,7,Monica,surprise,Surprise
320,8,Chandler,sadness,Sadness
320,9,Chandler,neutral,Neutral
320,10,Chandler,neutral,Neutral
320,11,Chandler,neutral,Joy
320,12,Monica,surprise,Surprise
320,13,Chandler,sadness,Sadness
320,14,Monica,neutral,Surprise
320,15,Chandler,neutral,Neutral
320,16,Monica,surprise,Sadness
320,17,Chandler,joy,Neutral
321,0,Phoebe,joy,Neutral
321,1,Eric,joy,Joy
321,2,Phoebe,joy,Joy
321,3,Eric,neutral,Neutral
321,4,Phoebe,surprise,Neutral
321,5,Eric,neutral,Neutral
321,6,Phoebe,surprise,Surprise
321,7,Eric,joy,Neutral
321,8,Phoebe,surprise,Anger
321,9,Eric,neutral,Surprise
321,10,Phoebe,disgust,Disgust
321,11,Eric,disgust,Fear
322,0,Monica,disgust,Surprise
322,1,Stu,surprise,Joy
323,0,Monica,sadness,Sadness
324,0,Phoebe Sr.,neutral,Neutral
324,1,Phoebe,surprise,Surprise
324,2,Joey,neutral,Neutral
324,3,Chandler,neutral,Neutral
324,4,Joey,neutral,Neutral
324,5,Joey,neutral,Neutral
324,6,Joey,neutral,Neutral
324,7,Joey,neutral,Neutral
325,0,Ross,neutral,Neutral
326,0,Phoebe,sadness,Neutral
326,1,Rachel,surprise,Surprise
326,2,Monica,surprise,Surprise
326,3,Phoebe,neutral,Neutral
326,4,Rachel,surprise,Surprise
326,5,Monica,fear,Surprise
326,6,Rachel,joy,Joy
326,7,Phoebe,neutral,Neutral
326,8,Rachel,neutral,Neutral
327,0,Phoebe,anger,Surprise
327,1,Ross,neutral,Anger
327,2,Phoebe,surprise,Surprise
327,3,Ross,neutral,Anger
327,4,Phoebe,joy,Anger
327,5,Phoebe,neutral,Neutral
327,6,Phoebe,anger,Neutral
327,7,Phoebe,neutral,Neutral
328,0,Jill,anger,Anger
328,1,Jill,anger,Anger
328,2,Jill,anger,Anger
328,3,Rachel,neutral,Neutral
328,4,Jill,anger,Anger
328,5,Ross,neutral,Neutral
328,6,Jill,joy,Neutral
328,7,Joey,joy,Neutral
328,8,Chandler,sadness,Surprise
329,0,Monica,joy,Joy
329,1,Rachel,anger,Anger
329,2,Phoebe,neutral,Neutral
329,3,Rachel,joy,Anger
329,4,Monica,anger,Anger
329,5,Rachel,surprise,Surprise
329,6,Phoebe,neutral,Neutral
329,7,Monica,anger,Anger
329,8,Phoebe,neutral,Neutral
329,9,Rachel,anger,Anger
329,10,Phoebe,neutral,Neutral
330,0,Joshua,neutral,Neutral
330,1,Rachel,neutral,Neutral
330,2,Joshua,joy,Joy
330,3,Rachel,neutral,Neutral
331,0,Phoebe,anger,Neutral
331,1,Chandler,neutral,Neutral
331,2,Phoebe,neutral,Sadness
331,3,Phoebe,neutral,Sadness
331,4,Phoebe,sadness,Sadness
331,5,All,neutral,Sadness
331,6,Monica,neutral,Neutral
331,7,Rachel,neutral,Joy
331,8,Monica,joy,Joy
331,9,Gunther,joy,Anger
332,0,Ross,surprise,Neutral
332,1,Joey,neutral,Neutral
332,2,Joey,neutral,Neutral
332,3,Joey,neutral,Neutral
332,4,Ross,neutral,Neutral
332,5,Mona,joy,Joy
332,6,Joey,neutral,Neutral
332,7,Mona,anger,Neutral
332,8,Joey,neutral,Joy
332,9,Mona,neutral,Neutral
332,10,Joey,neutral,Neutral
332,11,Ross,surprise,Surprise
332,12,Ross,anger,Anger
332,13,Ross,surprise,Anger
332,14,Ross,surprise,Anger
332,15,Ross,neutral,Surprise
333,0,Joey,neutral,Neutral
333,1,Tour Guide,neutral,Neutral
333,2,Joey,surprise,Surprise
333,3,Tour Guide,neutral,Neutral
333,4,Tour Guide,neutral,Neutral
334,0,Joey,joy,Neutral
334,1,Chandler,neutral,Neutral
334,2,Joey,sadness,Neutral
334,3,Chandler,neutral,Neutral
334,4,Kathy,neutral,Neutral
334,5,Kathy,neutral,Neutral
334,6,Kathy,neutral,Neutral
334,7,Kathy,neutral,Neutral
334,8,Kathy,neutral,Neutral
334,9,Chandler,neutral,Joy
334,10,Kathy,neutral,Neutral
334,11,Chandler,neutral,Sadness
334,12,Kathy,neutral,Neutral
335,0,Ross,neutral,Joy
335,1,Dr. Ledbetter,joy,Joy
335,2,Ross,neutral,Joy
335,3,Dr. Ledbetter,neutral,Neutral
336,0,Ross,surprise,Surprise
336,1,Chandler,joy,Joy
336,2,Monica,neutral,Neutral
336,3,Ross,neutral,Neutral
336,4,Monica,surprise,Surprise
336,6,Monica,sadness,Anger
336,7,Monica,anger,Anger
336,8,Monica,fear,Neutral
336,9,Monica,sadness,Anger
336,10,Ross,disgust,Neutral
336,11,Monica,sadness,Disgust
336,12,Chandler,neutral,Neutral
336,13,Ross,surprise,Joy
336,14,Chandler,surprise,Surprise
336,15,Ross,joy,Joy
336,16,Ross,joy,Joy
336,17,Ross,joy,Joy
336,18,Ross,joy,Joy
336,19,Rachel,neutral,Neutral
336,20,Ross,surprise,Neutral
336,21,Chandler,joy,Joy
337,0,Ross,neutral,Neutral
337,1,Chandler,surprise,Surprise
337,2,Ross,neutral,Neutral
337,3,Chandler,surprise,Surprise
337,4,Ross,joy,Neutral
337,5,Chandler,joy,Joy
337,6,Ross,sadness,Surprise
337,7,Chandler,surprise,Surprise
337,8,Ross,neutral,Neutral
337,9,Chandler,surprise,Anger
337,10,Ross,neutral,Neutral
337,11,Ross,neutral,Neutral
337,12,Ross,neutral,Neutral
337,13,Ross,neutral,Neutral
337,14,Chandler,surprise,Anger
337,15,Ross,sadness,Sadness
337,16,Chandler,surprise,Fear
337,17,Ross,neutral,Neutral
337,18,Chandler,anger,Anger
337,19,Ross,neutral,Neutral
338,0,Joshua,neutral,Neutral
338,1,Rachel,joy,Joy
338,2,Mrs. Burgin,neutral,Neutral
338,3,Rachel,surprise,Surprise
338,4,Rachel,joy,Neutral
338,5,Rachel,neutral,Neutral
338,6,Rachel,neutral,Neutral
338,7,Mrs. Burgin,neutral,Neutral
338,8,Rachel,joy,Neutral
338,9,Joshua,neutral,Neutral
338,10,Mr. Burgin,neutral,Neutral
338,11,Rachel,neutral,Neutral
338,12,Mr. Burgin,neutral,Neutral
338,13,Rachel,neutral,Neutral
338,14,Mr. Burgin,neutral,Neutral
338,15,Rachel,neutral,Neutral
338,16,Mr. Burgin,neutral,Neutral
339,0,Joey,neutral,Joy
339,1,Monica,neutral,Neutral
339,3,Monica,anger,Anger
339,4,Joey,joy,Neutral
340,0,Chandler,neutral,Neutral
341,0,Joey,neutral,Neutral
342,0,Chandler,neutral,Neutral
342,1,Ross,neutral,Neutral
342,2,Joey,neutral,Neutral
342,3,Ross,neutral,Neutral
342,4,Joey,neutral,Neutral
342,5,Ross,joy,Neutral
342,6,Chandler,anger,Disgust
342,7,Ross,joy,Neutral
342,8,Chandler,neutral,Neutral
342,9,Joey,neutral,Neutral
342,10,Chandler,anger,Disgust
342,11,Joey,neutral,Neutral
342,12,Chandler,neutral,Disgust
342,13,Joey,anger,Anger
342,14,Chandler,neutral,Neutral
342,15,Joey,joy,Joy
342,16,Ross,surprise,Surprise
342,17,Chandler,joy,Joy
342,18,Ross,neutral,Disgust
342,19,Chandler,neutral,Neutral
343,0,Monica,surprise,Joy
344,0,Joey,joy,Anger
344,1,Joey,neutral,Anger
344,2,Joey,neutral,Neutral
344,3,Joey,neutral,Surprise
344,4,Joey,surprise,Surprise
344,6,Monica,joy,Joy
344,7,Joey,joy,Joy
344,8,Joey,fear,Neutral
344,9,Joey,neutral,Neutral
344,10,Joey,surprise,Joy
344,11,Joey,joy,Joy
344,12,Joey,joy,Joy
344,13,Joey,neutral,Neutral
344,14,Monica,surprise,Joy
344,15,Joey,disgust,Disgust
345,0,Rachel,neutral,Neutral
345,1,Phoebe,neutral,Neutral
345,2,Rachel,joy,Joy
345,3,Phoebe,neutral,Joy
345,4,Rachel,joy,Joy
346,0,Chandler,joy,Neutral
346,1,Monica,surprise,Surprise
346,2,Chandler,surprise,Surprise
346,3,Monica,neutral,Neutral
346,4,Chandler,neutral,Neutral
346,5,Monica,surprise,Anger
346,6,Chandler,neutral,Neutral
347,0,Monica,sadness,Neutral
347,1,Chandler,neutral,Neutral
347,2,Monica,surprise,Surprise
347,3,Chandler,neutral,Neutral
347,4,Phoebe,sadness,Neutral
347,5,Chandler,neutral,Neutral
347,6,Monica,surprise,Surprise
347,7,Phoebe,sadness,Anger
347,8,Joey,surprise,Neutral
347,9,Phoebe,sadness,Sadness
347,10,Phoebe,sadness,Sadness
347,11,Monica,neutral,Neutral
348,0,Rachel,joy,Joy
348,1,Ross,joy,Joy
348,2,Man,joy,Neutral
348,4,Ross,neutral,Neutral
349,0,Monica,joy,Neutral
349,1,Phoebe,joy,Neutral
349,2,Ross,joy,Neutral
349,3,Monica,neutral,Neutral
349,4,Phoebe,joy,Neutral
349,5,Ross,joy,Joy
349,6,Monica,neutral,Neutral
349,7,Phoebe,sadness,Sadness
349,8,Ross,neutral,Neutral
349,9,Phoebe,neutral,Neutral
349,10,Chandler,joy,Joy
349,11,Phoebe,surprise,Fear
350,0,Chandler,neutral,Joy
350,1,Monica,joy,Joy
350,2,Chandler,joy,Joy
350,3,Monica,joy,Joy
350,4,Chandler,neutral,Neutral
350,5,Monica,neutral,Neutral
350,6,Chandler,neutral,Joy
350,7,Monica,neutral,Neutral
351,0,Dr. Green,anger,Anger
351,1,Mona,surprise,Surprise
351,2,Ross,surprise,Surprise
351,3,Dr. Green,anger,Anger
351,4,Ross,fear,Neutral
351,5,Dr. Green,anger,Disgust
351,6,Ross,fear,Fear
351,7,Mona,surprise,Surprise
351,8,Ross,joy,Neutral
351,9,Dr. Green,anger,Anger
351,10,Ross,anger,Anger
351,11,Mona,joy,Surprise
351,12,Ross,anger,Neutral
351,13,Dr. Green,anger,Anger
351,14,Mona,surprise,Surprise
351,15,Ross,joy,Neutral
352,0,Chandler,neutral,Neutral
352,1,Chandler,anger,Anger
352,2,Chandler,joy,Anger
352,3,Chandler,anger,Anger
352,4,Chandler,neutral,Anger
352,5,Chandler,joy,Anger
352,6,Chandler,surprise,Surprise
353,0,Joey,neutral,Surprise
353,1,Annabelle,neutral,Neutral
354,0,Mr. Heckles,neutral,Neutral
354,1,Monica,neutral,Neutral
354,2,Mr. Heckles,neutral,Neutral
354,3,Rachel,neutral,Neutral
354,4,Chandler,neutral,Neutral
354,5,Ross,neutral,Neutral
354,6,Phoebe,neutral,Neutral
354,7,Rachel,surprise,Surprise
354,8,Joey,joy,Joy
354,9,Monica,neutral,Neutral
354,10,Rachel,joy,Joy
354,11,Monica,neutral,Surprise
354,12,Rachel,neutral,Surprise
354,13,Mr. Treeger,neutral,Neutral
354,14,Monica,anger,Sadness
354,15,Mr. Treeger,neutral,Fear
354,16,Ross,neutral,Neutral
354,17,Mr. Treeger,neutral,Neutral
355,0,Monica,sadness,Sadness
355,1,Rachel,neutral,Neutral
355,2,Phoebe,neutral,Sadness
355,3,Chandler,joy,Joy
355,4,Phoebe,neutral,Neutral
356,0,Monica,sadness,Joy
356,1,Ross,surprise,Neutral
356,2,Monica,neutral,Joy
356,3,Rachel,surprise,Neutral
356,4,Joey,neutral,Neutral
356,5,Chandler,neutral,Neutral
356,6,Ross,sadness,Sadness
356,7,Joey,joy,Neutral
356,8,Rachel,neutral,Joy
356,9,Joey,sadness,Anger
356,10,Chandler,anger,Neutral
356,11,Joey,surprise,Neutral
356,12,Rachel,neutral,Neutral
356,13,Joey,joy,Joy
356,14,Chandler,neutral,Joy
356,15,Monica,neutral,Joy
356,16,Monica,neutral,Anger
356,17,Monica,anger,Joy
356,18,Monica,neutral,Joy
356,19,Monica,neutral,Joy
356,20,Monica,fear,Fear
356,21,Monica,anger,Fear
356,22,Joey,neutral,Joy
357,1,Monica,surprise,Fear
357,2,Chandler,neutral,Neutral
357,3,Joey,surprise,Surprise
358,0,Rachel,neutral,Joy
358,1,Chandler,neutral,Neutral
358,2,Chandler,neutral,Neutral
358,3,Phoebe,sadness,Neutral
358,4,Chandler,neutral,Neutral
358,5,Ross,neutral,Neutral
358,6,Phoebe,fear,Neutral
358,7,Chandler,neutral,Joy
358,8,Ross,surprise,Neutral
358,9,Phoebe,anger,Neutral
358,10,Chandler,joy,Joy
358,11,Rachel,surprise,Surprise
358,12,Phoebe,neutral,Neutral
358,13,Rachel,surprise,Surprise
358,14,Phoebe,sadness,Neutral
358,15,Phoebe,neutral,Neutral
358,16,Ross,neutral,Neutral
358,17,Ross,neutral,Neutral
358,18,Phoebe,sadness,Joy
359,0,Ross,surprise,Neutral
359,1,Emily,neutral,Neutral
359,3,Emily,sadness,Sadness
359,4,Ross,joy,Joy
359,5,Emily,joy,Sadness
359,6,Ross,sadness,Surprise
360,0,Monica,sadness,Sadness
360,1,Ross,sadness,Sadness
360,2,Chandler,neutral,Neutral
360,3,Ross,neutral,Neutral
360,4,Chandler,neutral,Neutral
360,5,Monica,neutral,Neutral
361,0,Ross,neutral,Neutral
361,1,Rachel,neutral,Neutral
361,2,Ross,neutral,Neutral
361,3,Rachel,surprise,Surprise
361,4,Ross,neutral,Neutral
361,5,Chandler,neutral,Neutral
361,6,Ross,joy,Neutral
361,7,Chandler,surprise,Joy
361,8,Ross,neutral,Neutral
361,9,Chandler,disgust,Disgust
361,10,Ross,joy,Neutral
361,11,Chandler,joy,Disgust
361,12,Rachel,neutral,Neutral
361,13,Chandler,neutral,Neutral
361,14,Rachel,neutral,Disgust
362,0,Rachel,sadness,Sadness
362,1,Ross,neutral,Neutral
362,2,Ross,neutral,Joy
362,3,Rachel,sadness,Disgust
362,4,Dr. Long,neutral,Joy
362,5,Rachel,sadness,Anger
362,6,Dr. Long,neutral,Neutral
362,7,Rachel,surprise,Surprise
362,8,Dr. Long,neutral,Neutral
362,9,Rachel,surprise,Joy
363,0,Carol,neutral,Fear
363,1,Rachel,neutral,Joy
364,0,Carol,neutral,Neutral
365,0,Rachel,neutral,Neutral
365,1,Flight Attendant,neutral,Neutral
365,2,Rachel,neutral,Neutral
365,3,Flight Attendant,neutral,Neutral
365,4,Rachel,neutral,Neutral
365,5,Rachel,sadness,Fear
365,6,Flight Attendant,anger,Anger
365,7,Rachel,neutral,Fear
365,8,Flight Attendant,neutral,Neutral
365,9,Rachel,neutral,Neutral
365,10,Flight Attendant,neutral,Neutral
365,11,Man,neutral,Surprise
365,12,Flight Attendant,neutral,Neutral
365,13,Man,surprise,Anger
365,14,Man,anger,Anger
366,0,Chandler,neutral,Neutral
366,1,Chandler,neutral,Neutral
366,2,Chandler,anger,Neutral
366,3,Chandler,neutral,Neutral
366,4,Janice,surprise,Surprise
366,5,Chandler,anger,Sadness
366,6,Janice,sadness,Sadness
366,7,Chandler,sadness,Fear
366,8,Phoebe,surprise,Surprise
366,9,Chandler,anger,Sadness
366,10,Phoebe,neutral,Neutral
366,11,Chandler,neutral,Neutral
366,12,Phoebe,neutral,Neutral
366,13,Chandler,fear,Fear
366,14,Phoebe,neutral,Neutral
366,15,Chandler,surprise,Surprise
366,16,Phoebe,neutral,Neutral
366,17,Chandler,neutral,Joy
366,18,Phoebe,neutral,Joy
367,0,Chandler,anger,Neutral
367,1,Joey,neutral,Neutral
367,2,Chandler,joy,Neutral
367,3,Chandler,neutral,Neutral
367,4,Chandler,neutral,Neutral
367,5,Joey,surprise,Surprise
367,6,Chandler,surprise,Neutral
367,7,Joey,neutral,Neutral
367,8,Chandler,joy,Joy
367,9,Joey,surprise,Surprise
367,10,Chandler,neutral,Joy
367,11,Joey,surprise,Surprise
367,12,Chandler,neutral,Joy
367,13,Chandler,neutral,Joy
367,14,Chandler,neutral,Joy
367,15,Chandler,surprise,Surprise
368,0,Ross,sadness,Joy
368,1,Ross,joy,Joy
369,0,Ross,neutral,Surprise
370,0,Sarah,neutral,Neutral
370,1,Ross,joy,Joy
370,2,Chandler,neutral,Neutral
370,3,Ross,surprise,Surprise
371,0,Joey,neutral,Neutral
371,1,Monica,neutral,Neutral
371,2,Joey,neutral,Neutral
371,3,Monica,neutral,Neutral
371,4,Joey,neutral,Joy
371,5,Monica,neutral,Neutral
371,6,Joey,surprise,Neutral
371,7,Monica,neutral,Joy
371,8,Joey,neutral,Joy
371,9,Monica,neutral,Neutral
371,10,Joey,surprise,Neutral
371,11,Monica,sadness,Surprise
372,0,Roger,neutral,Sadness
372,1,Phoebe,joy,Neutral
372,2,Roger,joy,Sadness
372,3,Phoebe,sadness,Neutral
372,4,Phoebe,sadness,Fear
372,5,Phoebe,sadness,Fear
372,6,Phoebe,sadness,Sadness
372,7,Roger,surprise,Surprise
372,8,Phoebe,joy,Joy
372,9,Phoebe,sadness,Joy
372,10,Phoebe,joy,Fear
372,11,Roger,neutral,Neutral
372,12,Phoebe,neutral,Sadness
373,1,Chandler,neutral,Neutral
373,3,Chandler,neutral,Neutral
373,4,Joey,joy,Joy
374,0,Monica,joy,Surprise
374,1,Chandler,surprise,Surprise
374,2,Monica,surprise,Neutral
374,3,Front Desk Clerk,neutral,Neutral
374,4,Monica,anger,Anger
374,5,Man,surprise,Neutral
374,6,Chandler,neutral,Anger
374,7,Monica,anger,Anger
374,8,Monica,anger,Anger
374,9,Monica,anger,Anger
374,10,Woman,neutral,Neutral
374,11,Woman,neutral,Neutral
374,12,Woman,anger,Joy
374,13,Woman,anger,Neutral
374,14,Woman,joy,Joy
374,15,Chandler,neutral,Anger
375,0,Mr. Zelner,joy,Joy
375,1,Rachel,neutral,Neutral
375,2,Rachel,joy,Sadness
375,3,Rachel,joy,Sadness
375,4,Rachel,fear,Surprise
376,0,Joey,joy,Neutral
376,1,Phoebe,joy,Neutral
376,2,Joey,joy,Joy
376,3,Phoebe,fear,Joy
377,0,Ross,neutral,Neutral
377,1,Ross,neutral,Neutral
377,2,Ross,neutral,Neutral
377,3,Student,neutral,Neutral
377,4,Ross,surprise,Surprise
377,5,Student,neutral,Neutral
377,6,Ross,anger,Anger
378,0,Phoebe,neutral,Neutral
378,1,Jason,neutral,Neutral
378,2,Jason,neutral,Sadness
379,0,Mark,surprise,Neutral
379,1,Rachel,sadness,Sadness
379,2,Mark,sadness,Sadness
379,3,Rachel,sadness,Neutral
379,4,Rachel,sadness,Neutral
379,5,Rachel,sadness,Sadness
379,6,Mark,surprise,Sadness
379,7,Joey,sadness,Neutral
379,8,Mark,neutral,Neutral
379,9,Mark,neutral,Neutral
379,10,Mark,surprise,Surprise
380,0,Mark,neutral,Anger
380,1,Mark,anger,Anger
380,2,Rachel,sadness,Sadness
380,3,Mark,neutral,Neutral
380,4,Rachel,joy,Fear
381,0,Mark,neutral,Anger
382,0,Joey,joy,Joy
382,1,Rachel,neutral,Neutral
382,2,Joey,joy,Neutral
383,0,Chandler,neutral,Neutral
383,1,Joey,disgust,Fear
383,2,Joey,joy,Anger
383,3,Joey,anger,Anger
383,4,Rachel,fear,Fear
383,5,Joey,neutral,Neutral
383,6,Rachel,neutral,Surprise
383,7,Joey,neutral,Neutral
383,8,Joey,neutral,Neutral
383,9,Joey,neutral,Neutral
383,10,Joey,neutral,Neutral
383,11,Joey,surprise,Surprise
384,0,Phoebe,neutral,Neutral
384,1,Guy,surprise,Surprise
384,2,Phoebe,neutral,Joy
384,3,Jim,neutral,Joy
384,4,Phoebe,joy,Surprise
385,0,Phoebe,anger,Neutral
385,1,Ross,joy,Anger
385,2,Phoebe,sadness,Surprise
385,3,Ross,sadness,Anger
385,4,Ross,neutral,Sadness
385,5,Phoebe,neutral,Neutral
386,0,Ross,joy,Surprise
387,0,Phoebe,sadness,Neutral
387,1,Monica,joy,Neutral
387,2,Ross,sadness,Sadness
387,3,Joey,joy,Joy
387,4,Joey,sadness,Neutral
388,0,Monica,joy,Neutral
388,1,Joey,neutral,Neutral
388,2,Joey,neutral,Neutral
388,3,Monica,surprise,Anger
388,4,Joey,disgust,Neutral
388,5,Monica,anger,Anger
388,6,Joey,disgust,Neutral
388,7,Monica,fear,Fear
388,8,Joey,neutral,Neutral
388,9,Monica,disgust,Disgust
388,10,Joey,surprise,Sadness
388,11,Joey,surprise,Neutral
388,12,Joey,joy,Sadness
388,13,Joey,neutral,Neutral
388,14,Monica,anger,Anger
388,15,Joey,neutral,Neutral
388,16,Monica,anger,Anger
389,0,Phoebe,neutral,Neutral
389,1,Monica,anger,Joy
389,2,All,joy,Joy
389,3,Joey,neutral,Neutral
389,4,Phoebe,surprise,Neutral
389,5,Joey,neutral,Neutral
389,6,Phoebe,joy,Joy
389,7,Joey,neutral,Joy
389,8,Monica,surprise,Neutral
389,9,Rachel,neutral,Neutral
389,10,Phoebe,neutral,Neutral
389,11,Rachel,joy,Neutral
389,12,Chandler,joy,Neutral
390,0,Rachel,surprise,Surprise
390,1,Joey,joy,Joy
390,2,Joey,surprise,Surprise
391,0,Phoebe,neutral,Neutral
392,0,Joey,joy,Joy
392,1,Phoebe,joy,Joy
392,2,Phoebe,joy,Surprise
392,3,Phoebe,joy,Surprise
392,4,Phoebe,joy,Surprise
392,5,Phoebe,neutral,Neutral
392,6,Phoebe,joy,Neutral
392,7,Joey,neutral,Neutral
392,8,Phoebe,joy,Neutral
392,9,Joey,joy,Joy
392,10,Phoebe,surprise,Neutral
392,11,Joey,neutral,Neutral
392,12,Phoebe,joy,Sadness
393,0,Joey,neutral,Neutral
393,1,Ross,neutral,Neutral
393,2,Emily,neutral,Neutral
393,3,Liam,surprise,Surprise
393,4,Emily,joy,Neutral
393,5,Liam,joy,Anger
393,6,Liam,anger,Anger
393,7,Ross,joy,Anger
394,0,Monica,anger,Anger
394,1,Mrs. Geller,neutral,Neutral
395,0,Joey,anger,Joy
395,1,Ross,neutral,Joy
395,2,Joey,anger,Joy
395,3,Ross,joy,Joy
395,4,Joey,anger,Joy
395,5,Ross,anger,Neutral
395,6,Joey,anger,Joy
395,7,Ross,neutral,Neutral
395,8,Joey,neutral,Joy
396,0,Ross,disgust,Anger
397,0,Joey,anger,Neutral
397,1,Ross,neutral,Neutral
397,2,Joey,neutral,Neutral
398,0,Phoebe,neutral,Sadness
398,1,Rachel,neutral,Sadness
398,2,Phoebe,anger,Neutral
398,3,Rachel,sadness,Sadness
398,4,Phoebe,surprise,Sadness
398,5,Rachel,neutral,Sadness
398,6,Phoebe,sadness,Sadness
398,7,Phoebe,surprise,Surprise
398,8,Rachel,sadness,Anger
398,9,Phoebe,disgust,Disgust
398,10,Rachel,disgust,Disgust
398,11,Phoebe,disgust,Disgust
398,12,Rachel,disgust,Disgust
398,13,Phoebe,neutral,Disgust
399,0,Rachel,disgust,Disgust
400,0,Phoebe,anger,Joy
400,1,Rachel,anger,Sadness
400,2,Phoebe,sadness,Surprise
400,3,Rachel,neutral,Neutral
400,4,Phoebe,neutral,Neutral
400,5,Rachel,joy,Sadness
400,6,Phoebe,surprise,Sadness
400,7,Rachel,neutral,Sadness
400,8,Rachel,sadness,Sadness
401,0,Phoebe Sr,neutral,Neutral
401,1,Phoebe Sr,neutral,Neutral
401,2,Phoebe Sr,neutral,Neutral
401,3,Phoebe,neutral,Neutral
401,4,Phoebe Sr,neutral,Neutral
401,5,Phoebe,neutral,Neutral
401,6,Phoebe Sr,neutral,Neutral
401,7,Phoebe,joy,Joy
401,8,Phoebe Sr,surprise,Surprise
401,9,Phoebe,neutral,Neutral
401,10,Phoebe Sr,surprise,Joy
401,11,Phoebe,sadness,Neutral
401,12,Phoebe Sr,surprise,Surprise
402,0,Chandler,neutral,Joy
402,1,Joey,neutral,Neutral
403,0,Chandler,neutral,Joy
404,0,Joey,joy,Joy
404,1,Chandler,joy,Neutral
404,2,Joey,neutral,Neutral
404,3,Chandler,sadness,Neutral
404,4,Joey,sadness,Neutral
404,5,Chandler,neutral,Neutral
404,6,Joey,neutral,Neutral
404,7,Joey,anger,Neutral
404,8,Joey,sadness,Neutral
404,9,Joey,joy,Joy
404,10,Chandler,joy,Joy
404,11,Joey,surprise,Joy
404,12,Joey,neutral,Neutral
404,13,Joey,neutral,Neutral
404,14,Joey,neutral,Neutral
404,15,Joey,neutral,Joy
404,17,Joey,neutral,Neutral
404,18,Chandler,neutral,Neutral
404,19,Joey,neutral,Neutral
405,0,Chandler,neutral,Anger
405,1,Chandler,anger,Anger
405,2,Chandler,anger,Anger
405,3,Chandler,anger,Anger
405,4,Chandler,anger,Surprise
405,5,Chandler,surprise,Surprise
405,6,Chandler,neutral,Anger
406,0,Ross,joy,Joy
406,1,Joey,joy,Joy
406,2,Chandler,joy,Joy
406,3,Rachel,joy,Joy
407,0,Joey,anger,Anger
407,1,Phoebe,sadness,Sadness
407,2,Joey,neutral,Neutral
407,3,Phoebe,surprise,Anger
407,4,Stage Director,neutral,Neutral
407,5,Joey,neutral,Neutral
407,6,PBS Volunteer,anger,Anger
407,7,Joey,anger,Anger
407,8,PBS Volunteer,neutral,Neutral
407,9,Stage Director,neutral,Neutral
407,10,Gary Collins,neutral,Neutral
408,0,Rachel,neutral,Neutral
408,1,Phoebe,neutral,Neutral
408,2,Rachel,neutral,Neutral
408,3,Rachel,neutral,Neutral
408,4,Phoebe,neutral,Neutral
409,0,Chandler,neutral,Neutral
409,1,Rachel,neutral,Neutral
409,2,Chandler,neutral,Neutral
409,3,Chandler,joy,Neutral
409,4,All,neutral,Neutral
409,5,Joey,neutral,Neutral
409,6,Ross,neutral,Neutral
409,7,Chandler,surprise,Surprise
409,8,Emily,surprise,Joy
409,9,Ross,neutral,Neutral
409,10,Emily,surprise,Joy
410,0,Carl,disgust,Neutral
410,1,Ross,surprise,Sadness
410,2,Rachel,anger,Anger
410,3,Ross,joy,Anger
410,4,Ross,neutral,Anger
410,5,Rachel,neutral,Anger
410,6,Ross,surprise,Sadness
410,7,Rachel,neutral,Neutral
410,8,Carl,neutral,Neutral
410,9,Ross,neutral,Sadness
410,10,Rachel,sadness,Sadness
410,11,Ross,neutral,Anger
410,12,Ross,neutral,Anger
410,13,Ross,neutral,Neutral
410,14,Ross,neutral,Sadness
410,15,Rachel,joy,Sadness
410,16,Ross,neutral,Sadness
410,17,Rachel,fear,Fear
410,18,Rachel,sadness,Sadness
411,0,Ross,neutral,Neutral
411,1,Phoebe,fear,Fear
411,2,Ross,neutral,Neutral
411,3,Phoebe,joy,Joy
411,4,Ross,neutral,Neutral
412,0,Phoebe,anger,Anger
412,1,Ross,neutral,Neutral
412,2,Chandler,neutral,Neutral
412,3,Ross,neutral,Neutral
412,4,Joey,sadness,Neutral
412,5,Ross,neutral,Neutral
412,6,Chandler,neutral,Neutral
412,7,Phoebe,surprise,Surprise
412,8,Rachel,joy,Sadness
412,9,Chandler,neutral,Neutral
412,10,Phoebe and Rachel,disgust,Sadness
412,11,Chandler,surprise,Anger
412,12,Joey,neutral,Neutral
412,13,Chandler,neutral,Neutral
412,14,Joey,anger,Anger
412,15,Chandler,neutral,Neutral
412,16,Joey,surprise,Surprise
413,0,Joey,neutral,Joy
413,1,Joey,neutral,Joy
413,2,Joey,neutral,Neutral
413,3,Monica,neutral,Neutral
413,4,Joey,neutral,Neutral
414,0,Joey,neutral,Neutral
414,1,Chandler,neutral,Neutral
414,2,Monica,neutral,Neutral
414,3,Joey,surprise,Neutral
414,4,Chandler,neutral,Neutral
414,6,Chandler,neutral,Neutral
414,7,Monica,joy,Joy
414,8,Joey,joy,Joy
414,9,Monica,neutral,Neutral
414,10,Joey,neutral,Neutral
414,11,Monica,neutral,Neutral
415,0,Ross,disgust,Neutral
415,1,Joey,neutral,Neutral
415,2,Joey,neutral,Neutral
415,3,Joey,neutral,Neutral
415,4,Joey,neutral,Neutral
415,5,Ross,neutral,Neutral
415,6,Joey,neutral,Neutral
415,7,Ross,neutral,Neutral
415,8,Joey,neutral,Neutral
415,9,Ross,disgust,Disgust
415,10,Joey,surprise,Neutral
416,0,Rachel,surprise,Surprise
416,1,Phoebe,surprise,Surprise
416,2,Chandler,neutral,Anger
416,4,Chandler,disgust,Anger
417,0,Rachel,neutral,Neutral
418,0,Joey,neutral,Neutral
418,1,Man,surprise,Surprise
418,2,Joey,neutral,Neutral
418,3,Joey,neutral,Neutral
418,4,Man,surprise,Surprise
418,5,Joey,neutral,Neutral
418,6,Man,neutral,Neutral
418,7,Joey,neutral,Neutral
418,8,Cliff,neutral,Neutral
418,9,Joey,neutral,Neutral
418,10,Cliff,anger,Neutral
418,11,Joey,neutral,Neutral
418,12,Cliff,neutral,Neutral
418,13,Joey,neutral,Neutral
418,14,Cliff,neutral,Neutral
418,15,Joey,surprise,Neutral
418,16,Cliff,surprise,Anger
418,17,Joey,neutral,Neutral
418,18,Cliff,sadness,Sadness
418,19,Joey,sadness,Sadness
418,20,Cliff,neutral,Sadness
418,21,Joey,neutral,Disgust
418,22,Cliff,neutral,Neutral
419,0,Ross,neutral,Joy
420,0,Phoebe,joy,Joy
420,1,Rachel,joy,Joy
420,2,Phoebe,joy,Joy
420,3,Rachel,neutral,Neutral
420,4,Phoebe,disgust,Anger
420,5,Joey,neutral,Neutral
420,6,Phoebe,neutral,Neutral
420,7,Monica,neutral,Neutral
421,0,Joey,neutral,Neutral
421,1,Joey,neutral,Neutral
421,2,Joey,neutral,Neutral
421,3,Joey,fear,Neutral
421,4,Joey,fear,Neutral
421,5,Joey,fear,Neutral
421,6,Rachel,neutral,Neutral
421,7,Joey,fear,Fear
421,8,Rachel,neutral,Neutral
422,0,Chandler,neutral,Neutral
422,1,Phoebe,neutral,Neutral
422,2,Chandler,neutral,Neutral
422,3,Phoebe,neutral,Neutral
422,4,Chandler,neutral,Surprise
422,5,Phoebe,neutral,Neutral
422,6,Chandler,surprise,Surprise
422,7,Phoebe,neutral,Neutral
423,0,Monica,neutral,Neutral
423,1,Monica,neutral,Neutral
423,2,Monica,neutral,Neutral
423,3,Monica,neutral,Neutral
423,4,Monica,neutral,Fear
423,5,Monica,surprise,Fear
423,6,Monica,anger,Anger
423,7,Monica,anger,Anger
423,8,Chandler,neutral,Neutral
423,9,Joey,joy,Joy
423,10,Chandler,joy,Joy
424,0,Ross,joy,Joy
424,1,Chandler,surprise,Neutral
424,2,Ross,neutral,Neutral
424,3,Ross,neutral,Neutral
424,4,Ross,neutral,Neutral
424,5,Ross,neutral,Neutral
424,6,Ross,neutral,Neutral
424,7,Ross,neutral,Neutral
424,8,Phoebe,neutral,Neutral
424,9,Ross,neutral,Neutral
424,10,Ross,neutral,Neutral
424,11,Ross,neutral,Neutral
424,12,Ross,anger,Disgust
424,14,Ross,joy,Neutral
424,15,Phoebe,joy,Neutral
424,16,Joey,joy,Anger
425,0,Phoebe,neutral,Neutral
425,1,Rachel,neutral,Sadness
425,2,Rachel,sadness,Sadness
425,3,Phoebe,surprise,Surprise
425,4,Rachel,surprise,Neutral
425,5,Phoebe,surprise,Surprise
426,0,Phoebe,neutral,Neutral
426,1,Phoebe,sadness,Sadness
426,2,Phoebe,anger,Joy
426,3,Phoebe,neutral,Neutral
426,4,Phoebe,neutral,Neutral
426,5,Phoebe,neutral,Neutral
426,6,Phoebe,neutral,Neutral
426,7,Phoebe,sadness,Sadness
427,0,Monica,sadness,Anger
427,1,Joey,neutral,Joy
428,0,Chandler,neutral,Neutral
428,1,Phoebe,anger,Joy
428,2,Chandler,joy,Joy
428,3,Monica,surprise,Neutral
428,4,Chandler,anger,Anger
428,5,The Cigarette Guy,neutral,Neutral
428,6,Rachel,anger,Surprise
428,7,Chandler,surprise,Anger
428,8,Chandler,sadness,Neutral
429,0,Joey,neutral,Neutral
429,1,Chandler,neutral,Neutral
429,2,Chandler,neutral,Neutral
429,3,Chandler,neutral,Disgust
429,4,Lorraine,joy,Joy
429,5,Chandler,neutral,Neutral
429,6,Lorraine,neutral,Neutral
429,7,Lorraine,neutral,Neutral
429,8,Lorraine,neutral,Neutral
429,9,Chandler,surprise,Surprise
429,10,Janice,surprise,Surprise
429,11,Chandler,neutral,Surprise
430,0,Ross,anger,Fear
430,1,Phoebe,neutral,Joy
430,2,Rachel,sadness,Surprise
430,3,Phoebe,anger,Neutral
430,4,Rachel,surprise,Anger
430,5,Phoebe,neutral,Neutral
430,6,Rachel,neutral,Anger
430,7,Phoebe,surprise,Neutral
430,8,Joey,anger,Neutral
431,0,All,joy,Neutral
431,1,Joey,neutral,Neutral
431,2,Phoebe,neutral,Neutral
431,3,Joey,neutral,Neutral
431,4,Phoebe,neutral,Neutral
431,5,Joey,joy,Joy
431,6,Phoebe,anger,Joy
431,7,Monica,joy,Joy
431,8,Joey,joy,Joy
431,9,Phoebe,disgust,Anger
431,10,Phoebe,surprise,Anger
431,11,Phoebe,anger,Anger
431,12,Phoebe,anger,Anger
431,13,Phoebe,anger,Anger
431,14,Chandler,anger,Joy
431,15,Rachel,surprise,Neutral
431,16,Rachel,anger,Disgust
431,17,Chandler,sadness,Neutral
431,18,Phoebe,disgust,Disgust
431,19,Monica,disgust,Disgust
432,0,Phoebe,neutral,Neutral
433,0,Ross,neutral,Neutral
433,1,Rachel,neutral,Neutral
434,0,Rachel,sadness,Sadness
434,1,Rachel,sadness,Sadness
434,2,Rachel,sadness,Sadness
434,3,Ross,neutral,Neutral
434,4,Ross,neutral,Neutral
434,5,Ross,neutral,Neutral
434,6,Ross,joy,Neutral
434,7,Ross,joy,Neutral
434,8,Rachel,neutral,Neutral
434,9,Ross,neutral,Neutral
434,10,Rachel,sadness,Sadness
434,11,Ross,neutral,Surprise
434,12,Rachel,neutral,Joy
434,13,Ross,neutral,Neutral
434,14,Rachel,neutral,Neutral
435,0,Mrs. Geller,neutral,Neutral
435,1,Ross,joy,Joy
435,2,Rachel,joy,Joy
435,3,Mrs. Geller,surprise,Neutral
435,4,Mr. Geller,surprise,Disgust
435,5,Ross,neutral,Neutral
435,6,an,joy,Joy
435,7,Rachel,joy,Joy
435,8,an,joy,Joy
435,9,Ross,surprise,Surprise
436,0,Joey,joy,Anger
436,1,Joey,disgust,Anger
436,2,Joey,anger,Anger
436,3,Joey,disgust,Anger
436,4,Rachel,neutral,Neutral
436,5,Joey,surprise,Anger
437,0,Chandler,anger,Neutral
437,1,Phoebe,surprise,Surprise
437,2,Joey,neutral,Anger
438,0,Monica,anger,Surprise
438,1,Richard,neutral,Disgust
438,2,Richards Date,neutral,Neutral
438,3,Monica,surprise,Surprise
438,4,Richard,neutral,Neutral
438,5,Richard,neutral,Neutral
438,7,Richard,neutral,Neutral
438,8,Richards Date,neutral,Disgust
438,9,Joey,joy,Joy
438,10,Richards Date,sadness,Anger
438,11,Richard,neutral,Anger
438,12,Monica,joy,Neutral
438,13,Richard,neutral,Neutral
438,14,Monica,neutral,Anger
438,15,Richard,neutral,Disgust
439,0,Frank,neutral,Neutral
439,1,Phoebe,disgust,Neutral
439,2,Phoebe,neutral,Neutral
439,3,Phoebe,joy,Joy
439,4,Phoebe,surprise,Joy
439,5,Phoebe,joy,Joy
439,6,Frank,neutral,Joy
440,0,Phoebe,neutral,Neutral
440,1,Monica,neutral,Neutral
440,2,Phoebe,joy,Neutral
440,3,Rachel,neutral,Neutral
440,4,Monica,neutral,Neutral
440,5,Phoebe,neutral,Neutral
440,6,Rachel,neutral,Neutral
440,7,Phoebe,neutral,Neutral
440,8,Monica,neutral,Neutral
440,9,Rachel,surprise,Neutral
440,10,Monica,neutral,Neutral
440,11,Rachel and Phoebe,disgust,Disgust
440,12,Rachel,neutral,Neutral
440,13,Monica,neutral,Surprise
441,0,Ross,neutral,Joy
441,1,Mona,sadness,Sadness
441,2,Mona's Date,neutral,Neutral
441,3,Mona,joy,Neutral
441,4,Mona,neutral,Neutral
441,5,Mona,neutral,Joy
441,6,Mona,neutral,Neutral
441,7,Mona's Date,sadness,Neutral
441,8,Mona,neutral,Neutral
441,9,Mona's Date,neutral,Disgust
442,0,Joey,joy,Joy
442,1,Ross,neutral,Neutral
442,2,Chandler,neutral,Neutral
442,3,Ross,neutral,Neutral
442,4,Chandler,disgust,Neutral
442,5,Joey,surprise,Neutral
443,0,Monica,joy,Joy
443,1,Rachel,neutral,Neutral
443,2,Monica,neutral,Joy
443,3,Rachel,neutral,Neutral
443,4,Phoebe,neutral,Joy
443,5,Rachel,neutral,Disgust
443,6,Phoebe,neutral,Anger
443,7,Phoebe,surprise,Surprise
444,0,Lydia,surprise,Neutral
444,1,Guy,neutral,Neutral
444,2,Lydia,neutral,Neutral
444,3,Guy,neutral,Sadness
444,4,Lydia,neutral,Neutral
444,5,Guy,neutral,Disgust
444,6,Lydia,neutral,Neutral
445,0,Phoebe,neutral,Neutral
445,1,Rachel,surprise,Fear
445,2,Phoebe,sadness,Neutral
445,3,Rachel,fear,Neutral
445,4,Dr. Green,neutral,Neutral
445,5,Rachel,surprise,Neutral
445,6,Dr. Green,neutral,Neutral
445,7,Rachel,surprise,Surprise
445,8,Dr. Green,joy,Neutral
445,9,Rachel,sadness,Sadness
445,10,Rachel,sadness,Sadness
445,11,Dr. Green,neutral,Anger
445,12,Rachel,fear,Fear
445,13,Dr. Green,anger,Anger
445,14,Dr. Green,anger,Anger
445,15,Dr. Green,anger,Anger
445,16,Dr. Green,anger,Anger
445,17,Dr. Green,anger,Anger
445,18,Dr. Green,anger,Anger
445,19,Dr. Green,anger,Anger
445,20,Rachel,sadness,Sadness
446,0,Phoebe,surprise,Surprise
446,1,Chandler,surprise,Surprise
446,2,Phoebe,neutral,Joy
446,3,Pete,neutral,Joy
446,4,Phoebe,neutral,Joy
446,5,Joey,neutral,Joy
446,6,Chandler,neutral,Neutral
446,7,Joey,neutral,Joy
446,8,Pete,neutral,Neutral
446,9,All,neutral,Neutral
446,10,Chandler,surprise,Surprise
446,11,Pete,neutral,Neutral
446,12,Monica,joy,Joy
446,13,Monica,joy,Joy
446,14,Monica,anger,Neutral
446,15,Monica,sadness,Sadness
446,16,Monica,sadness,Sadness
446,17,Monica,sadness,Sadness
446,18,Monica,sadness,Sadness
446,19,Ross and Joey,neutral,Neutral
447,0,Phoebe,neutral,Neutral
447,1,Joey,neutral,Neutral
447,2,Joey,joy,Anger
448,0,Phoebe,neutral,Joy
448,1,Rachel,anger,Neutral
448,2,Rachel,anger,Joy
448,3,Rachel,anger,Joy
448,4,Rachel,anger,Joy
448,5,Monica,anger,Joy
448,6,Rachel,anger,Joy
448,7,Phoebe,joy,Joy
448,8,Monica,anger,Joy
448,9,Rachel,anger,Joy
448,10,Rachel,anger,Joy
448,11,Phoebe,neutral,Neutral
449,0,Ross,neutral,Neutral
449,1,Ross,neutral,Neutral
449,2,Ross,sadness,Sadness
449,3,Ross,sadness,Sadness
449,4,Ross,joy,Sadness
449,5,Mona,neutral,Sadness
449,6,Ross,surprise,Surprise
449,7,Mona,sadness,Sadness
449,8,Mona,joy,Sadness
449,9,Mona,sadness,Sadness
449,10,Mona,sadness,Sadness
449,11,Ross,joy,Sadness
449,12,Mona,sadness,Sadness
449,13,Ross,neutral,Sadness
450,0,Phoebe,neutral,Neutral
450,1,Ross,neutral,Neutral
450,2,Monica,neutral,Neutral
450,3,Ross,neutral,Neutral
450,4,Rachel,neutral,Joy
450,5,Monica,surprise,Surprise
450,6,Rachel,neutral,Joy
450,7,Phoebe,sadness,Joy
450,8,Monica,surprise,Neutral
450,9,Monica,joy,Neutral
450,10,Monica,joy,Neutral
450,11,Monica,joy,Joy
450,12,Rachel,surprise,Surprise
450,13,Monica,neutral,Neutral
450,14,Phoebe,neutral,Neutral
450,15,Rachel,surprise,Surprise
450,16,Phoebe,neutral,Neutral
450,17,Phoebe,neutral,Joy
450,18,Phoebe,neutral,Joy
450,19,Rachel,surprise,Surprise
450,20,Phoebe,neutral,Neutral
450,21,Monica,neutral,Neutral
450,22,Phoebe,neutral,Neutral
450,23,Phoebe,neutral,Neutral
451,0,Mike,neutral,Neutral
451,1,Chandler,anger,Anger
451,2,Monica,joy,Anger
451,3,Chandler,neutral,Neutral
451,4,Monica,anger,Anger
451,5,Monica,neutral,Anger
451,6,Monica,neutral,Anger
451,7,Monica,anger,Anger
452,0,Joey,neutral,Neutral
452,1,Rachel,neutral,Neutral
452,2,Joey,neutral,Neutral
452,3,Rachel,surprise,Surprise
452,4,Joey,neutral,Disgust
453,0,Chandler,surprise,Surprise
453,1,Joey,surprise,Surprise
454,0,Phoebe,neutral,Neutral
454,1,Rachel,disgust,Anger
454,2,Phoebe,anger,Anger
455,0,Julie,neutral,Neutral
455,1,Rachel,neutral,Neutral
455,2,Rachel,neutral,Neutral
455,3,Rachel,neutral,Neutral
455,4,Rachel,neutral,Neutral
455,5,Julie,fear,Fear
455,6,Rachel,surprise,Surprise
455,7,Julie,surprise,Surprise
455,8,Julie,anger,Fear
455,9,Rachel,neutral,Neutral
455,10,Julie,joy,Sadness
455,11,Rachel,sadness,Sadness
455,12,Julie,neutral,Joy
455,13,Rachel,joy,Joy
455,14,Julie,neutral,Joy
455,15,Rachel,neutral,Neutral
455,16,Julie,neutral,Neutral
455,17,Rachel,disgust,Anger
456,0,Phoebe,joy,Joy
456,1,Chandler,neutral,Neutral
456,2,Phoebe,anger,Surprise
456,3,Chandler,surprise,Surprise
456,4,Phoebe,sadness,Neutral
456,5,Chandler,surprise,Surprise
456,6,Phoebe,anger,Neutral
456,7,Chandler,anger,Anger
456,8,Phoebe,anger,Neutral
456,9,Chandler,sadness,Sadness
456,10,Phoebe,neutral,Neutral
456,11,Chandler,anger,Anger
457,0,Rachel,neutral,Neutral
457,1,Barry,neutral,Neutral
457,2,Rachel,anger,Disgust
457,3,Bernice,neutral,Neutral
457,4,Barry,neutral,Joy
457,5,Rachel,surprise,Disgust
457,6,Barry,joy,Joy
457,7,Barry,sadness,Neutral
457,8,Barry,sadness,Neutral
457,9,Rachel,neutral,Neutral
457,10,Bobby,neutral,Neutral
457,11,Barry,neutral,Neutral
457,12,Rachel,surprise,Surprise
457,13,Bobby,fear,Anger
458,0,Rachel,surprise,Surprise
459,0,Monica,neutral,Neutral
459,1,Rachel,anger,Fear
459,2,Monica,joy,Neutral
459,3,Rachel,anger,Neutral
459,4,Dr. Miller,neutral,Neutral
459,5,Dr. Miller,neutral,Neutral
459,6,Rachel,neutral,Neutral
459,7,Dr. Miller,neutral,Neutral
459,8,Rachel,neutral,Neutral
459,9,Dr. Miller,neutral,Neutral
459,10,Rachel,surprise,Surprise
459,11,Monica,anger,Neutral
460,0,Joey,fear,Fear
460,1,Phoebe,neutral,Neutral
460,2,Joey,fear,Fear
460,3,Phoebe,joy,Joy
461,0,Phoebe,neutral,Neutral
461,1,Chandler,neutral,Neutral
461,2,Robert,neutral,Neutral
461,3,Phoebe,neutral,Joy
462,0,Chandler,surprise,Neutral
462,1,Joey,surprise,Neutral
462,3,Joey,neutral,Neutral
462,5,Joey,neutral,Neutral
462,6,Chandler,surprise,Surprise
462,7,Joey,neutral,Neutral
462,8,Chandler,surprise,Surprise
462,9,Joey,neutral,Neutral
462,10,Joey,neutral,Neutral
463,0,Rachel,joy,Neutral
463,1,Chandler,anger,Surprise
463,2,Rachel,neutral,Neutral
463,3,Chandler,sadness,Sadness
463,4,Rachel,surprise,Surprise
463,5,Chandler,anger,Anger
463,6,Rachel,neutral,Neutral
463,7,Rachel,neutral,Neutral
463,8,Rachel,surprise,Joy
463,9,Rachel,joy,Joy
463,10,Chandler,anger,Anger
463,11,Rachel,neutral,Neutral
463,12,Chandler,neutral,Neutral
463,13,Rachel,neutral,Joy
464,0,Tag,neutral,Neutral
464,1,Rachel,surprise,Surprise
464,2,Tag,neutral,Neutral
464,3,Rachel,surprise,Joy
464,4,Ross,neutral,Anger
464,5,Rachel,joy,Joy
464,6,Chandler,joy,Joy
464,7,Rachel,neutral,Neutral
464,8,Joey,neutral,Neutral
464,9,Chandler,neutral,Neutral
464,10,Rachel,neutral,Neutral
464,11,Rachel,joy,Neutral
464,12,Rachel,neutral,Neutral
464,13,Rachel,neutral,Neutral
464,14,Rachel,joy,Joy
464,15,Chandler,surprise,Anger
464,16,Rachel,joy,Neutral
464,17,Chandler,sadness,Anger
464,18,Rachel,sadness,Neutral
464,19,Rachel,neutral,Joy
464,20,Monica,anger,Anger
465,0,Phoebe,neutral,Neutral
465,1,Joey,neutral,Joy
465,2,Monica,disgust,Anger
465,3,Joey,sadness,Neutral
465,4,Monica,neutral,Neutral
465,5,Mr. Tribbiani,surprise,Surprise
466,0,Joey,surprise,Surprise
466,1,Chandler,joy,Joy
466,2,Joey,surprise,Surprise
466,3,Chandler,disgust,Disgust
466,4,Both,neutral,Neutral
466,5,Receptionist,neutral,Disgust
466,6,Chandler,joy,Joy
466,7,Ross,disgust,Anger
466,8,Joey,neutral,Neutral
466,9,Ross,anger,Anger
466,10,Chandler,neutral,Neutral
466,11,Ross,anger,Anger
466,12,Ross,anger,Anger
466,13,Receptionist,anger,Anger
466,14,Ross,anger,Anger
466,15,Ross,anger,Anger
467,0,Rachel,joy,Joy
467,1,Monica,neutral,Neutral
467,2,Rachel,neutral,Neutral
468,0,Phoebe,neutral,Joy
468,1,Monica,anger,Anger
468,2,Phoebe,surprise,Surprise
468,3,Monica,joy,Neutral
468,4,Phoebe,joy,Joy
468,5,Monica,joy,Sadness
468,6,Mrs. Green,joy,Anger
468,7,Monica,neutral,Neutral
468,8,Phoebe,joy,Joy
468,9,Monica,surprise,Surprise
469,0,Rachel,neutral,Neutral
469,1,Marc,joy,Joy
470,0,Julie,neutral,Disgust
471,0,Rachel,disgust,Disgust
471,1,Ross,disgust,Disgust
471,2,Julie,neutral,Anger
471,3,Mrs. Geller,neutral,Neutral
471,4,Ross,joy,Joy
471,5,Rachel,neutral,Neutral
471,6,Ross,neutral,Neutral
472,1,Ross,neutral,Sadness
472,2,Rachel,fear,Sadness
473,0,Monica,neutral,Anger
473,1,Rachel,neutral,Anger
473,2,Monica,anger,Anger
473,3,Phoebe,fear,Fear
473,4,Chandler,neutral,Neutral
474,0,Monica,joy,Neutral
474,1,Rachel,sadness,Sadness
474,2,Monica,joy,Neutral
474,3,Rachel,sadness,Sadness
474,4,Phoebe,neutral,Sadness
474,5,Monica,surprise,Surprise
474,6,Phoebe,neutral,Sadness
474,7,Rachel,sadness,Sadness
474,8,Phoebe,sadness,Sadness
474,9,Rachel,sadness,Disgust
474,10,Monica,sadness,Neutral
474,11,Monica,joy,Joy
474,12,Monica,joy,Joy
474,13,Rachel,surprise,Neutral
474,14,Monica,joy,Joy
474,15,Monica,joy,Joy
474,16,Rachel,sadness,Joy
474,17,Joey,joy,Joy
474,18,Rachel,neutral,Joy
475,0,Monica,anger,Anger
475,1,Phoebe,neutral,Neutral
475,2,Phoebe,neutral,Neutral
475,3,Phoebe,joy,Joy
475,4,Monica,neutral,Neutral
475,5,Mike,neutral,Joy
475,6,Monica,surprise,Joy
475,7,Chandler,joy,Anger
475,8,Monica,neutral,Surprise
475,9,Chandler,neutral,Neutral
475,10,Monica,neutral,Anger
475,11,Chandler,neutral,Neutral
475,12,Monica,surprise,Surprise
475,13,Chandler,surprise,Neutral
475,14,Monica,surprise,Surprise
475,15,Phoebe,neutral,Neutral
475,16,Monica,neutral,Surprise
476,0,Ross,sadness,Neutral
476,1,Monica,neutral,Neutral
476,2,Ross,neutral,Neutral
476,3,Phoebe,surprise,Neutral
476,4,Monica,sadness,Sadness
476,5,Phoebe,surprise,Surprise
476,6,Ross,neutral,Neutral
476,7,Phoebe,fear,Fear
476,8,Monica,neutral,Neutral
476,9,Phoebe,surprise,Surprise
476,10,Ross,fear,Fear
476,11,Phoebe,sadness,Sadness
477,0,Ross,neutral,Neutral
477,1,Monica,neutral,Surprise
477,2,Ross,neutral,Neutral
477,3,Monica,fear,Fear
477,4,Phoebe,neutral,Neutral
477,5,Ross,joy,Joy
477,6,Phoebe,sadness,Sadness
477,7,Ross,joy,Neutral
477,8,Phoebe,neutral,Sadness
477,9,Ross,joy,Neutral
477,10,Phoebe,disgust,Anger
477,11,Chandler,neutral,Neutral
477,12,Ross,neutral,Neutral
477,13,Joey,joy,Joy
477,14,Ross,neutral,Neutral
477,15,Chandler,anger,Anger
477,16,Chandler,neutral,Sadness
477,17,Chandler,neutral,Joy
477,18,Joey,neutral,Neutral
478,0,Chandler,neutral,Fear
478,1,Joey,surprise,Neutral
478,2,Monica,joy,Neutral
478,3,Joey,neutral,Neutral
478,4,Monica,neutral,Neutral
478,5,Chandler,neutral,Neutral
478,6,Chandler,neutral,Neutral
478,7,Joey,neutral,Neutral
478,8,Monica,neutral,Surprise
478,9,Chandler,neutral,Neutral
478,10,Monica,anger,Joy
478,11,Chandler,neutral,Disgust
478,12,Monica,sadness,Sadness
478,13,Joey,joy,Joy
479,0,Chandler,joy,Joy
479,1,Dana,neutral,Neutral
479,2,Chandler,neutral,Neutral
479,3,Dana,neutral,Neutral
479,4,Dana,anger,Neutral
479,5,Dana,surprise,Anger
479,6,Dana,surprise,Anger
479,7,Chandler,disgust,Anger
479,8,Dana,disgust,Anger
479,9,Chandler,disgust,Anger
479,10,Dana,disgust,Anger
479,11,Chandler,neutral,Neutral
480,0,Ross,joy,Joy
480,1,Tag,joy,Joy
480,2,Tag,neutral,Joy
480,3,Ross,neutral,Neutral
480,4,Tag,surprise,Neutral
480,5,Ross,surprise,Disgust
480,6,Tag,neutral,Neutral
480,7,Ross,neutral,Anger
480,8,Tag,neutral,Neutral
480,9,Ross,anger,Anger
481,0,Monica,surprise,Neutral
481,1,Rachel,joy,Joy
481,2,Rachel,joy,Joy
481,3,Rachel,surprise,Neutral
481,4,Monica,surprise,Neutral
481,5,Rachel,neutral,Neutral
481,6,Monica,neutral,Neutral
481,7,Rachel,neutral,Neutral
481,8,Monica,surprise,Neutral
481,9,Rachel,neutral,Neutral
481,10,Monica,neutral,Neutral
481,11,Rachel,neutral,Surprise
481,12,Monica,anger,Neutral
481,13,Rachel,sadness,Neutral
481,14,Monica,surprise,Disgust
482,0,Phoebe,surprise,Surprise
482,1,Phoebe,surprise,Surprise
482,2,The Fireman,anger,Neutral
482,3,Phoebe,neutral,Neutral
482,4,The Fireman,neutral,Neutral
482,5,Phoebe,fear,Neutral
482,6,The Fireman,disgust,Neutral
482,7,Phoebe,anger,Anger
482,8,The Fireman,neutral,Neutral
482,9,Phoebe,anger,Anger
482,10,The Fireman,neutral,Neutral
482,11,Phoebe,surprise,Surprise
482,12,Phoebe,surprise,Surprise
482,13,Phoebe,surprise,Anger
482,14,Phoebe,neutral,Anger
482,15,Phoebe,joy,Joy
482,16,Phoebe,surprise,Joy
482,17,Phoebe,joy,Joy
483,0,Ross,neutral,Neutral
483,1,Chandler,anger,Anger
483,2,Ross,neutral,Neutral
483,3,Joey,surprise,Neutral
483,4,Chandler,surprise,Surprise
483,5,Joey,neutral,Neutral
483,6,Chandler,anger,Anger
483,7,Monica,neutral,Neutral
483,8,Joey,anger,Joy
483,9,Joey,anger,Anger
483,10,Joey,neutral,Neutral
483,11,Ross,neutral,Neutral
483,12,Phoebe,neutral,Neutral
483,13,Ross,neutral,Neutral
483,14,Phoebe,neutral,Neutral
483,15,Joey,surprise,Surprise
484,0,Receptionist,neutral,Neutral
484,1,Joey,neutral,Neutral
484,2,Receptionist,neutral,Neutral
485,0,Ross,joy,Surprise
486,0,Chandler,neutral,Neutral
486,1,Joey,neutral,Neutral
486,2,Chandler,neutral,Neutral
486,3,Joey,neutral,Joy
486,4,Chandler,neutral,Neutral
486,5,Joey,neutral,Neutral
486,6,Chandler,neutral,Neutral
486,7,Joey,surprise,Neutral
486,8,Chandler,neutral,Neutral
486,9,Joey,surprise,Anger
486,10,Joey,anger,Anger
486,11,Joey,fear,Sadness
486,12,Joey,anger,Sadness
486,13,Joey,anger,Anger
486,14,Chandler,sadness,Neutral
486,15,Joey,sadness,Neutral
486,16,Chandler,neutral,Neutral
486,17,Joey,joy,Neutral
487,0,Monica,surprise,Joy
488,0,Chandler,joy,Joy
488,1,Chandler,neutral,Joy
488,2,Monica,neutral,Neutral
488,3,Chandler,neutral,Neutral
488,4,Monica,neutral,Neutral
488,5,Chandler,neutral,Neutral
489,0,Rachel,joy,Joy
489,1,Ross,joy,Joy
489,2,Monica,neutral,Neutral
489,3,All,neutral,Neutral
489,4,Ross,neutral,Neutral
490,0,Monica,neutral,Neutral
491,0,Phoebe,neutral,Neutral
491,1,Monica,sadness,Sadness
491,2,Ross,sadness,Sadness
492,0,Monica,joy,Joy
492,1,Ross,neutral,Neutral
492,2,Joey,neutral,Neutral
492,3,Rachel,neutral,Neutral
493,0,Rachel,sadness,Sadness
493,1,Monica,surprise,Neutral
493,2,Rachel,neutral,Sadness
493,3,Monica,neutral,Neutral
493,4,Rachel,neutral,Neutral
493,5,Monica,neutral,Neutral
493,6,Monica,neutral,Neutral
493,7,Rachel,joy,Neutral
493,8,Rachel,neutral,Anger
493,9,Rachel,joy,Anger
493,10,Rachel,neutral,Neutral
493,11,Monica,neutral,Neutral
493,12,Rachel,anger,Anger
494,0,Phoebe,neutral,Neutral
495,0,Phoebe,neutral,Neutral
495,1,Monica,neutral,Neutral
495,2,Phoebe,anger,Anger
496,0,Rachel,neutral,Neutral
496,1,Phoebe,neutral,Surprise
496,2,Rachel,sadness,Sadness
496,3,Phoebe,neutral,Neutral
496,4,Phoebe,neutral,Neutral
496,5,Phoebe,neutral,Sadness
496,6,Rachel,neutral,Sadness
496,7,Monica,anger,Disgust
496,8,Monica,fear,Anger
496,9,Monica,neutral,Neutral
496,10,Rachel,anger,Anger
496,11,Phoebe,fear,Neutral
496,12,Rachel,anger,Anger
496,13,Phoebe,joy,Joy
496,14,Monica,neutral,Disgust
497,0,Joey,neutral,Neutral
497,1,Chandler,anger,Anger
497,2,Joey,sadness,Sadness
498,0,Monica,neutral,Neutral
498,1,Monica,neutral,Neutral
498,2,Monica,joy,Neutral
498,3,Monica,surprise,Surprise
498,4,Monica,surprise,Anger
498,5,Monica,anger,Anger
498,6,Monica,anger,Anger
498,7,Monica,anger,Anger
498,8,Monica,neutral,Anger
499,0,Rachel,joy,Joy
499,1,Phoebe,joy,Joy
499,2,Rachel,neutral,Joy
499,3,Rachel,joy,Joy
499,4,Rachel,neutral,Neutral
499,5,Phoebe,neutral,Neutral
499,6,Rachel,neutral,Neutral
499,7,Phoebe,neutral,Neutral
499,8,Rachel,joy,Joy
499,9,Phoebe,neutral,Neutral
499,10,Rachel,neutral,Surprise
499,11,Phoebe,neutral,Neutral
499,12,Rachel,neutral,Neutral
499,15,Phoebe,joy,Joy
499,16,Rachel,surprise,Surprise
499,17,Phoebe,joy,Joy
499,18,Rachel,surprise,Surprise
499,19,Phoebe,neutral,Joy
499,20,Rachel,surprise,Surprise
499,21,Joey,neutral,Neutral
500,0,Chandler,neutral,Neutral
500,1,Joey,joy,Joy
501,0,Tag,neutral,Neutral
501,1,Rachel,joy,Neutral
501,2,Tag,joy,Joy
501,3,Rachel,joy,Joy
501,4,Tag,joy,Joy
501,5,Rachel,disgust,Surprise
501,6,Tag,neutral,Neutral
501,7,Rachel,neutral,Neutral
501,8,Tag,surprise,Joy
501,9,Rachel,surprise,Joy
501,10,Tag,neutral,Neutral
501,11,Rachel,surprise,Neutral
501,12,Tag,neutral,Joy
502,0,Monica,joy,Joy
502,1,Phoebe,neutral,Neutral
502,2,Rachel,joy,Fear
503,0,Monica,surprise,Surprise
503,1,Chandler,joy,Joy
503,2,Monica,surprise,Surprise
503,3,Chandler,joy,Joy
503,4,Monica,joy,Joy
503,5,Chandler,joy,Joy
503,6,Chandler,neutral,Neutral
503,7,Monica,joy,Joy
503,8,Chandler,joy,Joy
503,9,Chandler,anger,Surprise
503,10,Drunken Gambler,neutral,Neutral
503,11,Monica,anger,Neutral
503,12,Chandler,joy,Joy
503,13,Monica,neutral,Neutral
503,14,Chandler,neutral,Neutral
503,15,Monica,neutral,Neutral
504,0,Joey,joy,Joy
504,1,Monica,joy,Joy
504,2,Chandler,neutral,Neutral
504,3,Phoebe,neutral,Neutral
504,4,Joey,neutral,Neutral
504,5,Rachel,neutral,Joy
504,6,Joey,surprise,Surprise
504,7,Monica,neutral,Neutral
504,8,Joey,joy,Neutral
504,9,Joey,neutral,Neutral
504,10,Joey,neutral,Neutral
504,11,Joey,surprise,Anger
504,12,Joey,anger,Anger
504,13,Joey,anger,Anger
505,0,Ross,surprise,Surprise
505,1,Phoebe,neutral,Neutral
505,2,Ross,surprise,Surprise
505,3,Ross,neutral,Neutral
505,4,Ross,neutral,Neutral
505,5,Ross,neutral,Neutral
505,6,Ross,fear,Surprise
505,7,Phoebe,neutral,Neutral
505,8,Phoebe,neutral,Neutral
505,9,Phoebe,neutral,Neutral
505,10,Ross,neutral,Surprise
505,11,Phoebe,neutral,Neutral
505,12,Ross,anger,Anger
505,13,Phoebe,neutral,Neutral
505,14,Ross,anger,Anger
505,15,Phoebe,neutral,Neutral
506,0,Ross,sadness,Sadness
506,1,Ross,fear,Sadness
506,2,Ross,sadness,Sadness
506,3,Ross,sadness,Sadness
506,4,Rachel,neutral,Sadness
506,5,Rachel,sadness,Sadness
506,6,Rachel,sadness,Sadness
506,7,Rachel,sadness,Sadness
506,8,Rachel,sadness,Sadness
506,9,Rachel,sadness,Sadness
506,10,Ross,sadness,Sadness
506,11,Rachel,sadness,Sadness
507,0,Monica,neutral,Joy
507,1,Monica,joy,Neutral
507,2,Monica,neutral,Neutral
507,3,Monica,neutral,Neutral
507,4,Monica,anger,Fear
507,5,Rachel,neutral,Neutral
507,6,Rachel,neutral,Neutral
507,7,Rachel,surprise,Neutral
507,8,Rachel,surprise,Surprise
507,9,Monica,neutral,Neutral
507,10,Rachel,joy,Surprise
507,11,Monica,neutral,Neutral
507,12,Monica,joy,Neutral
507,13,Monica,joy,Neutral
507,14,Monica,neutral,Neutral
507,15,Rachel,neutral,Joy
507,16,Monica,neutral,Neutral
508,0,Joey,anger,Surprise
508,2,The Casting Director,neutral,Neutral
508,3,Joey,joy,Neutral
508,4,The Casting Director,neutral,Neutral
508,5,Joey,fear,Surprise
508,6,The Casting Director,neutral,Neutral
508,7,Joey,neutral,Neutral
508,8,Joey,neutral,Neutral
508,9,Joey,neutral,Neutral
508,10,Joey,neutral,Neutral
508,11,The Casting Director,neutral,Neutral
508,12,Joey,surprise,Surprise
508,13,The Casting Director,neutral,Neutral
508,14,Joey,surprise,Surprise
508,15,The Casting Director,neutral,Neutral
508,16,Joey,neutral,Neutral
508,17,The Casting Director,neutral,Neutral
508,18,Joey,neutral,Neutral
508,19,Joey,anger,Sadness
508,20,Raymond,anger,Anger
508,21,The Casting Director,anger,Neutral
508,22,Joey,anger,Anger
509,0,Rachel,neutral,Neutral
509,1,Ross,neutral,Neutral
509,2,Rachel,neutral,Neutral
509,3,Ross,neutral,Neutral
509,4,Rachel,anger,Anger
509,5,Ross,neutral,Joy
509,6,Ross,neutral,Neutral
509,7,Ross,neutral,Neutral
509,8,Nurse,neutral,Neutral
509,9,Rachel,neutral,Neutral
509,10,Rachel,anger,Anger
509,11,Rachel,anger,Surprise
509,12,Rachel,surprise,Fear
509,13,Ross,surprise,Surprise
509,14,Rachel,surprise,Fear
509,15,Nurse,neutral,Neutral
509,16,Rachel,neutral,Neutral
510,0,Ross,neutral,Neutral
510,1,Kristin,joy,Neutral
510,2,Ross,neutral,Neutral
510,3,Kristin,surprise,Neutral
510,4,Ross,neutral,Neutral
510,5,Kristin,surprise,Surprise
511,0,Rachel,sadness,Fear
511,1,Ross,neutral,Neutral
511,2,Rachel,fear,Fear
511,3,Ross,surprise,Surprise
511,4,Rachel,neutral,Neutral
511,5,Ross,neutral,Neutral
511,6,Rachel,sadness,Sadness
512,0,Rachel,joy,Joy
512,1,Phoebe,joy,Joy
512,2,Rachel,neutral,Neutral
512,3,Phoebe,neutral,Neutral
512,4,Rachel,neutral,Neutral
512,5,Phoebe,neutral,Neutral
512,6,Rachel,neutral,Neutral
512,7,Phoebe,joy,Neutral
512,8,Rachel,anger,Anger
512,9,Phoebe,fear,Surprise
512,10,Rachel,anger,Anger
512,11,Phoebe,anger,Anger
512,12,Rachel,anger,Anger
512,13,Phoebe,fear,Surprise
512,14,Rachel,anger,Anger
513,0,Tag,neutral,Neutral
513,1,Rachel,neutral,Neutral
513,2,Tag,neutral,Neutral
513,3,Rachel,anger,Anger
513,4,Tag,anger,Neutral
514,0,Joey,joy,Joy
514,1,Stage Director,neutral,Neutral
514,2,Joey,neutral,Neutral
514,3,Stage Director,neutral,Neutral
514,4,Joey,surprise,Surprise
514,5,Stage Director,neutral,Neutral
514,6,Joey,neutral,Anger
514,7,Stage Director,neutral,Neutral
515,0,Gunther,neutral,Neutral
515,1,Monica,surprise,Surprise
515,2,Phoebe,neutral,Neutral
515,3,Monica,disgust,Disgust
515,4,Phoebe,neutral,Neutral
515,5,Monica,neutral,Neutral
515,6,Joey,neutral,Neutral
516,0,Chandler,anger,Neutral
516,1,Monica,joy,Surprise
516,2,Chandler,surprise,Neutral
516,3,Monica,joy,Joy
516,4,Chandler,joy,Joy
516,5,Monica,sadness,Sadness
517,0,Phoebe,anger,Joy
517,1,Monica,joy,Joy
517,2,Phoebe,neutral,Joy
517,3,Monica,joy,Joy
517,4,Phoebe,joy,Joy
517,5,Monica,sadness,Surprise
517,6,Phoebe,joy,Neutral
518,0,Kate,anger,Anger
518,1,Joey,anger,Anger
518,2,Joey,neutral,Anger
518,3,Joey,anger,Anger
518,4,Joey,neutral,Sadness
518,5,Joey,neutral,Sadness
518,6,Joey,neutral,Sadness
518,7,The Director,joy,Joy
518,8,Kate,neutral,Neutral
519,0,Monica,surprise,Surprise
519,1,Chandler,anger,Surprise
519,2,Monica,neutral,Neutral
519,3,Chandler,neutral,Surprise
519,4,Monica,joy,Joy
520,0,Joey,neutral,Neutral
520,1,Phoebe,neutral,Neutral
520,2,Ross,surprise,Surprise
520,3,Phoebe,neutral,Surprise
520,4,Rachel,surprise,Surprise
520,5,Joey,surprise,Surprise
520,6,Phoebe,neutral,Neutral
521,0,Joey,neutral,Neutral
521,1,Joey,neutral,Neutral
521,2,Joey,sadness,Sadness
521,3,Joey,anger,Anger
521,4,Joey,sadness,Anger
521,5,Joey,sadness,Sadness
521,6,Joey,neutral,Neutral
522,0,Phoebe,surprise,Neutral
522,1,Rachel,neutral,Neutral
522,2,Phoebe,joy,Joy
522,3,Rachel,neutral,Neutral
522,4,Phoebe,neutral,Joy
522,5,Rachel,neutral,Neutral
522,6,Phoebe,joy,Joy
523,0,Rachel,surprise,Surprise
523,1,Rachel,joy,Neutral
523,2,Monica,neutral,Neutral
523,3,Ross,surprise,Surprise
523,4,Monica,neutral,Neutral
523,5,Joey,joy,Neutral
523,6,Ross,anger,Anger
523,7,Monica,joy,Joy
523,8,Joey,neutral,Neutral
523,9,Chandler,joy,Neutral
523,10,Ross,joy,Neutral
523,11,Rachel,joy,Neutral
523,12,Phoebe,anger,Anger
523,13,Monica,neutral,Neutral
523,14,Phoebe,sadness,Sadness
523,15,Rachel,surprise,Surprise
523,16,Joey,neutral,Neutral
523,17,Chandler,neutral,Neutral
523,18,Monica,neutral,Neutral
523,19,Phoebe,neutral,Neutral
523,20,Ross,neutral,Disgust
523,21,Phoebe,anger,Disgust
523,22,Joey,surprise,Surprise
523,23,Chandler,joy,Neutral
524,0,Phoebe,neutral,Neutral
524,1,Joey,surprise,Neutral
524,2,Phoebe,sadness,Neutral
524,3,Phoebe,neutral,Neutral
524,4,Joey,neutral,Neutral
524,5,Phoebe,neutral,Neutral
524,6,Joey,neutral,Neutral
524,7,Phoebe,neutral,Neutral
524,8,Joey,neutral,Neutral
524,9,Phoebe,surprise,Disgust
524,10,Joey,neutral,Neutral
524,11,Phoebe,anger,Anger
524,12,Joey,neutral,Neutral
524,13,Phoebe,sadness,Neutral
524,14,Joey,neutral,Neutral
524,15,Phoebe,fear,Fear
524,16,Joey,surprise,Surprise
525,0,Monica,neutral,Neutral
525,1,Rachel,neutral,Neutral
525,2,Monica,neutral,Neutral
525,3,Rachel,sadness,Neutral
525,4,Monica and Phoebe,anger,Surprise
525,5,Rachel,neutral,Neutral
525,6,Monica,neutral,Neutral
525,7,Phoebe,surprise,Neutral
525,8,Monica,neutral,Joy
526,0,Ross,joy,Joy
526,1,Isabella,neutral,Surprise
526,2,Ross,neutral,Neutral
526,3,Ross,neutral,Joy
526,4,Ross,joy,Neutral
526,5,Ross,joy,Fear
526,6,Ross,fear,Fear
526,7,Ross,neutral,Neutral
526,8,Isabella,neutral,Disgust
526,9,Ross,neutral,Neutral
526,10,Isabella,neutral,Neutral
526,11,Ross,fear,Fear
526,12,Isabella,joy,Anger
526,13,Ross,neutral,Neutral
526,14,Isabella,surprise,Anger
526,15,Ross,neutral,Fear
526,16,Isabella,anger,Anger
526,17,Ross,neutral,Neutral
526,18,Isabella,neutral,Neutral
526,19,Isabella,neutral,Joy
526,20,Ross,neutral,Sadness
527,0,Phoebe,anger,Anger
527,1,Chandler,joy,Neutral
527,2,Phoebe,surprise,Joy
527,3,Monica,neutral,Neutral
527,4,Chandler,joy,Joy
527,5,Phoebe,disgust,Disgust
527,6,Monica,neutral,Neutral
527,7,Phoebe,disgust,Disgust
528,0,Rachel,surprise,Neutral
528,1,Rachel,neutral,Neutral
528,2,Monica,neutral,Neutral
528,3,Rachel,surprise,Surprise
528,4,Monica,neutral,Neutral
528,5,Rachel,anger,Sadness
529,0,Rachel,anger,Anger
529,1,Ross,neutral,Anger
529,2,Ross,neutral,Anger
529,3,Rachel,anger,Anger
529,4,Ross,neutral,Anger
529,5,Ross,neutral,Anger
529,6,Ross,surprise,Surprise
529,7,Ross,neutral,Neutral
529,8,Ross,neutral,Neutral
529,9,Jill,neutral,Anger
530,0,Phoebe,sadness,Neutral
530,1,Phoebe Sr,surprise,Anger
530,2,Phoebe,neutral,Neutral
530,3,Phoebe Sr,surprise,Surprise
530,4,Phoebe,neutral,Neutral
530,5,Phoebe,anger,Neutral
530,6,Phoebe,anger,Neutral
530,7,Phoebe,anger,Neutral
530,8,Phoebe,anger,Anger
530,9,Phoebe,anger,Neutral
530,10,Phoebe,anger,Anger
530,11,Phoebe,anger,Anger
530,12,Phoebe,anger,Anger
530,13,Phoebe Sr,neutral,Neutral
530,14,Phoebe,surprise,Surprise
530,15,Phoebe Sr,neutral,Neutral
530,16,Phoebe Sr,sadness,Neutral
530,17,Phoebe,sadness,Sadness
530,18,Phoebe Sr,neutral,Neutral
530,19,Phoebe Sr,neutral,Neutral
530,20,Phoebe Sr,neutral,Fear
530,21,Phoebe Sr,neutral,Neutral
530,22,Phoebe,surprise,Surprise
530,23,Phoebe Sr,sadness,Neutral
531,0,A Student,surprise,Neutral
531,1,Ross,surprise,Surprise
531,2,Ross,fear,Surprise
531,3,Ross,sadness,Neutral
531,4,Ross,neutral,Neutral
531,5,Ross,sadness,Sadness
531,6,Ross,sadness,Sadness
531,7,Ross,neutral,Neutral
531,8,Ross,neutral,Neutral
531,9,Ross,neutral,Neutral
531,10,Ross,anger,Sadness
531,11,Ross,sadness,Sadness
531,12,Ross,neutral,Fear
531,13,Ross,neutral,Fear
531,14,Rachel,anger,Surprise
531,15,Ross,surprise,Surprise
532,0,Chandler,neutral,Neutral
532,1,Joey,neutral,Neutral
532,2,Chandler,neutral,Neutral
532,3,Joey,neutral,Neutral
532,4,Chandler,surprise,Surprise
532,5,Joey,joy,Joy
532,6,Chandler,neutral,Neutral
532,7,Joey,anger,Anger
532,8,Joey,sadness,Anger
532,9,Joey,sadness,Anger
532,10,Joey,sadness,Anger
532,11,Joey,neutral,Neutral
532,12,Chandler,neutral,Neutral
532,13,Joey,anger,Joy
532,14,Chandler,surprise,Surprise
532,15,Joey,neutral,Neutral
533,0,Rachel,neutral,Neutral
533,1,Rachel,neutral,Neutral
533,2,Tag,sadness,Sadness
533,3,Rachel,neutral,Neutral
533,4,Tag,joy,Neutral
533,5,Rachel,joy,Neutral
533,6,Mr. Zelner,neutral,Neutral
533,7,Rachel,neutral,Fear
533,8,Mr. Zelner,neutral,Neutral
533,9,Rachel,neutral,Neutral
534,0,Phoebe,neutral,Neutral
534,1,Cassie,neutral,Joy
534,2,Phoebe,joy,Joy
534,3,Cassie,surprise,Surprise
535,0,Hoshi,neutral,Neutral
535,1,Hoshi,joy,Neutral
535,2,Hoshi,anger,Anger
535,3,Pete,neutral,Neutral
536,0,Rachel,surprise,Disgust
536,1,Monica,neutral,Neutral
536,2,Rachel,neutral,Anger
536,3,Monica,neutral,Neutral
536,4,Monica,sadness,Sadness
536,5,Rachel,surprise,Surprise
536,6,Monica,neutral,Neutral
536,7,Rachel,surprise,Surprise
536,8,Monica,surprise,Joy
536,9,Monica,joy,Sadness
536,10,Monica,neutral,Sadness
536,11,Monica,neutral,Sadness
536,12,Rachel,neutral,Disgust
536,13,Monica,surprise,Surprise
536,14,Rachel,neutral,Disgust
536,15,Monica,neutral,Joy
537,0,Joey,neutral,Neutral
537,1,Joey,neutral,Neutral
537,2,Joey,joy,Neutral
537,3,Joey,anger,Anger
537,4,Joey,neutral,Sadness
538,0,Rachel,anger,Anger
538,1,Ross,sadness,Neutral
538,2,Rachel,neutral,Neutral
538,3,Ross,anger,Anger
538,4,Rachel,joy,Joy
538,5,Phoebe,joy,Joy
538,6,Ross,joy,Joy
538,7,Phoebe,joy,Neutral
538,8,Rachel,joy,Joy
538,9,Phoebe,disgust,Surprise
539,0,Rachel,neutral,Neutral
539,1,Joey,neutral,Neutral
539,2,Rachel,surprise,Disgust
539,3,Ross,surprise,Neutral
539,4,Rachel,joy,Joy
539,5,Chandler,neutral,Neutral
539,6,Rachel,sadness,Disgust
540,0,Monica,sadness,Disgust
540,1,Joey,surprise,Neutral
540,2,Monica,disgust,Disgust
540,3,Joey,disgust,Disgust
540,5,Joey,sadness,Sadness
541,0,Ross,joy,Joy
541,1,Carol,joy,Neutral
541,2,Ross,neutral,Neutral
541,3,Carol,surprise,Neutral
541,4,Ross,sadness,Neutral
541,5,Ross,joy,Joy
541,6,Ross,neutral,Neutral
541,7,Ross,joy,Neutral
541,8,Ross,joy,Joy
541,9,Ben,joy,Joy
541,10,Ross,joy,Joy
541,11,Ross,neutral,Neutral
541,12,Ross,neutral,Neutral
541,13,Carol,surprise,Neutral
541,14,Ross,joy,Neutral
541,15,Ross,neutral,Neutral
541,16,Ross,disgust,Disgust
541,17,Ross,neutral,Neutral
541,18,Ross,neutral,Neutral
541,19,Carol,joy,Joy
542,0,Rachel,neutral,Neutral
542,1,Monica,anger,Disgust
542,2,Phoebe,surprise,Joy
542,3,Monica,surprise,Surprise
542,4,Phoebe,joy,Joy
542,5,Gunther,neutral,Neutral
542,6,Phoebe,surprise,Fear
542,7,Gunther,surprise,Fear
542,8,Joey,surprise,Surprise
543,0,Rachel,anger,Anger
543,1,Joshua,neutral,Neutral
543,2,Rachel,surprise,Surprise
544,0,Joshua,neutral,Neutral
544,1,Rachel,fear,Surprise
544,2,Joshua,neutral,Neutral
544,3,Rachel,joy,Sadness
544,4,Joshua,neutral,Neutral
544,5,Rachel,surprise,Joy
544,6,Rachel,neutral,Joy
544,7,Joshua,neutral,Neutral
544,8,Rachel,neutral,Joy
545,0,Monica,anger,Anger
545,1,Phoebe,sadness,Neutral
545,2,Monica,surprise,Anger
545,3,Phoebe,sadness,Sadness
545,4,Monica,neutral,Neutral
545,5,Rachel,joy,Neutral
545,6,Chandler,surprise,Surprise
545,7,Joey,neutral,Surprise
545,8,Chandler,neutral,Surprise
545,9,Rachel,neutral,Neutral
545,10,Chandler,surprise,Joy
545,11,Phoebe,anger,Neutral
545,12,Monica,neutral,Neutral
545,13,Rachel,neutral,Neutral
546,0,Monica,neutral,Neutral
546,1,Joey,neutral,Neutral
546,2,Rachel,neutral,Neutral
546,3,Teacher,neutral,Neutral
546,4,Monica,neutral,Neutral
546,5,Teacher,neutral,Neutral
546,6,Rachel,neutral,Neutral
546,7,Phoebe,neutral,Neutral
546,8,Monica,anger,Neutral
546,9,Teacher,anger,Anger
546,10,Rachel,neutral,Neutral
546,11,Teacher,neutral,Neutral
546,12,Monica,anger,Anger
546,13,Phoebe,joy,Joy
546,14,Monica,sadness,Sadness
546,15,Rachel,surprise,Neutral
546,16,Teacher,neutral,Neutral
546,17,Phoebe,neutral,Joy
546,18,Monica,disgust,Disgust
547,0,Rachel,surprise,Neutral
547,1,Barry,neutral,Neutral
547,2,Rachel,joy,Joy
548,0,Chandler,joy,Joy
548,1,Monica,neutral,Joy
548,2,Rachel,joy,Joy
548,3,Chandler,joy,Joy
548,4,Monica,joy,Joy
548,5,Chandler,anger,Neutral
548,6,Monica,neutral,Neutral
548,7,Chandler,neutral,Neutral
548,10,Ross,anger,Neutral
549,0,Joey,joy,Neutral
549,1,Receptionist,neutral,Neutral
549,2,Joey,sadness,Sadness
549,3,Receptionist,neutral,Neutral
549,4,Joey,neutral,Neutral
549,5,Receptionist,neutral,Neutral
549,6,Joey,surprise,Joy
549,7,Receptionist,sadness,Neutral
549,8,Joey,neutral,Joy
549,9,Receptionist,joy,Neutral
550,0,Monica,neutral,Neutral
551,0,Phoebe,neutral,Neutral
551,1,Monica,joy,Joy
551,2,Phoebe,neutral,Neutral
551,3,Monica,joy,Neutral
551,4,Phoebe,neutral,Neutral
551,5,Monica,joy,Neutral
551,6,Phoebe,neutral,Neutral
551,7,Monica,neutral,Neutral
551,8,Monica,neutral,Surprise
551,9,Phoebe,neutral,Fear
552,0,Monica,disgust,Disgust
552,1,Julie,neutral,Neutral
552,2,Chandler,neutral,Neutral
552,3,Joey,neutral,Neutral
552,4,Stephanie,neutral,Anger
553,0,Monica,neutral,Neutral
553,1,Ross,neutral,Neutral
553,2,Ross,neutral,Neutral
553,3,Monica,neutral,Neutral
553,4,Monica,neutral,Neutral
553,5,Ross,neutral,Neutral
553,6,Ross,joy,Neutral
553,7,Monica,joy,Disgust
553,8,Ross,joy,Neutral
553,9,Janine,surprise,Joy
553,10,Joey,surprise,Surprise
553,11,Janine,neutral,Neutral
553,12,Joey,neutral,Neutral
553,13,Janine,neutral,Neutral
553,14,Janine,neutral,Joy
553,15,Joey,neutral,Neutral
553,16,Director,neutral,Neutral
553,17,Joey,joy,Anger
553,18,Director,neutral,Neutral
553,19,Joey,sadness,Fear
553,20,Director,anger,Neutral
554,0,Rachel,anger,Anger
554,1,Monica,anger,Surprise
554,2,Rachel,neutral,Neutral
554,3,Chandler,neutral,Surprise
554,4,Rachel,neutral,Neutral
554,5,Chandler,neutral,Neutral
554,6,Rachel,neutral,Surprise
554,7,Monica,surprise,Surprise
554,8,Rachel,neutral,Disgust
554,9,Monica,disgust,Disgust
554,10,Rachel,sadness,Surprise
554,11,Chandler,disgust,Neutral
554,12,Rachel,disgust,Disgust
555,0,Elizabeth,sadness,Anger
555,1,Ross,joy,Joy
555,2,Elizabeth,anger,Anger
555,3,Ross,anger,Surprise
555,4,Ross,anger,Anger
556,0,Joey,neutral,Neutral
556,1,Ross,neutral,Neutral
556,2,Joey,sadness,Sadness
556,3,Ross,neutral,Neutral
556,4,Joey,anger,Surprise
556,5,Ross,neutral,Neutral
556,6,Ross,surprise,Surprise
557,0,Katie,neutral,Neutral
557,1,Ross,neutral,Neutral
557,2,Katie,neutral,Neutral
557,3,Ross,neutral,Neutral
557,4,Katie,fear,Neutral
557,5,Ross,joy,Joy
557,6,Katie,joy,Neutral
557,7,Rachel,anger,Anger
558,0,Rachel,joy,Joy
558,1,Chandler,neutral,Neutral
558,2,Rachel,joy,Joy
558,3,Chandler,surprise,Surprise
558,4,Rachel,fear,Fear
558,5,Chandler,neutral,Neutral
558,6,Rachel,anger,Anger
558,8,Rachel,sadness,Fear
559,0,Chandler,neutral,Fear
559,1,All,neutral,Neutral
559,2,Chandler,surprise,Surprise
559,3,Joey,surprise,Neutral
559,4,Chandler,neutral,Neutral
559,5,Joey,neutral,Neutral
559,6,Phoebe,neutral,Neutral
559,7,Chandler,neutral,Surprise
560,0,Monica,joy,Joy
560,1,Joey,joy,Joy
560,2,Monica,joy,Joy
560,3,Joey,joy,Joy
560,4,Monica,joy,Joy
560,5,Joey,joy,Joy
560,6,Monica,joy,Joy
560,7,Joey,joy,Joy
561,0,Monica,neutral,Neutral
561,1,Monica,joy,Disgust
561,2,Monica,neutral,Neutral
561,3,Monica,surprise,Surprise
561,4,Joey,surprise,Neutral
561,5,Monica,anger,Disgust
561,6,Joey,neutral,Neutral
561,7,Monica,disgust,Disgust
561,8,Joey,neutral,Joy
561,9,Monica,disgust,Disgust
561,10,Joey,neutral,Joy
561,11,Monica,disgust,Anger
561,12,Joey,neutral,Joy
561,13,Monica,surprise,Anger
561,14,Joey,surprise,Neutral
561,15,Monica,disgust,Anger
561,16,Joey,neutral,Neutral
561,17,Monica,surprise,Surprise
561,18,Joey,neutral,Joy
562,0,Chandler,joy,Joy
562,1,Monica,joy,Joy
562,2,Monica,neutral,Neutral
562,3,Chandler,joy,Joy
562,4,Monica,neutral,Surprise
562,5,Chandler,neutral,Neutral
562,6,Monica,neutral,Neutral
562,7,Chandler,joy,Joy
562,8,Monica,neutral,Neutral
562,9,Ross,joy,Joy
562,10,Rachel,joy,Joy
562,11,Rachel,neutral,Surprise
563,0,Monica,neutral,Neutral
563,1,Rachel,neutral,Neutral
563,2,Monica,neutral,Neutral
563,3,Rachel,neutral,Joy
563,4,Monica,surprise,Surprise
563,5,Rachel,surprise,Neutral
563,6,Monica,neutral,Neutral
563,7,Rachel,joy,Joy
563,8,Kathy,joy,Joy
564,0,Rachel,joy,Joy
564,1,Monica,surprise,Surprise
564,2,Rachel,joy,Joy
564,3,Monica,joy,Joy
564,4,Rachel,neutral,Neutral
564,5,Monica,neutral,Neutral
564,6,Rachel,fear,Fear
564,7,Monica,neutral,Neutral
564,8,Monica,neutral,Neutral
564,9,Monica,sadness,Neutral
564,10,Rachel,surprise,Surprise
565,0,Janice,neutral,Fear
565,1,Rachel,neutral,Neutral
565,2,Janice,neutral,Fear
565,3,Phoebe,neutral,Neutral
565,4,Janice,joy,Joy
566,0,Ross,surprise,Surprise
566,1,Ross,joy,Joy
567,0,Ross,sadness,Sadness
568,0,Ross,disgust,Anger
568,1,Rachel,neutral,Neutral
568,2,Monica,neutral,Neutral
568,3,All,neutral,Neutral
568,4,Phoebe,sadness,Joy
568,5,Chandler,disgust,Surprise
568,6,Monica,surprise,Neutral
568,7,Chandler,neutral,Neutral
568,8,Monica,surprise,Surprise
568,9,Chandler,surprise,Surprise
568,10,Monica,anger,Fear
568,11,Chandler,anger,Fear
569,0,Elizabeth,fear,Fear
569,1,Ross,neutral,Neutral
569,2,Elizabeth,neutral,Fear
569,3,Elizabeth,surprise,Surprise
570,0,Monica,anger,Anger
570,1,Ross,neutral,Neutral
570,2,Monica,joy,Joy
570,3,Rachel,neutral,Joy
571,0,Joey,neutral,Joy
571,1,Ross,fear,Fear
571,2,Phoebe,anger,Disgust
571,3,Joey,neutral,Neutral
571,4,Joey,neutral,Neutral
571,5,Joey,neutral,Neutral
571,6,Joey,neutral,Neutral
571,7,Joey,neutral,Neutral
571,8,Joey,neutral,Neutral
571,9,Joey,neutral,Neutral
571,10,Phoebe,joy,Joy
571,11,Monica,disgust,Disgust
571,12,Joey,neutral,Neutral
571,13,Ross,anger,Neutral
571,14,Rachel,surprise,Surprise
571,15,Joey,anger,Joy
572,0,Rachel,sadness,Neutral
572,1,Rachel,disgust,Neutral
572,2,Rachel,surprise,Surprise
572,3,Rachel,surprise,Surprise
572,6,Evil Bitch,anger,Anger
572,7,Sick Bastard,anger,Fear
572,8,Evil Bitch,anger,Anger
572,9,Sick Bastard,fear,Fear
572,10,Evil Bitch,anger,Anger
572,11,Ross,neutral,Neutral
572,12,Evil Bitch,anger,Anger
572,13,Ross,neutral,Neutral
572,14,Evil Bitch,neutral,Anger
572,15,Ross,neutral,Neutral
572,16,Rachel,neutral,Neutral
572,17,Ross,fear,Neutral
572,18,Rachel,neutral,Disgust
572,19,Ross,anger,Anger
572,20,Evil Bitch,anger,Anger
573,0,Phoebe,neutral,Neutral
573,1,Rachel,joy,Neutral
573,2,Phoebe,neutral,Neutral
573,3,Rachel,joy,Joy
573,4,Phoebe,neutral,Neutral
573,5,Rachel,joy,Joy
573,6,Rachel,joy,Anger
573,7,Phoebe,joy,Neutral
573,8,Ross,anger,Anger
573,9,Rachel,joy,Anger
573,10,Ross,anger,Anger
574,0,Monica,neutral,Neutral
574,1,Rachel,neutral,Neutral
574,2,Joey,surprise,Surprise
574,3,Chandler,neutral,Neutral
574,4,Joey,surprise,Surprise
574,5,Joey,surprise,Surprise
574,6,Chandler,neutral,Neutral
574,7,Joey,surprise,Surprise
574,8,Monica,joy,Fear
574,9,Joey,surprise,Surprise
574,10,Chandler,neutral,Neutral
574,11,Joey,surprise,Surprise
574,12,Chandler,neutral,Neutral
574,13,Joey,surprise,Joy
574,14,Chandler,fear,Fear
574,15,Monica,fear,Fear
574,16,Joey,surprise,Surprise
574,17,Monica,joy,Joy
574,18,Joey,disgust,Disgust
574,19,Phoebe,sadness,Fear
575,0,Julie,neutral,Neutral
575,1,Rachel,neutral,Neutral
575,2,Julie,neutral,Neutral
575,3,Rachel,neutral,Neutral
576,0,Chandler,fear,Fear
576,1,Joey,neutral,Neutral
576,2,Chandler,surprise,Surprise
576,3,Joey,neutral,Neutral
576,4,Chandler,neutral,Neutral
576,5,Joey,neutral,Neutral
576,6,Chandler,neutral,Neutral
576,7,Joey,joy,Joy
576,8,Chandler,neutral,Neutral
576,9,Joey,neutral,Neutral
576,10,Chandler,anger,Surprise
577,0,Joey,neutral,Neutral
577,1,Joey,neutral,Joy
577,2,Joey,neutral,Neutral
577,3,Joey,neutral,Joy
577,4,Joey,neutral,Neutral
577,5,Joey,joy,Joy
577,6,Student,neutral,Neutral
577,7,Joey,joy,Neutral
578,0,Phoebe,neutral,Anger
578,1,Mr. Heckles,surprise,Anger
578,2,Eric,neutral,Neutral
578,3,Mr. Heckles,surprise,Anger
578,4,Eric,surprise,Surprise
578,5,Mr. Heckles,surprise,Anger
578,6,Eric,surprise,Neutral
578,7,Mr. Heckles,neutral,Anger
578,8,Eric,surprise,Surprise
578,9,Mr. Heckles,joy,Anger
579,0,Phoebe,surprise,Joy
579,1,Chandler,joy,Joy
580,0,Phoebe,neutral,Neutral
580,1,Chandler,neutral,Joy
581,0,Phoebe,neutral,Joy
582,0,Phoebe,neutral,Joy
583,0,Phoebe,neutral,Joy
583,1,Chandler,anger,Neutral
583,2,Phoebe,neutral,Joy
583,3,Rachel,neutral,Neutral
583,4,Phoebe,surprise,Surprise
583,5,Rachel,surprise,Surprise
583,6,Phoebe,fear,Joy
583,7,Chandler,surprise,Surprise
583,8,Phoebe,neutral,Joy
583,9,Monica,neutral,Neutral
584,0,Ross,joy,Joy
584,1,Mrs. Geller,neutral,Neutral
584,2,Ross,joy,Neutral
584,3,Mrs. Geller,neutral,Neutral
584,4,Ross,neutral,Neutral
584,5,Mrs. Geller,neutral,Neutral
584,6,Ross,surprise,Surprise
584,7,Mrs. Geller,joy,Neutral
584,8,Ross,surprise,Anger
584,9,Mrs. Geller,fear,Anger
585,0,Ross,sadness,Sadness
585,1,Ross,sadness,Sadness
585,2,Phoebe,sadness,Neutral
585,3,Phoebe,sadness,Neutral
585,4,Ross,sadness,Neutral
585,5,Phoebe,neutral,Neutral
585,6,Ross,sadness,Neutral
585,7,Ross,surprise,Surprise
585,8,Phoebe,neutral,Neutral
585,9,Ross,joy,Surprise
585,10,Ross,sadness,Surprise
585,11,Phoebe,surprise,Surprise
585,12,Ross,sadness,Sadness
586,0,Mark,neutral,Surprise
587,0,Rachel,surprise,Neutral
587,1,Mark,joy,Neutral
587,2,Rachel,surprise,Surprise
587,3,Mark,joy,Neutral
587,4,Rachel,surprise,Joy
587,5,Joey,joy,Joy
588,0,Chandler,anger,Sadness
588,1,Monica,sadness,Neutral
588,2,Monica,neutral,Neutral
588,3,Monica,neutral,Neutral
588,4,Monica,neutral,Fear
588,5,Monica,anger,Anger
588,6,Monica,neutral,Neutral
589,0,Earl,neutral,Neutral
589,1,Phoebe,surprise,Surprise
589,2,Earl,surprise,Surprise
589,3,Phoebe,neutral,Neutral
589,4,Joey,joy,Neutral
589,5,Phoebe,sadness,Joy
589,6,Earl,neutral,Surprise
589,7,Earl,anger,Joy
589,8,Earl,joy,Joy
589,9,Earl,joy,Joy
589,10,Earl,sadness,Sadness
590,0,Ross,joy,Joy
590,1,Monica,joy,Joy
590,2,Chandler,surprise,Surprise
590,3,Monica,surprise,Joy
590,4,Phoebe,joy,Joy
590,5,Kyle,sadness,Joy
590,6,Phoebe,neutral,Neutral
590,7,Kyle,fear,Neutral
590,8,Phoebe,sadness,Neutral
590,9,Kyle,surprise,Fear
590,10,Phoebe,neutral,Neutral
590,11,Kyle,anger,Anger
590,12,Phoebe,neutral,Neutral
590,13,Ross,neutral,Neutral
590,14,Phoebe,neutral,Neutral
590,15,Ross,surprise,Anger
590,16,Phoebe,neutral,Neutral
590,17,Ross,neutral,Neutral
591,0,Chandler,neutral,Neutral
591,1,Ross,neutral,Neutral
591,2,Joey,neutral,Joy
591,3,Ross,neutral,Neutral
592,0,Ross,neutral,Neutral
592,1,Phoebe,disgust,Disgust
592,2,Ross,surprise,Surprise
592,3,Rachel,anger,Surprise
592,4,Joey,neutral,Neutral
592,5,Joey,neutral,Neutral
592,6,Joey,neutral,Neutral
592,7,Joey,neutral,Neutral
592,8,Joey,neutral,Neutral
592,9,Joey,anger,Neutral
592,10,Joey,anger,Neutral
592,11,Phoebe,neutral,Disgust
592,12,Joey,anger,Anger
592,13,Joey,anger,Anger
593,0,Ross,neutral,Neutral
593,1,Chandler,neutral,Neutral
593,2,Phoebe,joy,Neutral
593,3,Robert,sadness,Sadness
593,4,Robert,sadness,Sadness
593,5,Robert,anger,Sadness
593,6,Robert,sadness,Sadness
593,7,Robert,sadness,Sadness
593,8,Robert,sadness,Sadness
593,9,Phoebe,surprise,Neutral
593,10,Gunther,disgust,Neutral
594,0,Joey,sadness,Sadness
594,1,Joey,sadness,Sadness
594,2,Joey,sadness,Sadness
594,3,Joey,sadness,Sadness
594,4,Joey,neutral,Neutral
594,5,Joey,sadness,Sadness
594,6,Joey,sadness,Sadness
594,7,Nurse #1,sadness,Sadness
594,8,Nurse #2,joy,Joy
594,9,Dr. Stryker Ramoray,neutral,Neutral
594,10,Joey,joy,Joy
595,0,Monica,anger,Anger
595,1,Chandler,neutral,Neutral
595,2,Monica,anger,Anger
595,3,Chandler,anger,Anger
595,4,Monica,sadness,Sadness
595,5,Chandler,anger,Neutral
595,6,Monica,fear,Fear
596,0,Joey,anger,Joy
596,1,Chandler,neutral,Neutral
596,2,Phoebe,neutral,Neutral
596,3,Joey,neutral,Joy
596,4,Monica,neutral,Neutral
596,5,Joey,sadness,Anger
596,6,Chandler,anger,Sadness
596,7,Monica,neutral,Fear
596,8,Phoebe,anger,Fear
596,9,Monica,neutral,Neutral
596,10,Phoebe,anger,Fear
596,11,Monica,fear,Fear
596,12,Phoebe,neutral,Neutral
596,13,Chandler,neutral,Neutral
596,14,Phoebe,neutral,Neutral
596,15,Chandler,anger,Sadness
596,16,Phoebe,anger,Anger
596,17,Ross,neutral,Neutral
596,18,Joey,neutral,Joy
596,19,Rachel,anger,Anger
596,20,Ross,anger,Anger
596,21,Joey,anger,Anger
597,0,Monica,joy,Joy
597,1,Chandler,joy,Neutral
597,2,Chandler,surprise,Surprise
597,3,Monica,surprise,Surprise
597,4,Chandler,neutral,Neutral
597,5,Chandler,neutral,Sadness
597,6,Monica,joy,Joy
597,7,Chandler,neutral,Neutral
597,8,Monica,joy,Neutral
597,9,Chandler,neutral,Sadness
597,10,Monica,neutral,Joy
597,11,Chandler,neutral,Neutral
598,0,Ross,joy,Anger
598,1,Ross,joy,Anger
598,2,Ross,anger,Anger
598,3,Monica,neutral,Neutral
598,4,Ross,neutral,Anger
599,0,Monica,surprise,Surprise
599,1,Chandler,neutral,Neutral
599,2,Monica,anger,Anger
599,3,Joey,neutral,Neutral
599,4,Monica,anger,Anger
599,5,Joey,anger,Surprise
599,6,Phoebe,joy,Neutral
599,7,Monica,joy,Joy
599,8,Joey,neutral,Neutral
599,9,Monica,joy,Surprise
599,10,Ross,anger,Anger
599,11,Phoebe,neutral,Neutral
599,12,Ross,neutral,Neutral
599,13,Ross,neutral,Neutral
599,14,Phoebe,surprise,Surprise
599,15,Ross,joy,Joy
599,16,Phoebe,neutral,Neutral
599,17,Ross,neutral,Neutral
600,0,Helena,neutral,Joy
600,1,Chandler,joy,Joy
601,0,Phoebe,surprise,Joy
601,1,Monica,neutral,Neutral
601,2,Phoebe,joy,Joy
601,3,Rachel,joy,Joy
601,4,Monica,joy,Joy
601,5,All,joy,Joy
602,0,Monica,joy,Joy
602,1,Angela,joy,Joy
602,2,Monica,joy,Joy
602,3,Angela,joy,Joy
602,4,Monica,surprise,Surprise
602,5,Angela,neutral,Neutral
603,0,Ross,neutral,Neutral
603,1,Ben,neutral,Joy
603,2,Ross,joy,Neutral
603,3,Ben,joy,Joy
603,4,Ross,surprise,Neutral
603,5,Chandler,neutral,Neutral
603,6,Ross,neutral,Neutral
603,7,Rachel,joy,Surprise
603,8,Phoebe,neutral,Surprise
603,9,Rachel,surprise,Surprise
603,10,Ross,joy,Neutral
603,11,Rachel,neutral,Neutral
603,12,Phoebe,neutral,Neutral
603,13,Phoebe,neutral,Neutral
604,0,Pete,joy,Neutral
604,1,Monica,joy,Joy
604,2,Phoebe,surprise,Surprise
604,3,Pete,neutral,Surprise
604,4,Phoebe,surprise,Neutral
604,5,Pete,neutral,Anger
604,6,Phoebe,neutral,Neutral
604,7,Phoebe,neutral,Neutral
604,8,Pete,joy,Surprise
604,9,Phoebe,neutral,Joy
604,10,Pete,fear,Fear
604,11,Phoebe,neutral,Joy
604,12,Pete,neutral,Neutral
604,13,Phoebe,neutral,Joy
605,0,Rachel,neutral,Neutral
605,1,Man,anger,Anger
605,2,Ross,neutral,Neutral
605,3,Julie,joy,Joy
605,4,Ross,joy,Joy
605,5,Julie,surprise,Surprise
605,6,Julie,fear,Fear
605,7,Ross,neutral,Neutral
605,8,Julie,neutral,Disgust
606,0,Monica,surprise,Neutral
606,1,Monica,surprise,Surprise
606,2,Steve,neutral,Neutral
606,3,Monica,surprise,Surprise
606,4,Steve,joy,Neutral
606,5,Monica,surprise,Surprise
606,6,Steve,neutral,Neutral
606,7,Ross,neutral,Neutral
606,8,Chandler,neutral,Neutral
606,9,Steve,neutral,Joy
606,10,Steve,neutral,Joy
606,11,Steve,surprise,Disgust
607,0,Joey,disgust,Disgust
607,1,Ross,disgust,Anger
607,2,Chandler,anger,Anger
607,3,Chandler,neutral,Anger
607,4,Rachel,neutral,Neutral
607,5,Chandler,surprise,Surprise
607,6,Chandler,surprise,Surprise
607,7,Chandler,joy,Joy
607,8,Chandler,surprise,Neutral
607,9,Chandler,neutral,Neutral
607,10,Chandler,neutral,Neutral
607,11,Chandler,neutral,Surprise
607,12,Chandler,joy,Neutral
607,13,Rachel,joy,Joy
607,14,Ross,neutral,Neutral
607,15,Rachel,neutral,Neutral
608,0,Phoebe,surprise,Surprise
608,1,Phoebe,neutral,Neutral
608,2,Phoebe,neutral,Joy
608,3,Ross,neutral,Neutral
608,4,Phoebe,neutral,Neutral
608,5,Ross,fear,Fear
608,6,Joey,joy,Joy
608,7,Ross,joy,Fear
608,8,Ross,neutral,Surprise
608,9,Joey,neutral,Neutral
609,0,Rachel,neutral,Neutral
610,0,Charlie,joy,Joy
610,1,Ross,joy,Joy
610,2,Ross,neutral,Neutral
610,3,Charlie,surprise,Neutral
610,4,Ross,joy,Joy
610,5,Charlie,surprise,Surprise
610,6,Ross,joy,Joy
610,7,Ross,joy,Neutral
611,0,Ross,neutral,Neutral
611,1,Monica,neutral,Neutral
611,2,Chandler,neutral,Neutral
611,3,Ross,neutral,Neutral
611,4,Chandler,neutral,Neutral
611,5,Rachel,neutral,Neutral
611,6,Chandler,neutral,Neutral
611,7,Rachel,surprise,Anger
611,8,Rachel,neutral,Neutral
611,9,Rachel,neutral,Neutral
611,10,Rachel,joy,Neutral
611,11,Ross,neutral,Neutral
611,12,Rachel,neutral,Neutral
611,13,Chandler,neutral,Sadness
611,14,Rachel,neutral,Neutral
612,0,Joey,joy,Neutral
612,1,Chandler,fear,Fear
612,2,Joey,neutral,Surprise
612,3,Chandler,neutral,Fear
612,4,Joey,surprise,Surprise
612,5,Chandler,fear,Anger
612,6,Chandler,anger,Anger
612,7,Chandler,neutral,Anger
612,8,Chandler,neutral,Anger
612,9,Chandler,neutral,Anger
613,0,Ross,neutral,Joy
613,1,Phoebe,neutral,Neutral
613,2,Monica,neutral,Neutral
613,3,Phoebe,neutral,Neutral
613,4,Monica,neutral,Neutral
613,5,Phoebe,neutral,Neutral
613,6,Monica,neutral,Surprise
613,7,Phoebe,neutral,Anger
613,8,Phoebe,surprise,Surprise
613,9,Monica,anger,Anger
613,10,Phoebe,anger,Joy
614,0,Kim,neutral,Neutral
614,1,Nancy,joy,Joy
614,2,Rachel,joy,Joy
614,3,Kim,neutral,Surprise
614,4,Rachel,neutral,Neutral
614,5,Nancy,neutral,Neutral
614,6,Kim,disgust,Neutral
614,7,Nancy,neutral,Neutral
614,8,Rachel,joy,Joy
614,9,Kim,neutral,Neutral
614,10,Nancy,joy,Sadness
614,11,Rachel,neutral,Joy
614,12,Rachel,neutral,Joy
614,13,Rachel,joy,Joy
614,14,Rachel,joy,Joy
614,15,Rachel,neutral,Joy
614,16,Rachel,joy,Joy
614,17,Kim,joy,Joy
614,18,Rachel,joy,Joy
614,19,Kim,sadness,Sadness
614,20,Rachel,joy,Neutral
615,0,Chandler,neutral,Neutral
615,1,Phoebe,neutral,Neutral
615,2,All,disgust,Disgust
615,3,All,anger,Anger
615,4,Rachel,disgust,Disgust
615,5,Chandler,anger,Anger
615,6,Monica,surprise,Neutral
615,7,Chandler,anger,Anger
615,8,Chandler,anger,Anger
615,9,Chandler,anger,Anger
615,10,Chandler,anger,Anger
615,11,Chandler,anger,Anger
615,12,Chandler,disgust,Anger
615,13,Chandler,anger,Anger
615,14,Joey,anger,Surprise
615,15,Rachel,neutral,Neutral
615,16,Joey,neutral,Neutral
615,17,Ross,neutral,Joy
615,18,Joey,anger,Anger
615,19,Ross,neutral,Anger
615,20,Rachel,joy,Anger
615,21,Phoebe,neutral,Anger
615,22,Rachel,anger,Joy
616,0,Joey,sadness,Sadness
616,1,Monica,neutral,Surprise
616,2,Joey,sadness,Sadness
616,3,Ross,neutral,Neutral
616,4,Joey,neutral,Neutral
617,0,Phoebe,neutral,Fear
617,1,Monica,neutral,Neutral
617,2,Phoebe,neutral,Surprise
617,3,Phoebe,disgust,Anger
617,4,Phoebe,neutral,Anger
617,5,Phoebe,neutral,Anger
617,6,Phoebe,anger,Fear
617,7,Phoebe,anger,Anger
617,8,Phoebe,neutral,Anger
617,9,Phoebe,neutral,Neutral
617,10,Chandler,neutral,Joy
618,0,Janice,joy,Joy
618,1,Rachel,joy,Surprise
619,0,Janice,neutral,Neutral
619,1,Rachel,neutral,Neutral
619,2,Janice,neutral,Joy
619,3,Rachel,neutral,Neutral
619,4,Janice,neutral,Neutral
619,5,Rachel,neutral,Neutral
619,6,Janice,neutral,Sadness
619,7,Rachel,sadness,Anger
619,8,Janice,disgust,Sadness
620,0,Phoebe,neutral,Neutral
621,0,Ross,neutral,Neutral
621,1,Rachel,neutral,Neutral
621,2,Ross,neutral,Neutral
621,3,Rachel,anger,Joy
621,4,Rachel,anger,Anger
621,5,Rachel,neutral,Neutral
621,6,Rachel,neutral,Disgust
621,7,Ross,surprise,Surprise
622,0,Rachel,neutral,Neutral
622,1,Phoebe,neutral,Neutral
622,2,Rachel,surprise,Joy
622,3,Phoebe,neutral,Disgust
622,4,Rachel,sadness,Sadness
622,5,Rachel,neutral,Neutral
622,6,Rachel,neutral,Surprise
622,7,Phoebe,neutral,Surprise
622,8,Rachel,neutral,Neutral
622,9,Phoebe,neutral,Neutral
622,10,Rachel,surprise,Surprise
622,11,Phoebe,neutral,Neutral
622,12,Phoebe,neutral,Joy
622,13,Rachel,joy,Joy
622,14,Phoebe,neutral,Joy
623,0,Joey,disgust,Disgust
623,1,Joey,fear,Fear
623,2,Joey,anger,Anger
623,3,Joey,anger,Anger
623,4,Ross,joy,Neutral
623,5,Chandler,joy,Neutral
623,6,Joey,neutral,Neutral
623,7,Ross,joy,Joy
623,8,Ross,joy,Joy
623,9,Ross,joy,Joy
623,10,Ross,joy,Neutral
623,11,Ross,surprise,Joy
623,12,Joey,joy,Joy
623,13,Ross,joy,Neutral
623,14,Joey,neutral,Neutral
623,15,Ross,surprise,Neutral
623,16,Chandler,surprise,Neutral
623,17,Ross,joy,Joy
623,18,Chandler,joy,Joy
624,0,Ross,surprise,Surprise
625,0,Ross,neutral,Neutral
625,1,Joey,neutral,Neutral
625,2,Ross,neutral,Neutral
625,3,Joey,neutral,Neutral
625,4,Ross,joy,Neutral
625,5,Joey,neutral,Neutral
625,6,Ross,neutral,Neutral
625,7,Joey,neutral,Neutral
625,8,Ross,neutral,Neutral
625,9,Joey,neutral,Neutral
625,10,Ross,neutral,Neutral
625,11,Joey,anger,Surprise
625,12,Joey,neutral,Neutral
625,13,Joey,anger,Neutral
625,14,Ross,neutral,Neutral
625,15,Joey,neutral,Neutral
625,16,Ross,neutral,Neutral
625,17,Joey,neutral,Neutral
625,18,Ross,neutral,Neutral
625,19,Joey,neutral,Neutral
626,0,Monica,neutral,Neutral
626,1,Joey,neutral,Neutral
626,2,Chandler,neutral,Neutral
626,3,Monica,joy,Joy
626,4,Chandler,anger,Neutral
626,5,Monica,neutral,Neutral
626,6,Joey,neutral,Surprise
626,7,Monica,surprise,Surprise
626,8,Joey,surprise,Neutral
626,9,Monica,neutral,Neutral
626,10,Joey,neutral,Neutral
626,11,Monica,neutral,Neutral
626,12,Joey,surprise,Joy
626,13,Monica,neutral,Neutral
627,0,Phoebe,neutral,Surprise
628,0,Joey,surprise,Surprise
628,1,Joey,neutral,Neutral
628,2,Joey,surprise,Surprise
628,3,Joey,neutral,Neutral
628,4,Gunther,disgust,Anger
628,5,Joey,neutral,Neutral
628,6,Monica,neutral,Neutral
628,7,Joey,surprise,Surprise
628,8,Chandler,surprise,Surprise
628,9,Joey,neutral,Neutral
628,10,Joey,neutral,Neutral
628,11,Joey,neutral,Neutral
628,12,Chandler,neutral,Neutral
628,13,Joey,joy,Joy
629,0,Carol,neutral,Neutral
629,1,Ross,joy,Anger
629,2,Ross,joy,Joy
629,3,Ross,joy,Joy
629,4,Ross,joy,Joy
629,5,Susan,joy,Neutral
629,6,Rachel,joy,Joy
629,7,Susan,neutral,Neutral
629,8,Ross,joy,Joy
629,9,Monica,neutral,Neutral
629,10,Monica,neutral,Surprise
629,11,Monica,neutral,Neutral
629,12,Monica,neutral,Neutral
629,13,Monica,neutral,Neutral
629,14,Monica,neutral,Neutral
629,15,Monica,neutral,Neutral
629,16,Rachel,surprise,Surprise
629,17,Monica,neutral,Neutral
630,0,Monica,joy,Joy
630,1,Phoebe,joy,Neutral
630,2,Monica,disgust,Neutral
630,3,Phoebe,surprise,Neutral
630,4,Monica,neutral,Joy
630,5,Phoebe,joy,Neutral
630,6,Monica,joy,Joy
630,7,Phoebe,neutral,Neutral
630,8,Monica,neutral,Neutral
630,9,Phoebe,surprise,Surprise
630,10,Joey,neutral,Neutral
630,11,Joey,neutral,Neutral
630,12,Joey,neutral,Neutral
630,13,Joey,neutral,Neutral
630,14,Joey,neutral,Neutral
631,0,Rachel,surprise,Surprise
632,0,Monica,surprise,Surprise
632,1,Rachel,fear,Neutral
632,2,Monica,surprise,Surprise
632,3,Monica,anger,Anger
632,4,Monica,anger,Anger
632,5,Monica,anger,Disgust
632,6,Monica,disgust,Anger
632,7,Monica,disgust,Anger
632,8,Monica,surprise,Surprise
632,9,Rachel,neutral,Neutral
632,10,Monica,sadness,Anger
632,11,Rachel,sadness,Fear
632,12,Monica,neutral,Neutral
632,13,Rachel,neutral,Neutral
632,14,Monica,neutral,Surprise
632,15,Rachel,neutral,Neutral
632,16,Monica,sadness,Neutral
632,17,Rachel,sadness,Sadness
633,0,Phoebe,neutral,Neutral
633,1,Mrs. Geller,joy,Disgust
633,2,Phoebe,surprise,Surprise
633,3,Monica,joy,Joy
633,4,Rachel,joy,Joy
633,5,Monica,joy,Joy
633,6,Rachel,neutral,Neutral
633,7,Joey,fear,Neutral
633,8,Rachel,neutral,Joy
633,9,Joey,anger,Anger
634,0,Ross,anger,Anger
634,1,Rachel,neutral,Neutral
634,2,Rachel,anger,Neutral
634,3,Rachel,anger,Anger
634,4,Ross,neutral,Neutral
634,5,Rachel,sadness,Anger
634,6,Rachel,neutral,Anger
634,7,Ben,anger,Anger
634,8,Rachel,neutral,Neutral
635,0,Monica,surprise,Surprise
635,1,Chandler,neutral,Neutral
635,2,Monica,surprise,Joy
635,3,Chandler,neutral,Neutral
635,4,Monica,surprise,Surprise
635,5,Chandler,neutral,Neutral
635,6,Airline Employee,neutral,Neutral
635,7,Chandler,neutral,Neutral
635,8,Airline Employee,neutral,Neutral
635,9,Chandler,neutral,Neutral
636,0,Rachel,joy,Joy
636,1,Rachel,neutral,Neutral
636,2,Rachel,joy,Joy
636,3,Rachel,neutral,Joy
636,4,Rachel,neutral,Joy
636,5,Phoebe,joy,Joy
636,6,Rachel,neutral,Joy
637,0,Joey,joy,Anger
637,1,Ross,anger,Neutral
637,2,Joey,anger,Anger
637,3,Ross,anger,Neutral
637,4,Joey,neutral,Neutral
637,5,Ross,disgust,Disgust
637,6,Joey,anger,Anger
637,7,Ross,neutral,Neutral
637,8,Joey,anger,Anger
637,9,Ross,neutral,Joy
637,10,Joey,neutral,Neutral
637,11,Ross,neutral,Neutral
638,0,Ross,neutral,Neutral
638,1,Mr. Geller,neutral,Neutral
638,2,Ross,surprise,Neutral
638,3,Mr. Geller,joy,Sadness
638,4,Ross,sadness,Surprise
638,5,Mr. Geller,neutral,Neutral
638,6,Ross,neutral,Anger
638,7,Mr. Geller,sadness,Sadness
638,8,Monica,joy,Joy
638,9,Mr. Geller,neutral,Neutral
638,10,Monica,neutral,Neutral
638,11,Ross,neutral,Disgust
638,12,Monica,neutral,Anger
639,0,Ross,neutral,Neutral
639,1,Phoebe,joy,Joy
639,2,Ross,neutral,Neutral
639,3,Ross,neutral,Neutral
639,4,Ross,neutral,Neutral
639,5,Ross,neutral,Neutral
639,6,Ross,neutral,Neutral
639,7,Susan,neutral,Neutral
639,8,Phoebe,neutral,Neutral
639,9,Ross,surprise,Joy
639,10,Janitor,surprise,Surprise
640,0,Mr. Posner,joy,Neutral
640,1,Rachel,joy,Neutral
640,2,Joanna,neutral,Surprise
640,3,Joanna,surprise,Surprise
640,4,Joanna,neutral,Disgust
640,5,Joanna,joy,Disgust
640,6,Rachel,neutral,Neutral
640,7,Mrs. Lynch,neutral,Neutral
640,8,Rachel,joy,Joy
640,9,Joanna,joy,Disgust
640,10,Rachel,neutral,Anger
640,11,Joanna,joy,Disgust
640,12,Mr. Posner,neutral,Neutral
640,13,Rachel,neutral,Neutral
640,14,Joanna,neutral,Disgust
640,15,Rachel,joy,Joy
640,16,Joanna,neutral,Disgust
641,0,Rachel,neutral,Neutral
641,1,Chandler,fear,Fear
642,0,Monica,neutral,Joy
642,1,Chandler,surprise,Surprise
642,2,Monica,neutral,Joy
642,3,Chandler,neutral,Neutral
642,4,Monica,neutral,Sadness
643,0,Phoebe,neutral,Neutral
643,1,Chandler,neutral,Neutral
643,2,Phoebe,disgust,Anger
643,3,Chandler,surprise,Surprise
643,4,Ross,surprise,Anger
643,5,Monica,neutral,Neutral
643,6,Ross,neutral,Neutral
644,0,Monica,surprise,Surprise
644,1,Ross,neutral,Neutral
644,2,Chandler,anger,Anger
644,3,Ross,neutral,Neutral
644,4,Ross,neutral,Neutral
644,5,Ross,joy,Joy
644,6,Monica,surprise,Surprise
644,7,Chandler,anger,Neutral
644,8,Ross,joy,Joy
644,9,Chandler,anger,Anger
644,10,Ross,neutral,Joy
645,0,Rachel,neutral,Fear
645,1,Mrs. Green,joy,Joy
645,2,Rachel,neutral,Sadness
645,3,Rachel,neutral,Sadness
645,4,Rachel,neutral,Neutral
645,5,Rachel,sadness,Fear
645,6,Rachel,sadness,Disgust
645,7,Mrs. Green,neutral,Neutral
645,8,Rachel,fear,Fear
645,9,Mrs. Green,neutral,Neutral
645,10,Rachel,neutral,Neutral
645,11,Mrs. Green,neutral,Joy
645,12,Monica,neutral,Neutral
645,13,Ross,joy,Neutral
645,14,Phoebe,surprise,Surprise
645,15,Ross,neutral,Joy
645,16,Phoebe,neutral,Neutral
646,0,Monica,neutral,Neutral
646,1,Rachel,joy,Joy
646,2,Phoebe,neutral,Joy
646,3,Rachel,joy,Joy
646,4,Monica,joy,Neutral
646,5,Rachel,joy,Anger
646,6,Monica,neutral,Neutral
646,7,Monica,neutral,Neutral
646,8,Phoebe,joy,Joy
646,9,Rachel,anger,Anger
646,10,Phoebe,neutral,Joy
646,11,Monica,neutral,Neutral
646,12,Monica,neutral,Neutral
646,13,Rachel,neutral,Neutral
646,14,Phoebe,neutral,Neutral
646,15,Monica,neutral,Neutral
646,16,Phoebe,surprise,Neutral
646,17,Monica,joy,Joy
646,18,Rachel,neutral,Surprise
646,19,Monica,joy,Joy
646,20,Rachel,anger,Anger
646,21,Phoebe,joy,Anger
647,0,Chandler,neutral,Anger
648,0,Monica,neutral,Anger
648,1,Monica,anger,Anger
648,2,Monica,anger,Anger
648,3,Monica,anger,Anger
648,4,Phoebe,neutral,Joy
648,5,Monica,surprise,Surprise
648,6,Phoebe,neutral,Joy
649,0,Rachel,surprise,Surprise
649,1,Joey,neutral,Neutral
649,2,Rachel,joy,Joy
649,3,Joey,joy,Joy
649,4,Joey,neutral,Neutral
649,5,Joey,neutral,Neutral
649,6,Joey,neutral,Neutral
649,7,Rachel,joy,Surprise
649,8,Rachel,joy,Joy
649,9,Rachel,joy,Joy
649,10,Rachel,neutral,Neutral
649,11,Joey,neutral,Neutral
649,12,Joey,neutral,Neutral
649,13,Joey,surprise,Neutral
649,14,Joey,neutral,Neutral
649,15,Joey,surprise,Neutral
649,16,Rachel,neutral,Neutral
649,17,Joey,neutral,Neutral
649,18,Rachel,neutral,Neutral
649,19,Joey,joy,Neutral
649,20,Rachel,neutral,Neutral
649,21,Joey,neutral,Joy
649,22,Rachel,neutral,Neutral
649,23,Joey,anger,Anger
650,0,Rachel,anger,Anger
650,1,Monica,neutral,Neutral
650,2,Phoebe,joy,Disgust
650,3,Monica,neutral,Neutral
650,4,Phoebe,neutral,Disgust
650,5,Monica,disgust,Anger
650,6,Rachel,neutral,Anger
650,7,Monica,neutral,Anger
650,8,Rachel,joy,Joy
651,0,Ross,surprise,Anger
651,1,Joey,surprise,Anger
651,2,Ross,surprise,Anger
651,3,Rachel,neutral,Neutral
651,4,Rachel,neutral,Joy
651,5,Paolo,neutral,Joy
651,6,Ross,neutral,Anger
651,7,Joey,neutral,Neutral
651,8,Ross,neutral,Anger
651,9,Joey,neutral,Neutral
651,10,Monica,anger,Surprise
651,11,Joey,surprise,Surprise
651,12,Monica,neutral,Anger
652,0,Rachel,disgust,Disgust
652,1,Monica,disgust,Disgust
652,2,Chandler,neutral,Neutral
652,3,Ross,sadness,Neutral
652,4,Chandler,neutral,Neutral
652,5,Chandler,joy,Joy
652,6,Ross,joy,Joy
652,7,Chandler,joy,Joy
652,8,Monica,joy,Neutral
652,9,Chandler,fear,Disgust
652,10,Rachel,joy,Joy
652,11,Chandler,neutral,Disgust
652,12,Ross,neutral,Neutral
652,13,Phoebe,neutral,Joy
652,14,Monica,joy,Joy
652,15,Chandler,surprise,Neutral
653,0,Chandler,neutral,Joy
653,1,Phoebe,neutral,Neutral
653,2,Chandler,joy,Joy
653,3,Chandler,neutral,Neutral
653,4,Chandler,neutral,Neutral
654,0,Chandler,sadness,Sadness
654,1,Monica,disgust,Neutral
654,2,Chandler,fear,Fear
654,3,Monica,anger,Anger
654,4,Chandler,sadness,Sadness
654,5,Monica,neutral,Neutral
654,6,Chandler,neutral,Neutral
654,7,Chandler,neutral,Neutral
654,8,Monica,joy,Joy
655,0,Ross,surprise,Surprise
655,1,Ross,neutral,Neutral
655,2,Ross,neutral,Sadness
655,3,Ross,sadness,Sadness
655,4,Elizabeth,joy,Joy
655,5,Ross,neutral,Sadness
655,6,Elizabeth,surprise,Surprise
655,7,Ross,surprise,Surprise
655,8,Elizabeth,joy,Joy
655,9,Ross,surprise,Surprise
655,10,Elizabeth,neutral,Neutral
655,11,Ross,joy,Neutral
655,12,Elizabeth,joy,Anger
655,13,Ross,joy,Joy
655,14,Elizabeth,joy,Anger
655,15,Ross,joy,Joy
656,0,Monica,joy,Joy
657,0,Monica,joy,Joy
657,1,Megan,neutral,Neutral
657,2,Rachel,neutral,Neutral
657,3,Megan,joy,Joy
657,4,Rachel,joy,Joy
657,5,Megan,neutral,Neutral
657,6,Monica,neutral,Neutral
657,7,Megan,joy,Joy
657,8,Megan,neutral,Neutral
657,9,Monica,neutral,Neutral
657,10,Megan,neutral,Surprise
657,11,Monica,surprise,Surprise
657,12,Megan,joy,Surprise
657,13,Monica,neutral,Neutral
657,14,Megan,sadness,Sadness
657,15,Phoebe,joy,Joy
657,16,Rachel,neutral,Neutral
657,17,Rachel,neutral,Neutral
657,18,Rachel,disgust,Disgust
657,19,Rachel,neutral,Neutral
658,0,Chandler,neutral,Joy
658,1,Chandler,surprise,Joy
658,2,Chandler,joy,Joy
658,3,Monica,neutral,Neutral
658,4,Chandler,fear,Surprise
658,5,Chandler,anger,Anger
658,6,Chandler,joy,Neutral
658,7,Chandler,neutral,Fear
658,8,Chandler,neutral,Neutral
658,9,Joey and Ross,neutral,Neutral
658,10,Monica,surprise,Anger
658,11,Phoebe,anger,Anger
658,12,Chandler,neutral,Joy
658,13,Joey,neutral,Neutral
658,14,Chandler,neutral,Joy
658,15,Phoebe,neutral,Neutral
658,16,Chandler,disgust,Sadness
658,17,Monica,surprise,Surprise
658,18,Ross,neutral,Neutral
658,19,Phoebe,neutral,Neutral
658,20,Ross,neutral,Joy
659,0,Ross,neutral,Neutral
659,1,Kristin,neutral,Neutral
659,2,Carol,neutral,Sadness
659,3,Susan,sadness,Sadness
659,4,Ross,neutral,Joy
659,5,Ross,neutral,Neutral
659,6,Ross,sadness,Neutral
659,7,Kristin,neutral,Neutral
659,8,Ross,neutral,Joy
659,9,Carol,neutral,Neutral
659,10,Ross,neutral,Neutral
659,11,Ross,neutral,Neutral
659,12,Ross,neutral,Neutral
659,13,Ross,joy,Joy
659,14,Ross,neutral,Neutral
659,15,Ross,neutral,Neutral
659,16,Ross,neutral,Neutral
659,17,Ross,neutral,Neutral
659,18,Ross,neutral,Neutral
659,19,Ross,joy,Joy
660,0,Paul,neutral,Neutral
660,1,Paul,neutral,Neutral
660,2,Rachel,neutral,Neutral
660,3,Paul,neutral,Neutral
660,4,Paul,anger,Neutral
660,5,Paul,sadness,Sadness
660,6,Paul,sadness,Sadness
660,7,Rachel,joy,Joy
660,8,Rachel,neutral,Joy
660,9,Rachel,joy,Joy
660,10,Rachel,joy,Joy
660,11,Rachel,neutral,Joy
660,12,Rachel,neutral,Joy
660,13,Rachel,neutral,Joy
660,14,Paul,sadness,Sadness
660,15,Rachel,surprise,Surprise
661,0,Joey,anger,Anger
661,1,Chandler,surprise,Disgust
661,2,Joey,neutral,Anger
661,3,Chandler,neutral,Neutral
661,4,Joey,neutral,Neutral
661,5,Chandler,neutral,Anger
661,6,Joey,neutral,Neutral
661,7,Chandler,anger,Anger
661,8,Joey,anger,Anger
661,9,Chandler,sadness,Sadness
662,0,Joey,neutral,Neutral
662,1,Joey,neutral,Neutral
662,2,Joey,neutral,Neutral
662,3,Annabelle,neutral,Neutral
662,4,Hombre Man,neutral,Neutral
662,5,Annabelle,neutral,Neutral
662,6,Joey,sadness,Anger
663,0,Chandler,joy,Joy
663,1,Monica,neutral,Neutral
663,2,Chandler,joy,Joy
663,3,Monica,joy,Joy
663,4,Chandler,neutral,Joy
663,5,Monica,neutral,Joy
663,6,Chandler,neutral,Joy
663,7,Monica,neutral,Neutral
663,8,Joey,neutral,Neutral
663,9,Monica,neutral,Joy
664,0,Joey,neutral,Neutral
664,1,Ross,sadness,Sadness
664,2,Chandler,sadness,Surprise
664,3,Ross,sadness,Anger
664,4,Chandler,anger,Anger
664,5,Chandler,neutral,Neutral
664,6,Joey,neutral,Joy
664,7,Chandler,neutral,Neutral
664,8,Joey,neutral,Joy
665,0,Dr. Zane,neutral,Neutral
665,1,Phoebe,joy,Joy
665,2,Frank,neutral,Neutral
665,3,Dr. Zane,neutral,Neutral
665,4,Phoebe,surprise,Surprise
665,5,Dr. Zane,neutral,Neutral
665,6,Phoebe,neutral,Surprise
665,7,Dr. Zane,neutral,Neutral
665,8,Phoebe,surprise,Anger
665,9,Frank,neutral,Neutral
665,10,Alice,neutral,Neutral
665,11,Phoebe,neutral,Joy
665,12,Frank,neutral,Neutral
665,13,Alice,neutral,Neutral
665,14,Alice,neutral,Neutral
665,15,Phoebe,disgust,Surprise
665,16,Dr. Zane,neutral,Neutral
665,17,Phoebe,surprise,Anger
665,18,Frank,anger,Neutral
666,0,Joey,neutral,Neutral
666,1,Monica,neutral,Neutral
666,2,Joey,surprise,Disgust
666,3,Phoebe,disgust,Joy
666,4,Joey,anger,Anger
666,5,Monica,neutral,Neutral
666,6,Joey,neutral,Disgust
666,7,Monica,neutral,Neutral
666,8,Rachel,fear,Fear
666,9,Monica,anger,Neutral
666,10,Rachel,surprise,Anger
666,11,Monica,anger,Joy
666,12,Danny,neutral,Neutral
666,13,Monica,neutral,Neutral
666,14,Danny,neutral,Neutral
666,15,Monica,joy,Neutral
666,16,Phoebe,neutral,Joy
667,0,Monica,joy,Joy
667,1,Chandler,joy,Neutral
667,2,Monica,sadness,Neutral
667,3,Chandler,neutral,Disgust
667,4,Monica,joy,Joy
667,5,Chandler,neutral,Neutral
667,6,Monica,joy,Neutral
667,7,Chandler,neutral,Neutral
667,8,Monica,sadness,Surprise
667,9,Chandler,neutral,Neutral
668,0,Monica,joy,Neutral
668,1,Chandler,neutral,Neutral
669,0,Barry,neutral,Neutral
669,1,Rachel,joy,Joy
669,2,Barry,joy,Joy
669,3,Rachel,surprise,Surprise
669,4,Barry,neutral,Neutral
670,0,Monica,joy,Joy
670,1,Rachel,anger,Surprise
670,2,Rachel,sadness,Anger
670,3,Rachel,anger,Anger
670,4,Monica,joy,Joy
670,5,Rachel,neutral,Neutral
670,6,Monica,neutral,Joy
670,7,Rachel,anger,Anger
670,8,Monica,joy,Anger
670,9,Monica,anger,Anger
670,10,Monica,joy,Joy
670,11,Monica,joy,Joy
670,12,Rachel,neutral,Neutral
670,13,Monica,joy,Surprise
670,14,Rachel,neutral,Surprise
670,15,Monica,sadness,Surprise
671,0,Joey,neutral,Neutral
671,1,Ross,neutral,Surprise
671,2,Joey,neutral,Joy
671,3,Ross,neutral,Neutral
671,4,Ross,neutral,Neutral
671,5,Ross,neutral,Neutral
671,6,Joey,neutral,Neutral
671,7,Ross,neutral,Neutral
671,8,Ross,surprise,Joy
671,9,Joey,joy,Joy
671,10,Ross,surprise,Surprise
671,11,Joey,surprise,Joy
671,12,Joey,neutral,Joy
671,13,Ross,neutral,Neutral
671,14,Joey,neutral,Joy
671,15,Ross,anger,Anger
671,16,Joey,neutral,Neutral
671,17,Ross,anger,Anger
672,0,Ross,neutral,Surprise
672,1,Rachel,surprise,Surprise
672,2,Ross,joy,Joy
672,3,Rachel,surprise,Surprise
672,4,Ross,neutral,Neutral
672,5,Ross,joy,Neutral
672,6,Ross,joy,Neutral
672,7,Rachel,neutral,Neutral
672,8,Ross,sadness,Sadness
672,9,Rachel,fear,Anger
672,10,Ross,neutral,Fear
672,11,Rachel,anger,Anger
672,12,Rachel,anger,Anger
672,13,Ross,neutral,Fear
672,14,Rachel,joy,Surprise
672,15,Ross,joy,Joy
673,0,Russell,neutral,Surprise
673,1,Ross,neutral,Neutral
673,2,Russell,neutral,Surprise
673,3,Ross,neutral,Neutral
673,4,Russell,neutral,Surprise
673,5,Russell,neutral,Neutral
673,6,Ross,neutral,Neutral
673,7,Russell,surprise,Surprise
673,8,Ross,neutral,Fear
673,9,Russell,neutral,Disgust
673,10,Ross,neutral,Fear
673,11,Russell,neutral,Disgust
673,12,Ross,neutral,Neutral
673,13,Russell,neutral,Neutral
673,14,Ross,neutral,Joy
673,15,Russell,neutral,Neutral
673,16,Ross,neutral,Joy
673,17,Russell,neutral,Neutral
673,18,Ross,surprise,Surprise
673,19,Ross,surprise,Fear
673,20,Ross,fear,Fear
674,0,Ross,neutral,Neutral
674,1,Joey,neutral,Joy
674,2,Phoebe,neutral,Neutral
674,3,Joey,surprise,Surprise
674,4,Phoebe,neutral,Neutral
674,5,Chandler,neutral,Neutral
674,6,Chandler,neutral,Neutral
674,7,Chandler,neutral,Neutral
674,8,Ross,neutral,Neutral
675,0,Phoebe,neutral,Joy
675,1,Julie,joy,Joy
675,2,Phoebe,neutral,Neutral
675,3,Rachel,neutral,Neutral
675,4,Phoebe,neutral,Neutral
675,5,Rachel,neutral,Neutral
676,0,Ross,sadness,Sadness
676,1,Rachel,surprise,Surprise
676,2,Rachel,surprise,Anger
676,3,Rachel,sadness,Anger
676,4,Rachel,fear,Sadness
676,5,Rachel,sadness,Anger
676,6,Ross,sadness,Sadness
676,7,Ross,sadness,Sadness
676,8,Rachel,surprise,Anger
676,9,Ross,sadness,Sadness
676,10,Rachel,anger,Anger
676,11,Ross,surprise,Surprise
676,12,Rachel,anger,Anger
676,13,Ross,neutral,Surprise
676,14,Rachel,anger,Anger
677,0,Joey,surprise,Joy
677,1,Chandler,neutral,Neutral
677,2,Joey,joy,Joy
677,3,Ross,neutral,Neutral
678,0,Phoebe,neutral,Neutral
678,1,Chandler,neutral,Neutral
678,2,Frank,neutral,Neutral
678,3,Phoebe,neutral,Neutral
678,4,Joey,joy,Joy
678,5,Frank,neutral,Neutral
678,6,Phoebe,neutral,Neutral
678,7,Frank,surprise,Surprise
678,8,Phoebe,neutral,Neutral
678,9,Rachel,joy,Joy
678,10,Frank,surprise,Surprise
678,11,Phoebe,neutral,Neutral
678,12,Frank,joy,Joy
678,13,Chandler,neutral,Joy
678,14,Rachel,neutral,Neutral
678,15,Phoebe,joy,Joy
678,16,Frank,neutral,Neutral
678,17,Frank,neutral,Neutral
678,18,Chandler,neutral,Neutral
679,0,Rachel,neutral,Neutral
679,1,Chandler,neutral,Neutral
679,2,Rachel,joy,Joy
679,3,Chandler,joy,Joy
679,4,Rachel,surprise,Neutral
679,5,Rachel,surprise,Joy
679,6,Joey,neutral,Neutral
679,7,Chandler,joy,Joy
679,8,Rachel,surprise,Joy
679,9,Chandler,joy,Joy
679,10,Joey,joy,Fear
679,11,Phoebe,neutral,Joy
679,12,Joey,fear,Fear
679,13,Joey,anger,Fear
679,14,Joey,anger,Fear
679,15,Monica,anger,Joy
679,16,Phoebe,neutral,Joy
680,0,Monica,joy,Neutral
680,1,Rachel,surprise,Surprise
680,2,Monica,surprise,Neutral
680,3,Monica,joy,Neutral
680,4,Monica,neutral,Neutral
680,5,Phoebe,sadness,Neutral
680,6,Rachel,neutral,Neutral
680,7,Phoebe,neutral,Neutral
680,8,Rachel,joy,Neutral
680,9,Monica,joy,Joy
680,10,Monica,joy,Joy
680,11,Monica,neutral,Joy
680,12,Monica,neutral,Joy
680,13,Monica,sadness,Sadness
680,14,Rachel,sadness,Neutral
681,0,Monica,neutral,Neutral
681,1,Joey,neutral,Neutral
681,2,Phoebe,sadness,Sadness
681,3,Ross,disgust,Disgust
681,4,Rachel,sadness,Fear
681,5,Ross,neutral,Anger
682,0,Ross,sadness,Neutral
682,1,Ross,neutral,Neutral
682,2,Ross,neutral,Neutral
682,3,Ross,neutral,Neutral
682,4,Chandler,neutral,Joy
682,5,Monica,joy,Joy
682,6,Rachel,joy,Joy
682,7,Joey,neutral,Joy
682,8,Phoebe,joy,Joy
682,9,Joey,neutral,Neutral
682,10,Ross,neutral,Neutral
682,11,Rachel,neutral,Neutral
682,12,All,neutral,Neutral
682,13,Ross,neutral,Neutral
682,14,Phoebe,neutral,Joy
683,0,Ross,joy,Joy
684,0,Chandler,neutral,Neutral
684,1,Rachel,neutral,Surprise
684,2,Chandler,neutral,Neutral
685,0,Monica,neutral,Neutral
685,1,Chandler,neutral,Sadness
686,0,Monica,neutral,Neutral
686,1,Rachel,neutral,Neutral
686,2,Monica,neutral,Anger
686,3,Rachel,anger,Anger
686,4,Monica,disgust,Anger
686,5,Rachel,anger,Anger
686,6,Monica,sadness,Neutral
686,7,Monica,joy,Neutral
686,8,Monica,neutral,Neutral
686,9,Rachel,joy,Neutral
686,10,Monica,neutral,Neutral
686,11,Rachel,surprise,Surprise
687,0,Rachel,neutral,Neutral
687,1,Tag,neutral,Neutral
687,2,Rachel,neutral,Neutral
687,3,Rachel,neutral,Neutral
687,4,Rachel,surprise,Surprise
687,5,Rachel,surprise,Surprise
687,6,Rachel,surprise,Surprise
687,7,Rachel,surprise,Surprise
688,0,Joey,neutral,Neutral
689,0,Chip,neutral,Neutral
689,1,Monica,joy,Neutral
689,2,Ross,neutral,Neutral
689,3,Monica,neutral,Neutral
689,4,Chip,neutral,Neutral
689,5,Monica,neutral,Neutral
689,6,Ross,surprise,Surprise
689,7,Monica,joy,Joy
689,8,Ross,joy,Joy
689,9,Monica,joy,Joy
689,10,Ross,neutral,Neutral
689,11,Rachel,neutral,Joy
689,12,Ross,neutral,Neutral
689,13,Rachel,surprise,Surprise
689,14,Ross,neutral,Neutral
690,0,Monica,neutral,Neutral
690,1,Phoebe,joy,Joy
690,2,Rachel,joy,Neutral
690,3,Monica,joy,Joy
690,4,Phoebe,surprise,Surprise
690,5,Monica,surprise,Surprise
690,6,Rachel,surprise,Surprise
690,7,Phoebe,surprise,Surprise
690,8,Rachel,surprise,Surprise
690,9,Monica,surprise,Surprise
691,0,Mr. Burgin,joy,Joy
692,0,Ross,sadness,Sadness
692,1,Rachel,neutral,Joy
693,0,Joey,neutral,Neutral
693,1,Mr. Treeger,neutral,Anger
693,2,Mr. Treeger,anger,Anger
693,3,Mr. Treeger,anger,Anger
693,4,Mr. Treeger,anger,Anger
693,5,Joey,anger,Anger
694,0,Chandler,joy,Joy
694,1,Rachel,neutral,Neutral
694,2,Chandler,neutral,Neutral
694,3,Rachel,sadness,Joy
695,0,Ben,disgust,Anger
695,1,Rachel,fear,Anger
695,2,Ben,joy,Anger
695,3,Rachel,fear,Anger
695,4,Ben,joy,Anger
695,5,Rachel,anger,Anger
695,6,Ben,joy,Anger
696,0,Joey,neutral,Neutral
696,1,Rachel,surprise,Neutral
696,2,Joey,neutral,Neutral
696,3,Rachel,surprise,Surprise
696,4,Rachel,anger,Anger
696,5,Rachel,anger,Anger
696,6,Rachel,anger,Anger
696,7,Rachel,anger,Anger
697,0,Phoebe,joy,Joy
697,1,Chandler,surprise,Surprise
697,2,Phoebe,joy,Joy
697,3,Chandler,neutral,Neutral
697,4,Phoebe,joy,Joy
697,5,Joey,surprise,Joy
697,6,Rachel,surprise,Surprise
697,7,All,surprise,Surprise
698,0,Ross,anger,Anger
698,1,Rachel,neutral,Neutral
698,2,Ross,anger,Neutral
698,3,Rachel,disgust,Fear
698,4,Ross,neutral,Surprise
698,5,Rachel,sadness,Sadness
698,6,Ross,surprise,Surprise
698,7,Rachel,sadness,Sadness
699,0,Phoebe,surprise,Joy
699,1,The Lurker,anger,Anger
699,2,Phoebe,anger,Anger
699,3,The Lurker,anger,Anger
699,4,The Security Guard,neutral,Neutral
699,5,Phoebe,disgust,Surprise
699,6,The Security Guard,surprise,Surprise
699,7,Phoebe,disgust,Surprise
699,8,The Lurker,anger,Anger
699,9,The Security Guard,neutral,Neutral
699,10,Phoebe,neutral,Neutral
699,11,The Security Guard,disgust,Neutral
699,12,Phoebe,anger,Fear
699,13,The Security Guard,anger,Neutral
699,14,Phoebe,neutral,Neutral
700,0,Ross,neutral,Neutral
700,1,Rachel,neutral,Neutral
700,2,Ross,neutral,Neutral
700,3,Rachel,anger,Anger
700,4,Rachel,anger,Anger
700,5,Rachel,anger,Anger
700,6,Rachel,sadness,Neutral
700,7,Ross,neutral,Sadness
700,8,Rachel,anger,Anger
700,9,Ross,neutral,Anger
700,10,Rachel,anger,Anger
700,11,Ross,sadness,Sadness
700,12,Rachel,neutral,Surprise
701,0,Chandler,neutral,Neutral
701,1,Monica,neutral,Neutral
702,0,Monica,joy,Joy
702,1,Chandler,sadness,Sadness
702,2,Monica,neutral,Neutral
703,0,Monica,neutral,Joy
703,1,Angela,neutral,Neutral
703,2,Bob,neutral,Neutral
703,3,Monica,surprise,Surprise
703,4,Joey,surprise,Surprise
703,5,Monica,surprise,Surprise
703,6,Joey,neutral,Fear
704,0,Chandler,neutral,Fear
704,1,Joey,anger,Anger
704,2,Chandler,anger,Anger
704,3,Joey,anger,Fear
704,4,Chandler,anger,Fear
705,0,Phoebe,neutral,Joy
705,1,Chandler,neutral,Joy
705,2,Phoebe,joy,Joy
705,3,Phoebe,joy,Joy
705,4,Chandler,neutral,Neutral
705,5,Phoebe,joy,Joy
705,6,Phoebe,joy,Neutral
705,7,Phoebe,joy,Joy
705,8,Monica,neutral,Neutral
706,0,Monica,neutral,Neutral
706,1,Chandler,joy,Joy
706,2,Monica,surprise,Surprise
706,3,Chandler,neutral,Neutral
706,4,Monica,neutral,Joy
706,5,Chandler,joy,Joy
706,6,Chandler,joy,Joy
706,7,Monica,neutral,Joy
706,8,Chandler,joy,Joy
706,9,Monica,joy,Joy
706,10,Chandler,joy,Joy
707,0,Phoebe,anger,Surprise
707,1,Phoebe,neutral,Neutral
707,2,Phoebe,neutral,Neutral
707,3,Phoebe,neutral,Neutral
707,4,Phoebe,neutral,Disgust
707,5,Phoebe,neutral,Disgust
707,6,Phoebe,neutral,Surprise
707,7,Phoebe,neutral,Surprise
707,8,Phoebe,surprise,Anger
707,9,Phoebe,surprise,Anger
707,10,Phoebe,anger,Anger
707,11,Phoebe,anger,Anger
707,12,Phoebe,anger,Anger
707,13,Phoebe,joy,Neutral
707,14,Phoebe,anger,Anger
707,15,Bob,neutral,Neutral
708,0,Phoebe,neutral,Anger
709,0,Chandler,joy,Neutral
709,1,Joey,joy,Neutral
710,0,Ross,joy,Joy
711,0,Chandler,joy,Joy
712,0,Joey,joy,Joy
712,1,Chandler,joy,Joy
712,2,Joey,fear,Neutral
712,3,Ross,neutral,Neutral
712,4,Joey,surprise,Joy
712,5,Ross,joy,Joy
712,6,Chandler,neutral,Neutral
712,7,Joey,joy,Joy
712,8,Chandler,surprise,Surprise
712,9,Joey,joy,Joy
712,10,Ross,joy,Joy
712,11,Chandler,disgust,Disgust
713,0,Ross,neutral,Fear
713,1,Julie,surprise,Fear
713,2,Marc,joy,Joy
714,0,Ross,neutral,Neutral
714,1,The Librarian,joy,Neutral
714,2,Ross,anger,Anger
714,3,The Head Librarian,neutral,Neutral
714,4,Ross,anger,Neutral
714,5,Ross,anger,Disgust
715,0,The Head Librarian,neutral,Neutral
716,0,The Head Librarian,neutral,Neutral
716,1,The Head Librarian,sadness,Neutral
716,2,Ross,anger,Anger
716,3,Ross,anger,Anger
716,4,Ross,anger,Anger
716,5,Ross,anger,Anger
717,0,Phoebe,neutral,Neutral
717,1,Rachel,surprise,Surprise
717,2,Phoebe,surprise,Joy
717,3,Phoebe,neutral,Neutral
717,4,Phoebe,surprise,Neutral
717,5,Phoebe,neutral,Sadness
717,6,Rachel,anger,Anger
717,7,Rachel,neutral,Anger
717,8,Rachel,neutral,Neutral
717,9,Rachel,sadness,Anger
717,10,Rachel,neutral,Disgust
717,11,Phoebe,neutral,Fear
717,12,Rachel,anger,Anger
718,0,Chip,neutral,Joy
718,1,Monica,neutral,Surprise
718,2,Chip,neutral,Neutral
718,3,Monica,neutral,Neutral
718,4,Chip,joy,Joy
718,5,Monica,neutral,Neutral
718,6,Chip,neutral,Joy
719,0,Guy #1,joy,Joy
719,1,Joey,neutral,Neutral
719,2,Woman,joy,Joy
719,3,Joey,neutral,Joy
719,4,Woman,neutral,Joy
719,5,Joey,neutral,Joy
719,6,Woman,joy,Joy
719,7,Joey,joy,Joy
720,0,Ross,fear,Anger
720,1,Joey,neutral,Neutral
720,2,Joey,anger,Neutral
720,3,Chandler,joy,Joy
720,4,Joey,neutral,Joy
720,5,Chandler,neutral,Neutral
720,6,Joey,neutral,Joy
720,7,Joey,neutral,Neutral
720,8,Chandler,neutral,Joy
720,9,Joey,anger,Neutral
720,10,Chandler,neutral,Neutral
720,11,Joey,anger,Anger
720,12,Chandler,neutral,Neutral
720,13,Joey,neutral,Joy
720,14,Chandler,neutral,Neutral
720,15,Chandler,fear,Anger
720,16,Joey,joy,Joy
720,17,Ross,neutral,Neutral
720,18,Chandler,neutral,Neutral
721,0,Chandler,neutral,Anger
722,0,Joey,neutral,Neutral
722,1,Chandler,neutral,Neutral
722,2,Joey,anger,Neutral
722,3,Chandler,joy,Surprise
722,4,Joey,joy,Joy
722,5,Chandler,sadness,Neutral
722,6,Joey,sadness,Joy
722,7,Chandler,surprise,Surprise
722,8,Joey,neutral,Joy
722,9,Chandler,joy,Neutral
722,10,Joey,anger,Surprise
722,11,Joey,neutral,Joy
722,12,Chandler,joy,Joy
722,13,Joey,neutral,Joy
722,14,Joey,surprise,Anger
722,15,Chandler,surprise,Neutral
722,16,Joey,joy,Anger
723,0,Chandler,joy,Joy
723,1,Rachel,joy,Joy
723,2,Phoebe,neutral,Neutral
723,3,Ross,joy,Joy
723,4,Ross,joy,Joy
723,5,Phoebe,neutral,Joy
723,6,Ross,surprise,Surprise
723,7,Chandler,fear,Fear
724,0,Monica,neutral,Neutral
724,1,Monica,neutral,Neutral
724,2,Phoebe,neutral,Neutral
724,3,Monica,neutral,Neutral
724,4,Phoebe,neutral,Joy
724,5,Monica,neutral,Disgust
725,0,Joey,joy,Neutral
725,1,Phoebe,joy,Neutral
725,2,Joey,joy,Joy
725,3,Phoebe,joy,Joy
725,4,Joey,neutral,Neutral
725,5,Phoebe,neutral,Neutral
725,6,Joey,joy,Joy
726,0,Cassie,sadness,Neutral
726,1,Ross,neutral,Neutral
726,2,Cassie,joy,Joy
726,3,Ross,neutral,Neutral
726,4,Cassie,surprise,Joy
726,5,Ross,neutral,Neutral
726,6,Cassie,joy,Joy
726,7,Ross,disgust,Surprise
727,0,Joey,joy,Joy
727,1,Chandler,neutral,Neutral
727,2,Ross,neutral,Surprise
727,3,Chandler,neutral,Neutral
727,4,Rachel,neutral,Surprise
727,5,Chandler,neutral,Neutral
727,6,Monica,anger,Anger
727,7,Chandler,neutral,Neutral
727,8,Joey,neutral,Joy
727,9,Rachel,neutral,Surprise
728,0,Chandler,anger,Sadness
728,1,Ross,neutral,Joy
728,2,Chandler,anger,Sadness
728,3,Chandler,neutral,Sadness
728,4,Chandler,neutral,Sadness
728,5,Chandler,neutral,Surprise
728,6,Chandler,neutral,Sadness
728,7,Chandler,neutral,Sadness
728,8,Chandler,neutral,Sadness
728,9,Chandler,neutral,Sadness
728,10,Phoebe,surprise,Surprise
728,11,All,surprise,Surprise
729,0,Joey,surprise,Neutral
729,1,Bob,joy,Neutral
730,0,Joey,surprise,Surprise
730,1,Joey,neutral,Neutral
730,2,Joey,neutral,Neutral
730,3,Ross,neutral,Neutral
730,4,Joey,neutral,Neutral
730,5,Ross,neutral,Neutral
730,6,Ross,neutral,Neutral
730,7,Ross,neutral,Joy
730,8,Ross,joy,Joy
730,9,Joey,surprise,Surprise
730,10,Ross,neutral,Neutral
730,11,Joey,surprise,Surprise
730,12,Ross,neutral,Neutral
730,13,Joey,neutral,Neutral
731,0,Ross,neutral,Neutral
732,0,Ross,neutral,Neutral
732,1,Joey,surprise,Surprise
733,0,Ross,joy,Neutral
733,1,Rachel,neutral,Neutral
733,2,Ross,neutral,Neutral
733,3,Rachel,neutral,Joy
733,4,Ross,neutral,Neutral
733,5,Rachel,neutral,Neutral
733,6,Phoebe,neutral,Neutral
733,7,Rachel,neutral,Neutral
733,8,Ross,joy,Neutral
733,9,Phoebe,neutral,Neutral
733,10,Ross,sadness,Surprise
733,11,Phoebe,surprise,Surprise
733,12,Ross,joy,Fear
734,0,Joey,neutral,Surprise
734,1,Kate,joy,Anger
734,2,Joey,joy,Neutral
735,0,Ross,fear,Fear
735,1,Chloe,neutral,Neutral
735,2,Ross,neutral,Fear
735,3,Issac,joy,Anger
735,4,Ross,neutral,Neutral
735,5,Issac,neutral,Neutral
735,6,Ross,neutral,Sadness
735,7,Issac,neutral,Neutral
735,8,Ross,neutral,Fear
735,9,Issac,neutral,Joy
735,10,Ross,joy,Anger
735,11,Issac,neutral,Joy
735,12,Ross,neutral,Anger
735,13,Issac,neutral,Joy
735,14,Ross,anger,Anger
735,15,Issac,neutral,Joy
735,16,Ross,neutral,Neutral
735,17,Issac,neutral,Joy
735,18,Ross,neutral,Anger
735,19,Issac,neutral,Joy
736,0,Ross,joy,Joy
736,1,Emily,surprise,Surprise
736,2,Ross,joy,Joy
736,3,Emily,joy,Joy
736,4,Ross,sadness,Neutral
736,5,Emily,neutral,Joy
736,6,Emily,neutral,Neutral
736,7,Ross,neutral,Neutral
736,8,Ross,fear,Neutral
736,9,Ross,fear,Neutral
736,10,Ross,fear,Neutral
736,11,Ross,joy,Fear
736,12,Emily,neutral,Surprise
736,13,Ross,neutral,Neutral
737,0,Chandler,surprise,Neutral
737,1,Monica,neutral,Neutral
737,2,Chandler,neutral,Neutral
737,3,Monica,neutral,Neutral
737,4,Chandler,surprise,Neutral
737,5,Chandler,anger,Surprise
737,6,Chandler,neutral,Neutral
737,7,Chandler,neutral,Joy
737,8,Monica,neutral,Anger
738,0,Monica,sadness,Neutral
738,1,Ross,neutral,Neutral
738,2,Monica,neutral,Neutral
738,3,Ross,neutral,Neutral
738,4,Ross,surprise,Surprise
738,5,Phoebe,surprise,Surprise
738,6,Monica,anger,Surprise
738,7,Ross,joy,Surprise
738,8,Phoebe,surprise,Surprise
739,0,Joey's Hand Twin,neutral,Neutral
739,1,Joey,neutral,Joy
739,2,Joey,neutral,Joy
739,3,Joey,joy,Joy
739,4,Joey,joy,Joy
739,5,Joey's Hand Twin,neutral,Neutral
739,6,Joey,surprise,Surprise
739,7,Joey,surprise,Surprise
739,10,Joey,joy,Joy
739,11,Joey,joy,Joy
739,12,Joey,anger,Neutral
739,13,Joey,joy,Joy
739,14,Joey,joy,Joy
739,15,Joey's Hand Twin,neutral,Neutral
739,16,Joey,neutral,Sadness
740,0,Mr. Geller,sadness,Neutral
740,1,Ross,neutral,Neutral
740,2,Ross,anger,Disgust
740,3,Ross,anger,Anger
740,4,Mr. Geller,surprise,Surprise
740,5,Ross,sadness,Neutral
740,6,Mr. Geller,joy,Neutral
740,7,Ross,sadness,Anger
740,8,Mr. Geller,surprise,Surprise
740,9,Ross,neutral,Neutral
740,10,Ross,neutral,Anger
740,11,Ross,neutral,Neutral
740,12,Ross,neutral,Neutral
740,13,Ross,joy,Neutral
741,0,Rachel,joy,Neutral
741,1,Joey,surprise,Surprise
741,2,Rachel,joy,Joy
741,3,Phoebe,surprise,Surprise
741,4,Rachel,surprise,Anger
742,0,Ross,joy,Surprise
743,0,Monica,anger,Neutral
743,1,Joey,neutral,Neutral
743,2,Chandler,joy,Neutral
743,3,Monica,fear,Joy
743,4,Joey,neutral,Neutral
743,5,Monica,joy,Anger
744,0,Chandler,neutral,Neutral
744,1,Shelley,neutral,Joy
744,2,Chandler,neutral,Neutral
744,3,Shelley,neutral,Neutral
744,4,Chandler,neutral,Joy
744,5,Shelley,neutral,Joy
744,6,Chandler,surprise,Surprise
744,7,Shelley,surprise,Surprise
744,8,Shelley,fear,Sadness
744,9,Shelley,anger,Disgust
744,10,Shelley,disgust,Disgust
744,11,Shelley,disgust,Sadness
745,0,Chandler,sadness,Neutral
745,1,Janice,neutral,Joy
745,2,Monica,neutral,Disgust
745,3,Joey,surprise,Anger
745,4,Phoebe,neutral,Neutral
745,5,Chandler,neutral,Neutral
745,6,Joey,neutral,Anger
745,7,Joey,anger,Anger
745,8,Joey,neutral,Anger
745,9,Joey,anger,Anger
745,10,Chandler,anger,Neutral
745,11,Phoebe,anger,Joy
746,0,Chandler,neutral,Joy
747,0,Ross,neutral,Neutral
747,1,Joey,surprise,Surprise
747,2,Ross,sadness,Surprise
747,3,Joey,surprise,Surprise
747,4,Rachel,surprise,Surprise
747,5,Joey,neutral,Joy
747,6,Ross,joy,Neutral
747,7,Rachel,surprise,Surprise
747,8,Ross,joy,Neutral
747,9,Ross,neutral,Neutral
747,10,Ross,anger,Neutral
747,11,Ross,joy,Neutral
747,12,Ross,anger,Neutral
747,13,Rachel,neutral,Joy
747,14,Ross,sadness,Neutral
747,15,Rachel,sadness,Sadness
747,16,Rachel,joy,Sadness
747,17,Rachel,neutral,Sadness
747,18,Rachel,neutral,Neutral
748,0,Rachel,joy,Joy
749,0,Monica,joy,Joy
749,1,Chandler,joy,Joy
749,2,Monica,joy,Joy
749,3,Chandler,neutral,Neutral
749,4,Monica,neutral,Neutral
749,5,Chandler,joy,Neutral
749,6,Monica,joy,Neutral
749,7,Chandler,joy,Joy
750,0,Richard,neutral,Neutral
750,1,Richard,neutral,Neutral
750,2,Richard,neutral,Neutral
750,3,Richard,sadness,Neutral
750,4,Richard,sadness,Neutral
751,0,Ross,surprise,Surprise
752,0,Carol,neutral,Neutral
752,1,Ross,neutral,Neutral
752,2,Carol,joy,Neutral
752,3,Ross,neutral,Neutral
752,4,Carol,joy,Joy
752,5,Susan,joy,Joy
752,6,Carol,joy,Joy
752,7,Susan,joy,Joy
752,8,Ross,neutral,Neutral
752,9,Susan,joy,Joy
752,10,Carol,joy,Joy
752,11,Ross,surprise,Joy
753,0,Ross,neutral,Joy
753,1,Rachel,neutral,Neutral
753,2,Ross,joy,Joy
754,0,Monica,sadness,Anger
754,1,Chandler,disgust,Anger
754,2,Monica,neutral,Neutral
754,3,Monica,neutral,Neutral
754,4,Rachel,anger,Disgust
755,0,Ross,neutral,Neutral
755,1,Girl,anger,Anger
755,2,Ross,anger,Neutral
755,3,Girl,anger,Anger
755,4,Ross,neutral,Surprise
755,5,Girl,anger,Anger
755,6,Ross,joy,Neutral
755,7,Leader,joy,Neutral
755,8,Ross,anger,Neutral
755,9,Leader,neutral,Neutral
756,0,Monica,neutral,Neutral
756,1,Monica,surprise,Surprise
756,2,Monica,neutral,Joy
756,3,Monica,neutral,Joy
756,4,Monica,neutral,Joy
756,5,Monica,sadness,Sadness
756,6,Monica,surprise,Anger
756,7,Monica,neutral,Sadness
756,8,Richard,neutral,Neutral
756,9,Monica,neutral,Sadness
757,0,Chandler,surprise,Disgust
757,1,Monica,neutral,Neutral
757,2,Chandler,neutral,Joy
757,3,Chandler,neutral,Joy
757,4,Chandler,neutral,Neutral
757,5,Monica,neutral,Joy
757,6,Chandler,surprise,Surprise
757,7,Monica,neutral,Neutral
757,8,Chandler,neutral,Fear
757,9,Monica,neutral,Joy
757,10,Chandler,joy,Joy
758,0,Frank,anger,Anger
758,1,Phoebe,surprise,Surprise
758,2,Frank,anger,Anger
758,3,Girl,anger,Anger
758,4,Frank,anger,Anger
758,5,Girl,anger,Anger
759,0,Janice,surprise,Surprise
759,1,Chandler,neutral,Neutral
759,2,Janice,surprise,Surprise
759,3,Chandler,neutral,Neutral
759,4,Janice,anger,Surprise
759,5,Chandler,anger,Anger
759,6,Janice,neutral,Neutral
759,7,Chandler,neutral,Neutral
759,8,Janice,anger,Neutral
759,9,Chandler,neutral,Neutral
759,10,Janice,anger,Anger
759,11,Chandler,neutral,Neutral
759,12,Janice,disgust,Anger
759,13,Janice,disgust,Sadness
759,14,Janice,sadness,Anger
759,15,Chandler,joy,Neutral
760,0,Chandler,joy,Disgust
760,1,Dana,anger,Neutral
760,2,Chandler,fear,Fear
760,3,Dana,surprise,Neutral
760,4,Chandler,anger,Surprise
761,0,Monica,anger,Anger
761,1,Rachel,joy,Anger
761,2,Phoebe,anger,Anger
761,3,Phoebe,anger,Anger
761,4,Phoebe,anger,Anger
761,5,Rachel,anger,Anger
761,6,Phoebe,neutral,Anger
761,7,Rachel,anger,Anger
761,8,Monica,anger,Anger
761,9,Phoebe,neutral,Joy
762,0,Joey,neutral,Joy
762,1,Chandler,surprise,Surprise
762,2,Joey,joy,Joy
762,3,Joey,neutral,Neutral
762,4,Joey,neutral,Joy
763,0,Chandler,neutral,Neutral
763,1,Monica,neutral,Neutral
763,2,Chandler,sadness,Neutral
763,3,Chandler,neutral,Neutral
763,4,Chandler,neutral,Neutral
763,5,Monica,sadness,Neutral
763,6,Chandler,surprise,Surprise
763,7,Monica,anger,Joy
763,8,Chandler,neutral,Joy
763,9,Monica,joy,Joy
763,10,Chandler,joy,Joy
764,0,Monica,joy,Joy
765,0,Chandler,neutral,Neutral
765,1,Monica,joy,Joy
766,0,Rachel,neutral,Anger
766,1,Phoebe,joy,Disgust
766,2,Monica,anger,Anger
766,3,Rachel,anger,Anger
766,4,Phoebe,neutral,Neutral
766,5,Rachel,anger,Anger
766,6,Phoebe,neutral,Neutral
767,0,Rachel,joy,Joy
767,1,Ross,neutral,Neutral
767,2,Ross,neutral,Neutral
767,3,Ross,sadness,Neutral
767,4,Ross,neutral,Surprise
767,5,Rachel,joy,Surprise
767,6,Ross,fear,Fear
767,7,Ross,neutral,Neutral
767,8,Ross,neutral,Neutral
767,9,Ross,neutral,Neutral
767,10,Rachel,anger,Neutral
767,11,Ross,neutral,Fear
768,0,Chandler,surprise,Surprise
768,1,Janice,sadness,Neutral
768,2,Chandler,neutral,Disgust
768,3,Janice,anger,Joy
768,4,Chandler,surprise,Surprise
768,5,Monica,joy,Disgust
768,6,Chandler,joy,Disgust
768,7,Janice,neutral,Joy
768,8,Chandler,neutral,Disgust
769,0,Ross,sadness,Sadness
769,1,Chandler,fear,Neutral
769,2,Monica,surprise,Surprise
770,0,Chandler,neutral,Neutral
770,1,Monica,anger,Anger
770,2,Monica,anger,Anger
770,3,Chandler,neutral,Neutral
770,4,Chandler,neutral,Neutral
770,5,Chandler,anger,Neutral
770,6,Monica,neutral,Neutral
770,7,Chandler,anger,Anger
770,8,Monica,disgust,Neutral
770,9,Chandler,anger,Anger
770,10,Monica,anger,Anger
770,11,Chandler,anger,Anger
770,12,Monica,anger,Anger
770,13,Chandler,anger,Neutral
770,14,Monica,anger,Neutral
770,15,Chandler,sadness,Disgust
770,16,Monica,anger,Surprise
770,17,Chandler,fear,Neutral
771,0,Monica,neutral,Neutral
771,1,Chandler,neutral,Neutral
771,2,Monica,neutral,Neutral
771,3,Chandler,neutral,Neutral
771,4,Joey,neutral,Neutral
771,5,Chandler,neutral,Neutral
771,6,Joey,neutral,Neutral
771,7,Chandler,neutral,Neutral
771,8,Joey,neutral,Sadness
771,9,Chandler,neutral,Neutral
771,10,Joey,neutral,Neutral
771,11,Chandler,neutral,Neutral
771,12,Joey,neutral,Sadness
771,13,Joey,neutral,Sadness
771,14,Joey,anger,Fear
771,15,Joey,surprise,Surprise
771,16,Monica,anger,Neutral
771,17,Joey,neutral,Joy
772,0,Dr. Wesley,neutral,Neutral
772,1,Dr. Drake Remoray,anger,Surprise
772,2,Dr. Wesley,sadness,Surprise
772,3,Dr. Drake Remoray,anger,Anger
772,4,Rachel,joy,Joy
772,5,Dr. Drake Remoray,joy,Joy
772,6,Hope,joy,Joy
772,7,Dr. Drake Remoray,joy,Joy
772,8,Hope,joy,Joy
772,9,Rachel,joy,Neutral
772,10,Rachel,joy,Joy
772,11,Rachel,joy,Neutral
772,12,Rachel,joy,Neutral
772,13,Rachel,joy,Neutral
772,14,Rachel,neutral,Neutral
772,15,Rachel,neutral,Neutral
773,0,Monica,neutral,Neutral
773,1,Phoebe,disgust,Disgust
773,2,Chandler,neutral,Neutral
774,0,Rachel,sadness,Neutral
774,1,Rachel,sadness,Neutral
774,2,Rachel,fear,Neutral
774,3,Rachel,neutral,Neutral
774,4,Stranger,neutral,Neutral
774,5,Rachel,joy,Neutral
774,6,Stranger,neutral,Neutral
774,7,Rachel,neutral,Neutral
774,8,Stranger,neutral,Neutral
774,9,Rachel,surprise,Surprise
774,10,Stranger,surprise,Surprise
775,0,Rachel,neutral,Neutral
775,1,Monica,neutral,Joy
775,2,All,surprise,Surprise
775,3,Ross,neutral,Neutral
775,4,Joey,neutral,Neutral
775,5,Monica,surprise,Surprise
775,6,Ross,neutral,Neutral
775,7,Phoebe,neutral,Neutral
775,8,Rachel,neutral,Neutral
775,9,Ross,neutral,Neutral
775,10,All,surprise,Surprise
775,11,Ross,neutral,Neutral
775,12,Ross,joy,Neutral
775,13,Phoebe,neutral,Neutral
776,0,Monica,joy,Neutral
776,1,Rachel,joy,Neutral
776,2,Phoebe,neutral,Neutral
776,3,Monica,neutral,Neutral
776,4,Hold Voice,neutral,Neutral
776,5,Monica,joy,Neutral
776,6,Phoebe,neutral,Neutral
776,7,Phoebe,neutral,Neutral
777,0,Rachel,neutral,Neutral
777,1,Phoebe,neutral,Joy
777,2,Phoebe,neutral,Neutral
777,3,Phoebe,neutral,Neutral
777,4,Rachel,neutral,Neutral
777,5,Phoebe,joy,Neutral
777,6,Ross,surprise,Surprise
777,7,Ross,surprise,Neutral
777,8,Ross,neutral,Anger
777,9,Rachel,joy,Neutral
777,10,Phoebe,joy,Joy
777,11,Rachel,neutral,Surprise
777,12,Ross,neutral,Joy
777,13,Phoebe,joy,Joy
778,0,Rick,surprise,Joy
778,1,Phoebe,sadness,Neutral
778,2,Rick,anger,Neutral
778,3,Phoebe,neutral,Neutral
778,4,Rick,neutral,Neutral
778,5,Phoebe,neutral,Neutral
778,6,Phoebe,surprise,Neutral
778,7,Rick,neutral,Neutral
778,8,Phoebe,neutral,Neutral
778,9,Rick,surprise,Surprise
778,10,Phoebe,surprise,Anger
779,0,Phoebe,neutral,Neutral
779,1,Phoebe,neutral,Surprise
780,0,Phoebe,neutral,Neutral
780,1,Phoebe,neutral,Neutral
780,2,Phoebe,anger,Anger
780,3,Phoebe,neutral,Anger
780,4,Guy,sadness,Sadness
780,5,Phoebe,surprise,Surprise
780,6,Guy,sadness,Sadness
780,7,Joey,neutral,Neutral
781,0,Phoebe,neutral,Neutral
781,1,Vince,joy,Neutral
782,0,Gunther,neutral,Neutral
782,1,Rachel,neutral,Neutral
782,2,Mark,joy,Joy
782,3,Rachel,joy,Joy
782,4,Mark,fear,Neutral
782,5,Rachel,neutral,Neutral
782,6,Mark,fear,Neutral
782,7,Mark,joy,Neutral
782,8,Mark,fear,Joy
782,9,Mark,fear,Neutral
782,10,Rachel,surprise,Surprise
782,11,Gunther,neutral,Neutral
783,0,Phoebe,neutral,Joy
783,1,Phoebe,joy,Joy
783,2,Phoebe,joy,Joy
783,3,Phoebe,joy,Joy
783,4,Phoebe,joy,Joy
783,5,Phoebe,joy,Joy
783,6,Phoebe,neutral,Joy
783,7,Dr. Zane,neutral,Neutral
783,8,Phoebe,sadness,Joy
784,0,Ross,neutral,Neutral
784,1,Rachel,sadness,Disgust
785,0,Man,neutral,Anger
785,1,Phoebe/Waitress,anger,Fear
786,0,Nurse,neutral,Neutral
786,1,Joey,anger,Surprise
786,2,Rachel,anger,Anger
786,3,Joey,anger,Anger
787,0,Janine,neutral,Neutral
787,1,Joey,neutral,Joy
787,2,Janine,neutral,Neutral
787,3,Joey,neutral,Joy
787,4,Janine,neutral,Neutral
787,5,Joey,neutral,Neutral
787,6,Joey,neutral,Neutral
787,7,Joey,neutral,Neutral
787,8,Joey,neutral,Neutral
787,9,Joey,neutral,Neutral
787,10,Janine,neutral,Surprise
788,0,Monica,fear,Neutral
788,1,Chandler,joy,Joy
788,2,Chandler,neutral,Neutral
788,3,Chandler,neutral,Joy
788,4,Chandler,neutral,Neutral
789,0,Katie,joy,Joy
789,1,Joey,joy,Joy
789,2,Katie,joy,Joy
789,3,Joey,fear,Neutral
789,4,Joey,neutral,Neutral
789,5,Joey,fear,Neutral
789,6,Joey,fear,Neutral
789,7,Joey,anger,Neutral
789,8,Joey,joy,Neutral
789,9,Katie,surprise,Anger
790,0,Rachel,surprise,Surprise
791,0,Rachel,joy,Surprise
791,1,Ross,joy,Anger
791,2,Joey,neutral,Neutral
791,3,Rachel,neutral,Neutral
791,4,Joey,neutral,Neutral
791,5,Rachel,neutral,Neutral
791,6,Joey,joy,Joy
791,7,Rachel,neutral,Joy
791,8,Joey,neutral,Neutral
791,9,Rachel,sadness,Sadness
791,10,Rachel,neutral,Sadness
791,11,Rachel,joy,Sadness
791,12,Rachel,neutral,Sadness
791,13,Joey,neutral,Neutral
791,14,Rachel,neutral,Neutral
791,15,Joey,neutral,Neutral
791,16,Rachel,surprise,Surprise
791,17,Joey,joy,Joy
791,18,Joey,joy,Joy
791,19,Rachel,joy,Joy
791,20,Joey,neutral,Joy
791,21,Rachel,neutral,Neutral
792,0,Rachel,joy,Neutral
792,1,Joey,joy,Neutral
792,2,Rachel,neutral,Neutral
792,3,Joey,joy,Neutral
792,4,Rachel,joy,Joy
792,5,Joey,surprise,Neutral
792,6,Rachel,disgust,Surprise
792,7,Joey,neutral,Neutral
792,8,Rachel,anger,Anger
792,9,Joey,neutral,Neutral
792,10,Rachel,surprise,Surprise
792,11,Joey/Drake,surprise,Sadness
792,12,Rachel/actress,anger,Sadness
792,13,Joey/Drake,sadness,Sadness
792,14,Rachel/actress,joy,Anger
792,15,Joey/Drake,surprise,Sadness
792,16,Joey/Drake,sadness,Sadness
792,17,Joey/Drake,sadness,Sadness
792,18,Joey/Drake,sadness,Sadness
792,19,Rachel,joy,Surprise
792,20,Joey,surprise,Surprise
793,0,Phoebe,joy,Joy
793,1,Joey,neutral,Neutral
793,2,Chandler,joy,Neutral
793,3,Chandler,joy,Joy
793,4,Chandler,joy,Joy
793,5,Chandler,anger,Neutral
793,6,Chandler,joy,Joy
793,7,All,joy,Joy
793,8,Ross,joy,Joy
793,9,Rachel,joy,Joy
793,10,Chandler,joy,Joy
794,0,Ross,anger,Anger
794,1,Ross,anger,Anger
794,2,Ross,anger,Fear
794,3,Ross,anger,Fear
794,4,Ross,anger,Fear
794,5,Ross,sadness,Fear
794,6,Ross,anger,Sadness
794,7,Ross,sadness,Fear
794,8,Mr. Waltham,anger,Anger
794,9,Mrs. Waltham,neutral,Neutral
794,10,Mr. Waltham,anger,Anger
795,0,Ross,surprise,Surprise
795,1,Joey,surprise,Surprise
795,2,Ross,neutral,Anger
795,3,Joey,neutral,Neutral
795,4,Ross,neutral,Neutral
795,5,Joey,neutral,Neutral
795,6,Ross,anger,Anger
795,7,Joey,anger,Disgust
795,8,Ross,neutral,Anger
796,0,Chandler,sadness,Fear
796,1,Ms. McKenna,surprise,Surprise
796,2,Chandler,neutral,Neutral
796,3,Chandler,neutral,Sadness
796,4,Ms. McKenna,surprise,Surprise
796,5,Chandler,fear,Fear
796,6,Chandler,surprise,Neutral
796,7,Chandler,neutral,Neutral
796,8,Chandler,neutral,Neutral
796,9,Chandler,neutral,Sadness
796,10,Chandler,joy,Neutral
796,11,Chandler,joy,Neutral
796,12,Chandler,fear,Fear
796,13,Ms. McKenna,joy,Neutral
796,14,Chandler,fear,Fear
796,15,Chandler,neutral,Fear
796,16,Chandler,joy,Fear
796,17,Chandler,joy,Neutral
796,18,Chandler,joy,Neutral
796,19,Chandler,sadness,Neutral
796,20,Chandler,neutral,Sadness
797,0,Monica,neutral,Neutral
797,1,Fake Monica,neutral,Neutral
797,2,Monica,neutral,Neutral
797,3,Fake Monica,neutral,Surprise
797,4,Monica,neutral,Neutral
797,5,Fake Monica,surprise,Surprise
797,6,Monica,neutral,Neutral
797,7,Fake Monica,neutral,Neutral
797,8,Monica,joy,Joy
797,9,Fake Monica,neutral,Neutral
797,10,Monica,surprise,Sadness
797,11,Monica,sadness,Sadness
797,12,Monica,sadness,Sadness
797,13,Monica,sadness,Sadness
798,0,Rachel,disgust,Sadness
798,1,Mindy,neutral,Surprise
798,2,Rachel,neutral,Neutral
798,3,Mindy,fear,Sadness
798,4,Rachel,sadness,Sadness
798,5,Mindy,sadness,Sadness
798,6,Joey,surprise,Surprise
799,0,Ross,fear,Fear
799,1,Ross,fear,Fear
799,2,Monica,neutral,Neutral
799,3,Ross,neutral,Fear
799,4,Monica,neutral,Neutral
799,5,Doctor,neutral,Neutral
799,6,Ross,neutral,Fear
800,0,Ross,fear,Neutral
800,1,Monica,neutral,Joy
801,0,Monica,neutral,Neutral
801,1,Monica,neutral,Neutral
801,2,Monica,neutral,Neutral
801,3,Ross,neutral,Neutral
801,4,Monica,neutral,Neutral
801,5,Ross,fear,Fear
801,6,Monica,neutral,Neutral
801,7,Monica,anger,Neutral
801,8,Monica,anger,Anger
802,0,Ross,joy,Joy
802,1,Phoebe,joy,Joy
802,2,Ross,neutral,Neutral
802,3,Phoebe,joy,Joy
802,4,Ross,neutral,Neutral
803,0,Boy in the Cape,anger,Anger
803,1,Rachel,sadness,Fear
803,2,Monica,surprise,Neutral
803,3,Monica,joy,Joy
803,4,Monica,joy,Joy
803,5,Monica,joy,Joy
803,6,Chandler,anger,Disgust
804,0,Rachel,fear,Surprise
804,1,Mr. Treeger,neutral,Neutral
804,2,Rachel,joy,Neutral
804,3,Mr. Treeger,anger,Anger
804,4,Rachel,sadness,Neutral
804,5,Mr. Treeger,anger,Anger
804,6,Mr. Treeger,disgust,Anger
804,7,Mr. Treeger,anger,Anger
804,8,Mr. Treeger,anger,Anger
804,9,Rachel,sadness,Neutral
805,0,Ross,joy,Neutral
805,1,Ross,neutral,Surprise
805,2,Ross,neutral,Joy
805,3,Ross,joy,Joy
805,4,Ross,surprise,Joy
805,5,Ross,joy,Fear
805,6,Ross,anger,Sadness
805,7,Phoebe,neutral,Neutral
806,0,Monica,surprise,Surprise
806,1,Joey,surprise,Surprise
806,2,Monica,joy,Sadness
806,3,Joey,joy,Joy
806,4,Monica,neutral,Neutral
806,5,Joey,sadness,Neutral
806,6,Monica,sadness,Neutral
806,7,Joey,neutral,Neutral
806,8,Rachel,sadness,Surprise
806,9,Joey,joy,Joy
806,10,Rachel,surprise,Surprise
806,11,Monica,neutral,Neutral
806,12,Rachel,neutral,Neutral
806,13,Joey,joy,Joy
806,14,Rachel,surprise,Surprise
806,15,Joey,fear,Fear
806,16,Joey,neutral,Joy
806,17,Joey,joy,Joy
807,0,Rachel,neutral,Neutral
807,1,Joey,anger,Anger
808,0,Monica,disgust,Anger
808,1,Chandler,neutral,Neutral
808,2,Chandler,neutral,Joy
808,3,Monica,neutral,Surprise
808,4,Chandler,neutral,Joy
808,5,Monica,neutral,Joy
808,6,Chandler,joy,Joy
808,7,Monica,joy,Joy
809,0,Joey,joy,Joy
809,1,Joey,joy,Joy
809,2,Joey,joy,Joy
809,3,Joey,joy,Joy
809,4,Joey,joy,Joy
809,5,Joey,joy,Joy
809,6,Joey,joy,Joy
809,7,Joey,neutral,Neutral
809,8,Chandler,neutral,Neutral
809,9,Joey,surprise,Surprise
809,10,Chandler,anger,Neutral
809,11,Joey,joy,Joy
809,12,Chandler,neutral,Neutral
809,13,Joey,neutral,Neutral
809,14,Chandler,anger,Joy
809,15,Chandler,fear,Joy
810,0,Monica,surprise,Surprise
810,1,Chandler,sadness,Neutral
810,2,Chandler,fear,Neutral
810,3,Chandler,fear,Fear
810,4,Chandler,fear,Fear
810,5,Chandler,neutral,Fear
810,6,Gary,joy,Joy
810,7,Monica,neutral,Anger
810,8,Gary,joy,Joy
810,9,Monica,joy,Disgust
810,10,Chandler,neutral,Anger
810,11,Gary,neutral,Joy
810,12,Chandler,neutral,Anger
810,13,Monica,sadness,Neutral
810,14,Gary,neutral,Neutral
810,15,Monica,neutral,Neutral
810,16,Gary,surprise,Joy
810,17,Chandler,neutral,Anger
811,0,Joey,joy,Anger
811,1,The Director,neutral,Neutral
811,2,Richard,neutral,Neutral
811,3,Joey,neutral,Joy
811,4,Richard,surprise,Neutral
811,5,Joey,joy,Joy
811,6,Richard,neutral,Neutral
811,7,Joey,neutral,Neutral
811,8,Richard,joy,Neutral
811,9,Joey,fear,Anger
811,10,Richard,joy,Neutral
812,0,Monica,neutral,Neutral
812,1,Phoebe,joy,Neutral
812,2,Monica,neutral,Neutral
812,3,Phoebe,neutral,Neutral
812,4,Chandler,joy,Neutral
812,5,Monica,anger,Neutral
812,8,Chandler,joy,Joy
812,9,Monica,joy,Joy
812,10,Chandler,neutral,Joy
812,11,Monica,neutral,Joy
812,12,Chandler,joy,Joy
812,13,Monica,joy,Joy
812,14,Chandler,neutral,Joy
812,15,Ross,neutral,Neutral
813,0,Monica,neutral,Neutral
813,1,Rachel,surprise,Surprise
813,2,Monica,neutral,Neutral
813,3,Rachel,anger,Anger
813,4,Monica,neutral,Neutral
813,5,Rachel,sadness,Anger
813,6,Monica,neutral,Neutral
813,7,Monica,neutral,Neutral
813,8,Rachel,surprise,Surprise
813,9,Mrs. Chatracus,neutral,Neutral
813,10,Rachel,neutral,Neutral
814,0,Ross,neutral,Neutral
814,1,Rachel,neutral,Neutral
814,2,Ross,joy,Anger
814,3,Chandler,neutral,Neutral
814,4,Ross,joy,Anger
815,0,Joey,neutral,Neutral
815,1,Carl,neutral,Neutral
815,2,Joey,neutral,Neutral
815,3,Carl,neutral,Neutral
816,0,Monica,sadness,Neutral
816,1,Janice,sadness,Surprise
816,2,Janice,sadness,Sadness
816,3,Janice,sadness,Sadness
816,4,Janice,neutral,Anger
817,0,Joey,joy,Joy
817,1,Phoebe,neutral,Surprise
817,2,Chandler,neutral,Anger
817,3,Phoebe,surprise,Surprise
817,4,Chandler,neutral,Neutral
817,5,Phoebe,neutral,Neutral
817,6,Chandler,neutral,Sadness
817,7,Phoebe,anger,Anger
817,8,Phoebe,neutral,Neutral
817,9,Phoebe,neutral,Neutral
817,10,Phoebe,sadness,Joy
817,11,Chandler,surprise,Surprise
817,12,Phoebe,anger,Joy
817,13,Chandler,neutral,Neutral
817,14,Phoebe,neutral,Joy
818,0,Monica,neutral,Anger
818,1,Monica,disgust,Anger
818,2,Monica,joy,Disgust
818,3,Paula,neutral,Neutral
818,4,Paula,neutral,Neutral
818,5,Paula,neutral,Neutral
818,6,Monica,sadness,Sadness
818,7,Paula,neutral,Neutral
819,0,Chandler,surprise,Surprise
819,1,Phoebe,neutral,Neutral
819,2,Monica,neutral,Joy
819,3,Chandler,neutral,Neutral
819,4,Monica,neutral,Neutral
819,5,Chandler,anger,Surprise
819,6,Monica,neutral,Joy
819,7,Chandler,neutral,Neutral
819,8,Monica,neutral,Neutral
819,9,Chandler,fear,Fear
819,10,Monica,neutral,Neutral
819,11,Chandler,neutral,Neutral
819,12,Monica,neutral,Neutral
819,13,Chandler,neutral,Neutral
819,14,Monica,disgust,Disgust
819,15,Chandler,neutral,Disgust
819,16,Monica,neutral,Neutral
819,17,Chandler,joy,Anger
819,18,Monica,joy,Joy
820,0,Phoebe,joy,Neutral
820,1,Joey,neutral,Joy
820,2,Phoebe,neutral,Surprise
820,3,Joey,surprise,Joy
820,4,Phoebe,sadness,Joy
820,5,Joey,joy,Joy
820,6,Monica,neutral,Neutral
820,7,Joey,neutral,Joy
820,8,Joey,joy,Joy
820,9,Joey,joy,Joy
820,10,Phoebe,neutral,Surprise
820,11,Joey,neutral,Neutral
820,12,Joey,neutral,Neutral
820,13,Joey,joy,Joy
820,14,Joey,joy,Joy
820,15,Joey,joy,Joy
820,16,Joey,surprise,Surprise
820,17,Phoebe,neutral,Neutral
820,18,Joey,surprise,Surprise
820,19,Monica,surprise,Surprise
820,20,Joey,joy,Fear
820,21,Phoebe,joy,Joy
821,0,Elizabeth,joy,Joy
821,1,Ross,surprise,Surprise
821,2,Elizabeth,neutral,Neutral
821,3,Ross,neutral,Neutral
821,4,Ross,neutral,Neutral
821,5,Elizabeth,neutral,Joy
821,6,Ross,neutral,Neutral
821,7,Elizabeth,surprise,Joy
821,8,Ross,neutral,Joy
821,9,Elizabeth,joy,Joy
821,10,Ross,joy,Joy
821,11,Ross,surprise,Joy
821,12,Ross,neutral,Joy
821,13,Burt,joy,Neutral
821,14,Ross,joy,Surprise
822,0,Phoebe,neutral,Neutral
822,1,Joey,neutral,Neutral
822,2,Phoebe,neutral,Neutral
822,3,Joey,neutral,Neutral
822,4,Phoebe,joy,Neutral
822,5,Joey,neutral,Neutral
822,6,Phoebe,neutral,Neutral
822,7,Joey,sadness,Neutral
822,8,Phoebe,neutral,Surprise
823,0,All,neutral,Neutral
823,1,Ross,neutral,Disgust
823,2,Phoebe,joy,Joy
823,3,Rachel,surprise,Surprise
823,4,Phoebe,neutral,Joy
823,5,Rachel,disgust,Anger
823,6,Phoebe,joy,Neutral
823,7,Ross,surprise,Disgust
823,8,Phoebe,surprise,Fear
823,9,Chandler,disgust,Anger
823,10,Phoebe,neutral,Neutral
823,11,Monica,neutral,Neutral
823,12,Phoebe,joy,Joy
823,13,Joey,neutral,Neutral
823,14,Monica,surprise,Joy
824,0,Monica,joy,Joy
824,1,Phoebe,joy,Joy
825,0,Joey,surprise,Surprise
825,1,Monica,neutral,Neutral
825,2,Joey,neutral,Joy
826,0,Chandler,joy,Joy
826,1,Monica,joy,Joy
826,2,Joey,neutral,Neutral
826,3,Chandler,joy,Joy
826,4,Joey,sadness,Neutral
827,0,Phoebe,neutral,Surprise
827,1,Monica,joy,Neutral
827,2,Phoebe,neutral,Neutral
827,3,Monica,neutral,Joy
827,4,Phoebe,neutral,Neutral
827,5,Monica,fear,Fear
827,6,Monica,neutral,Neutral
827,7,Monica,neutral,Neutral
827,8,Monica,joy,Joy
827,11,Phoebe,joy,Joy
827,12,Monica,joy,Joy
827,13,Phoebe,fear,Surprise
827,14,Monica,joy,Joy
827,15,Phoebe,neutral,Joy
828,0,Woman,anger,Neutral
828,1,Rachel,joy,Neutral
828,2,Woman,disgust,Anger
828,3,Rachel,anger,Neutral
828,4,Woman,anger,Anger
828,5,Rachel,surprise,Surprise
828,6,Woman,anger,Anger
828,7,Ross,neutral,Neutral
828,8,Rachel,disgust,Anger
828,9,Ross,neutral,Neutral
828,10,Rachel,neutral,Neutral
828,11,Ross,neutral,Neutral
828,12,Rachel,neutral,Neutral
828,13,Ross,anger,Anger
828,14,Woman,neutral,Neutral
828,15,Ross,anger,Anger
829,0,Phoebe,anger,Anger
829,1,Receptionist,joy,Neutral
829,2,Phoebe,anger,Fear
830,0,Chandler,joy,Joy
830,1,Chandler,joy,Joy
830,2,Chandler,anger,Joy
830,3,Chandler,joy,Joy
830,4,Chandler,joy,Joy
830,5,Chandler,joy,Joy
830,6,Chandler,sadness,Neutral
830,7,Chandler,sadness,Sadness
831,0,Rachel,anger,Joy
831,1,Rachel,anger,Joy
831,2,Rachel,neutral,Neutral
831,3,Rachel,anger,Anger
831,4,Ross,anger,Neutral
831,5,Ross,anger,Anger
831,6,Ross,sadness,Sadness
831,7,Rachel,joy,Sadness
832,0,Ross,anger,Neutral
832,1,Ross,neutral,Neutral
832,2,Phoebe,neutral,Neutral
832,3,Ross,surprise,Joy
832,4,Phoebe,neutral,Neutral
832,5,Ross,neutral,Neutral
832,6,Chandler,surprise,Neutral
832,7,Phoebe,neutral,Neutral
832,8,Phoebe,neutral,Neutral
832,9,Ross,joy,Neutral
832,10,Ross,joy,Neutral
832,11,Chandler,sadness,Neutral
832,12,Ross,neutral,Neutral
832,13,Ross,joy,Sadness
832,14,Chandler,anger,Neutral
832,15,Joey,joy,Joy
833,0,Monica,joy,Anger
833,1,Chandler,neutral,Neutral
833,2,Monica,anger,Anger
833,3,Monica,anger,Anger
833,4,Monica,anger,Anger
833,5,Monica,anger,Anger
833,6,Chandler,neutral,Neutral
834,0,Phoebe,surprise,Surprise
834,1,Monica,neutral,Neutral
834,2,Rachel,neutral,Neutral
834,3,Rachel,neutral,Neutral
834,4,Monica,neutral,Neutral
834,5,Phoebe,joy,Joy
834,6,Monica,neutral,Neutral
834,7,Rachel,neutral,Neutral
834,8,Rachel,neutral,Neutral
834,9,Rachel,neutral,Neutral
834,10,Monica,neutral,Neutral
834,11,Rachel,neutral,Neutral
834,12,Monica,neutral,Neutral
834,13,Phoebe,neutral,Joy
834,14,Monica,surprise,Surprise
834,15,Phoebe,neutral,Joy
835,0,Monica,sadness,Neutral
835,1,Chandler,neutral,Neutral
835,2,Monica,anger,Anger
835,3,Chandler,neutral,Anger
835,4,Ross,surprise,Neutral
835,5,Chandler,anger,Neutral
835,6,Ross,neutral,Neutral
835,7,Chandler,anger,Anger
835,8,Monica,disgust,Anger
835,9,Chandler,anger,Joy
835,10,Monica,anger,Joy
835,11,Chandler,neutral,Sadness
836,0,Joey,neutral,Neutral
836,1,Ross,surprise,Neutral
836,2,Joey,surprise,Neutral
836,3,Ross,neutral,Neutral
836,4,Joey,neutral,Neutral
836,5,Ross,neutral,Neutral
836,6,Joey,surprise,Surprise
836,7,Ross,surprise,Surprise
836,8,Joey,neutral,Neutral
836,9,Ross,surprise,Joy
836,10,Joey,anger,Joy
836,11,Rachel,neutral,Neutral
836,12,Joey,joy,Neutral
837,0,Ursula,neutral,Neutral
837,1,Phoebe,joy,Joy
837,2,Ursula,joy,Neutral
838,0,Phoebe,surprise,Surprise
839,0,Ursula,anger,Neutral
839,1,Phoebe,anger,Anger
839,2,Phoebe,neutral,Anger
839,3,Ursula,neutral,Neutral
839,4,Phoebe,joy,Anger
839,5,Ursula,neutral,Neutral
839,6,Phoebe,surprise,Surprise
839,7,Ursula,neutral,Neutral
839,8,Phoebe,disgust,Anger
839,11,Phoebe,anger,Anger
839,12,Phoebe,disgust,Anger
839,13,Phoebe,disgust,Anger
839,14,Phoebe,disgust,Disgust
839,15,Phoebe,disgust,Anger
840,0,Phoebe,joy,Neutral
840,1,Rachel,joy,Neutral
840,2,Phoebe,neutral,Neutral
840,3,Rachel,neutral,Neutral
840,4,Phoebe,neutral,Neutral
840,5,Rachel,neutral,Neutral
840,6,Phoebe,fear,Neutral
840,7,Rachel,joy,Neutral
840,8,Phoebe,neutral,Neutral
840,9,Phoebe,neutral,Neutral
840,10,Rachel,surprise,Joy
840,11,Phoebe,neutral,Joy
840,12,Rachel,surprise,Joy
840,13,Phoebe,neutral,Neutral
840,14,Rachel,neutral,Neutral
840,15,Phoebe,sadness,Neutral
841,0,Monica,fear,Sadness
841,1,Chandler,neutral,Neutral
841,2,Chandler,neutral,Anger
841,3,Chandler,neutral,Anger
841,4,Monica,anger,Fear
841,5,Monica,neutral,Neutral
841,6,Chandler,sadness,Anger
841,7,Monica,anger,Fear
841,8,Chandler,anger,Anger
841,9,Chandler,sadness,Anger
841,10,Monica,sadness,Sadness
841,11,Chandler,neutral,Neutral
841,12,Monica,joy,Surprise
841,13,Chandler,neutral,Fear
841,14,Monica,neutral,Neutral
841,15,Chandler,neutral,Neutral
841,16,Monica,anger,Sadness
841,17,Phoebe,neutral,Neutral
841,18,Chandler,neutral,Joy
841,19,Phoebe,neutral,Neutral
841,20,Chandler,neutral,Joy
841,21,Phoebe,joy,Surprise
841,22,Chandler,neutral,Joy
842,0,Rachel,neutral,Neutral
842,1,Rachel,neutral,Neutral
842,2,Rachel,neutral,Neutral
842,3,Rachel,neutral,Neutral
842,4,Phoebe,sadness,Sadness
842,5,Rachel,sadness,Anger
842,6,Phoebe,sadness,Neutral
842,7,Rachel,neutral,Neutral
842,10,Rachel,joy,Joy
842,11,Phoebe,neutral,Neutral
842,12,Rachel,surprise,Joy
843,0,Monica,surprise,Sadness
843,1,Chandler,sadness,Neutral
843,2,Chandler,anger,Neutral
843,3,Chandler,neutral,Neutral
843,4,Rachel,neutral,Neutral
843,5,Monica,anger,Anger
843,6,Phoebe,surprise,Surprise
843,7,Rachel,sadness,Sadness
843,8,Chandler,neutral,Neutral
843,9,Monica,sadness,Anger
843,10,Rachel,neutral,Neutral
843,11,Rachel,neutral,Neutral
843,12,Rachel,neutral,Neutral
843,13,Rachel,neutral,Neutral
843,14,Rachel,neutral,Neutral
844,0,Older Scientist,neutral,Neutral
844,1,Ross,neutral,Neutral
844,2,Ross,neutral,Neutral
844,3,Joey,neutral,Neutral
844,4,Ross,neutral,Neutral
844,5,Ross,sadness,Neutral
844,6,Ross,fear,Neutral
844,7,Ross,neutral,Neutral
844,8,Ross,joy,Neutral
844,9,Ross,joy,Neutral
844,10,Joey,joy,Neutral
844,11,Another Tour Guide,anger,Fear
844,12,Ross,joy,Joy
844,13,Joey,anger,Neutral
844,14,Older Scientist,neutral,Neutral
844,15,Ross,joy,Neutral
844,16,Tour Guide,neutral,Surprise
844,17,Ross,surprise,Surprise
844,18,Another Scientist,neutral,Neutral
844,19,Ross,neutral,Neutral
844,20,Another Scientist,fear,Fear
845,0,Doug,neutral,Joy
845,1,Doug,joy,Joy
845,2,Doug,neutral,Joy
845,3,Doug,joy,Joy
845,4,Doug,neutral,Joy
845,5,Chandler,joy,Joy
845,6,Doug,neutral,Anger
845,7,Chandler,fear,Fear
845,8,Doug,neutral,Joy
845,9,Doug,joy,Joy
845,10,Doug,joy,Joy
845,11,Doug,joy,Joy
846,0,Phoebe,neutral,Neutral
846,1,Chandler,neutral,Neutral
846,2,Phoebe,neutral,Neutral
846,3,Chandler,neutral,Neutral
846,4,Phoebe,neutral,Joy
847,0,Ross,joy,Joy
847,1,Ross,joy,Joy
847,2,Ross,joy,Joy
847,3,Ross,joy,Joy
847,4,Rachel,joy,Joy
847,5,Ross,joy,Joy
848,0,Rachel,neutral,Neutral
848,1,Rachel,neutral,Neutral
848,2,Ross,neutral,Neutral
848,3,Rachel,surprise,Surprise
848,4,Rachel,sadness,Fear
848,5,Ross,surprise,Surprise
848,6,Rachel,surprise,Sadness
848,7,Ross,surprise,Surprise
848,8,Rachel,sadness,Sadness
848,9,Ross,surprise,Surprise
848,10,Rachel,neutral,Sadness
848,11,Ross,surprise,Surprise
849,0,Joey,joy,Joy
849,1,Ross,joy,Joy
849,2,Joey,joy,Joy
849,3,Carol,neutral,Neutral
849,4,Joey,joy,Neutral
849,5,Ross,joy,Neutral
849,6,Ross,joy,Neutral
849,7,Ross,disgust,Neutral
849,8,Joey,neutral,Joy
849,9,Ross,neutral,Neutral
849,10,Joey,anger,Neutral
849,11,Carol,joy,Anger
850,0,Monica,joy,Joy
850,1,Chandler,neutral,Joy
850,2,Monica,neutral,Neutral
850,3,Chandler,neutral,Surprise
850,4,Monica,surprise,Surprise
850,5,Chandler,neutral,Joy
850,6,Monica,joy,Joy
851,0,Kristen,neutral,Neutral
851,1,Joey,surprise,Neutral
851,2,Kristen,neutral,Neutral
851,3,Joey,neutral,Neutral
851,4,Kristen,neutral,Neutral
851,5,Joey,joy,Joy
851,6,Kristen,neutral,Neutral
851,7,Joey,neutral,Neutral
851,8,Kristen,neutral,Neutral
851,9,Joey,neutral,Joy
851,10,Joey,joy,Joy
851,11,Joey,neutral,Neutral
851,12,Joey,neutral,Neutral
851,13,Joey,joy,Neutral
851,14,Kristen,neutral,Neutral
851,15,Joey,neutral,Joy
851,16,Kristen,neutral,Neutral
851,17,Kristen,neutral,Joy
851,18,Joey,joy,Joy
851,19,Kristen,neutral,Joy
851,20,Joey,neutral,Neutral
852,0,Phoebe,neutral,Neutral
852,1,Phoebe,neutral,Neutral
852,2,Phoebe,sadness,Sadness
852,3,Phoebe,neutral,Neutral
852,4,Phoebe,sadness,Joy
852,5,Phoebe,neutral,Sadness
852,6,Phoebe,neutral,Neutral
852,7,Phoebe,anger,Anger
852,8,Phoebe,sadness,Sadness
853,0,Ross,neutral,Neutral
853,1,Phoebe,anger,Anger
853,2,Ross,sadness,Neutral
853,3,Phoebe,anger,Anger
853,4,Ross,sadness,Neutral
853,5,Phoebe,joy,Anger
853,6,Ross,neutral,Anger
853,7,Phoebe,anger,Anger
853,8,Ross,anger,Neutral
853,9,Ross,anger,Neutral
853,10,Phoebe,surprise,Surprise
853,11,Ross,anger,Neutral
853,12,Phoebe,anger,Anger
853,13,Ross,joy,Joy
853,14,Phoebe,anger,Joy
854,0,Mona,fear,Anger
854,1,Ross,neutral,Fear
854,2,Dr. Green,anger,Anger
854,3,Ross,anger,Anger
854,4,Joey,neutral,Neutral
854,5,Ross,neutral,Fear
855,0,Joey,joy,Surprise
855,1,Joey,anger,Neutral
855,2,The Potential Roommate,neutral,Neutral
855,3,Joey,joy,Surprise
855,4,Chandler,joy,Joy
855,5,Joey,sadness,Anger
855,6,Chandler,surprise,Neutral
855,7,Joey,fear,Neutral
856,0,Joey,neutral,Neutral
856,1,Chandler,neutral,Neutral
856,2,Joey,sadness,Sadness
856,3,Rachel,surprise,Surprise
856,4,Joey,joy,Sadness
857,0,Ross,surprise,Fear
857,1,Ross,neutral,Fear
857,2,Ross,neutral,Neutral
857,3,Ross,neutral,Neutral
857,4,Monica,neutral,Neutral
857,5,Chandler,neutral,Neutral
857,6,Ross,neutral,Fear
857,7,Monica,neutral,Neutral
857,8,Chandler,neutral,Neutral
857,9,Ross,neutral,Neutral
857,10,Chandler,neutral,Neutral
857,11,Ross,joy,Joy
858,0,Phoebe,surprise,Neutral
858,1,Ross,surprise,Neutral
858,2,Phoebe,neutral,Neutral
858,3,Joey,neutral,Neutral
858,4,Ross,joy,Joy
858,5,Joey,neutral,Neutral
858,6,Joey,neutral,Neutral
858,7,Joey,neutral,Neutral
858,8,Joey,neutral,Neutral
858,9,Joey,neutral,Neutral
858,10,Chandler,surprise,Surprise
858,11,Joey,neutral,Neutral
858,12,Ross,neutral,Neutral
858,13,Joey,neutral,Joy
859,0,Phoebe,surprise,Surprise
859,1,Ursula,neutral,Neutral
859,2,Phoebe,surprise,Neutral
859,3,Ursula,neutral,Neutral
860,0,Jim,surprise,Joy
860,1,Phoebe,neutral,Neutral
860,2,Phoebe,fear,Neutral
860,3,Phoebe,neutral,Joy
860,4,Phoebe,neutral,Neutral
860,5,Phoebe,neutral,Neutral
860,6,Jim,neutral,Neutral
860,7,Phoebe,neutral,Neutral
860,8,Jim,neutral,Joy
860,9,Phoebe,surprise,Surprise
860,10,Jim,neutral,Neutral
860,11,Phoebe,disgust,Surprise
860,12,Jim,neutral,Neutral
860,13,Phoebe,surprise,Surprise
860,14,Jim,joy,Joy
860,15,Phoebe,disgust,Neutral
861,0,Ross,sadness,Neutral
861,1,Aunt Lillian,sadness,Sadness
861,2,Monica,sadness,Neutral
861,3,Mrs. Geller,anger,Neutral
861,4,Monica,surprise,Surprise
861,5,Mrs. Geller,surprise,Neutral
861,6,Monica,neutral,Neutral
861,7,Mrs. Geller,neutral,Neutral
861,8,Monica,anger,Anger
861,9,Ross,neutral,Neutral
861,10,Ross,neutral,Neutral
861,11,Monica,surprise,Anger
861,12,Monica,neutral,Neutral
861,13,Ross,surprise,Surprise
861,14,Ross,disgust,Disgust
861,15,Ross,joy,Neutral
861,16,Ross,joy,Neutral
861,17,Ross,joy,Joy
861,18,Mr. Geller,neutral,Joy
862,0,Rachel,neutral,Neutral
862,1,Monica,surprise,Anger
862,2,Rachel,surprise,Anger
862,3,Monica,neutral,Neutral
863,0,Ronni,neutral,Neutral
863,1,Ronni,neutral,Neutral
863,2,Ronni,neutral,Neutral
863,3,Chandler,neutral,Joy
863,4,Ronni,joy,Joy
863,5,Mr. Tribbiani,neutral,Neutral
863,6,Joey,neutral,Neutral
863,7,Mr. Tribbiani,surprise,Surprise
864,0,Rachel,neutral,Neutral
864,1,Rachel,neutral,Neutral
864,2,Rachel,neutral,Neutral
864,3,Chandler,joy,Joy
864,4,Rachel,anger,Anger
865,0,Ross,neutral,Neutral
865,1,Monica,anger,Anger
865,2,Monica,neutral,Neutral
865,3,Monica,anger,Anger
865,4,Ross,sadness,Disgust
865,5,Monica,joy,Neutral
865,6,Monica,neutral,Neutral
866,0,Emily,surprise,Anger
866,1,Monica,neutral,Neutral
866,2,Emily,joy,Anger
866,3,Ross,neutral,Neutral
866,4,Monica,neutral,Neutral
866,5,Ross,neutral,Neutral
866,6,Ross,neutral,Neutral
866,7,Emily,joy,Joy
866,8,Ross,joy,Neutral
866,9,Emily,anger,Joy
866,10,Monica,sadness,Sadness
867,0,Rachel,neutral,Neutral
867,1,Ross,anger,Anger
867,2,Rachel,fear,Fear
867,3,Ross,anger,Anger
867,4,Rachel,surprise,Neutral
867,5,Ross,joy,Anger
867,6,Rachel,neutral,Neutral
867,7,Ross,anger,Anger
868,0,Cecilia,anger,Anger
868,1,Joey,neutral,Neutral
868,2,Cecilia,neutral,Anger
868,3,Joey,neutral,Neutral
869,0,Joey,surprise,Joy
869,1,Ross,surprise,Anger
869,2,Chandler,anger,Neutral
869,3,Chandler,anger,Neutral
869,4,Chandler,neutral,Neutral
869,5,Ross,fear,Fear
869,6,Chandler,neutral,Neutral
869,7,Chandler,neutral,Neutral
869,8,Ross,fear,Fear
869,9,Chandler,disgust,Anger
869,10,Chandler,disgust,Neutral
869,11,Joey,anger,Neutral
869,12,Joey,anger,Sadness
869,13,Joey,anger,Joy
869,14,Joey,joy,Surprise
869,15,Joey,disgust,Sadness
869,16,Joey,disgust,Anger
869,17,Chandler,neutral,Neutral
870,0,Joey,neutral,Neutral
870,1,Ross,neutral,Joy
870,2,Joey,neutral,Neutral
870,3,Gunther,neutral,Neutral
870,4,Joey,neutral,Neutral
870,5,Ross,neutral,Joy
870,6,Joey,neutral,Neutral
870,7,Chandler,neutral,Neutral
871,0,Chandler,neutral,Joy
871,1,Chandler,sadness,Anger
871,2,Chandler,neutral,Joy
871,3,Joey,neutral,Joy
871,4,Chandler,neutral,Neutral
871,5,Chandler,neutral,Joy
871,6,Chandler,neutral,Joy
871,7,Joey,neutral,Joy
871,8,Phoebe,neutral,Neutral
871,9,Phoebe,neutral,Surprise
871,10,Joey,sadness,Anger
872,0,Mrs. Geller,sadness,Disgust
872,1,Mr. Geller,surprise,Disgust
872,2,Mrs. Geller,joy,Anger
872,3,Monica,surprise,Anger
872,4,Mrs. Geller,neutral,Neutral
872,5,Monica,neutral,Anger
872,6,Mr. Geller,neutral,Neutral
872,7,Mr. Geller,neutral,Neutral
872,8,Mr. Geller,neutral,Neutral
872,9,Mr. Geller,neutral,Neutral
873,0,Joey,neutral,Neutral
873,1,Phoebe,neutral,Neutral
873,2,Joey,joy,Neutral
873,3,Phoebe,neutral,Neutral
873,4,Joey,surprise,Surprise
873,5,Phoebe,anger,Anger
874,0,Ross,surprise,Neutral
874,1,Joey,sadness,Sadness
874,2,Chandler,surprise,Surprise
874,3,Joey,sadness,Anger
874,4,Monica,sadness,Neutral
874,5,Joey,sadness,Sadness
874,6,Joey,anger,Anger
874,7,Joey,sadness,Sadness
874,8,Joey,anger,Surprise
874,9,Rachel,neutral,Neutral
874,10,Rachel,sadness,Neutral
874,11,Joey,sadness,Anger
874,12,Rachel,sadness,Neutral
874,13,Rachel,anger,Neutral
874,14,Rachel,neutral,Neutral
874,15,Chandler,neutral,Joy
875,0,Hotel Clerk,neutral,Neutral
875,1,Chandler,joy,Joy
875,2,Hotel Clerk,neutral,Neutral
875,3,Chandler,surprise,Surprise
875,4,Monica,anger,Anger
875,5,Chandler,surprise,Surprise
875,6,Monica,anger,Anger
875,7,Hotel Clerk,joy,Neutral
875,8,Monica,anger,Neutral
875,9,Chandler,neutral,Neutral
875,10,Monica,neutral,Anger
876,0,Chandler,anger,Surprise
876,1,Joey,anger,Surprise
876,2,Chandler,surprise,Neutral
877,0,Phoebe,joy,Joy
877,1,David,surprise,Surprise
877,2,Phoebe,joy,Joy
877,3,David,joy,Joy
877,4,Phoebe,joy,Joy
878,0,Joey,joy,Neutral
878,1,Monica,neutral,Neutral
878,2,Joey,neutral,Neutral
878,3,Chandler,neutral,Neutral
879,0,Tag,neutral,Neutral
879,1,Rachel,neutral,Neutral
879,2,Tag,neutral,Surprise
880,0,Rachel,surprise,Surprise
880,1,Tag,neutral,Neutral
880,2,Rachel,joy,Surprise
881,0,Tag,joy,Fear
882,0,Rachel,neutral,Neutral
883,0,Tag,neutral,Neutral
883,1,Rachel,neutral,Neutral
883,2,Tag,neutral,Neutral
883,3,Rachel,neutral,Neutral
883,4,Tag,neutral,Neutral
883,5,Rachel,neutral,Neutral
883,6,Tag,neutral,Joy
883,7,Rachel,neutral,Neutral
884,0,Casey,neutral,Neutral
884,1,Joey,joy,Joy
884,2,Casey,joy,Joy
884,3,Chandler,surprise,Surprise
884,4,Joey,neutral,Neutral
884,5,Chandler,surprise,Surprise
884,6,Joey,neutral,Neutral
884,7,Chandler,surprise,Surprise
884,8,Joey,anger,Joy
884,9,Chandler,surprise,Surprise
884,10,Joey,surprise,Neutral
884,11,Chandler,disgust,Disgust
884,12,Joey,sadness,Neutral
884,13,Chandler,anger,Anger
884,14,Chandler,neutral,Joy
884,15,Joey,surprise,Surprise
884,16,Chandler,neutral,Anger
884,17,Joey,neutral,Neutral
885,0,Chandler,joy,Anger
885,1,Rachel,neutral,Neutral
885,2,Joey,neutral,Neutral
885,3,Rachel,anger,Anger
885,4,Joey,anger,Anger
886,0,Rachel,joy,Joy
886,1,Chandler,joy,Joy
886,2,Chandler,neutral,Neutral
886,3,Chandler,neutral,Joy
886,4,Chandler,neutral,Neutral
886,5,Rachel,joy,Neutral
886,6,Chandler,neutral,Joy
886,7,Phoebe,joy,Joy
886,8,Monica,joy,Joy
886,9,Phoebe,joy,Joy
886,10,Rachel,joy,Neutral
886,11,Phoebe,joy,Joy
886,12,Phoebe,disgust,Neutral
886,13,Phoebe,neutral,Neutral
886,14,Phoebe,neutral,Neutral
886,15,Chandler,fear,Joy
886,16,Monica,surprise,Neutral
886,17,Phoebe,joy,Neutral
886,20,Rachel,neutral,Neutral
886,21,Phoebe,neutral,Neutral
886,22,Chandler,neutral,Neutral
887,0,Ross,neutral,Neutral
887,1,The Instructor,surprise,Neutral
887,2,Ross,neutral,Neutral
887,3,The Instructor,surprise,Surprise
887,4,Ross,neutral,Neutral
887,5,Ross,anger,Neutral
887,6,The Instructor,anger,Anger
887,7,Ross,surprise,Fear
887,8,Ross,surprise,Fear
887,9,Ross,surprise,Fear
887,10,Ross,neutral,Sadness
887,11,Ross,anger,Sadness
887,12,Ross,neutral,Neutral
887,13,Ross,neutral,Sadness
888,0,Ross,sadness,Anger
888,1,Joey,anger,Fear
888,2,Ross,anger,Anger
888,3,Emily,anger,Neutral
888,4,Ross,neutral,Fear
888,5,Emily,neutral,Neutral
888,6,Ross,joy,Joy
888,7,Emily,neutral,Neutral
888,8,Ross,neutral,Surprise
888,9,Emily,neutral,Neutral
888,10,Ross,neutral,Neutral
888,11,Emily,neutral,Neutral
888,12,Emily,neutral,Neutral
888,13,Emily,neutral,Neutral
888,14,Ross,joy,Joy
888,15,Emily,neutral,Neutral
888,16,Ross,joy,Surprise
888,17,Emily,anger,Anger
888,18,Ross,joy,Joy
888,19,Joey,joy,Neutral
889,0,Rachel,neutral,Surprise
889,1,Phoebe,neutral,Neutral
889,2,Rachel,neutral,Neutral
889,3,Phoebe,neutral,Neutral
889,4,Rachel,neutral,Neutral
889,5,Phoebe,surprise,Surprise
890,0,Rachel,neutral,Neutral
890,1,Russell,neutral,Neutral
890,2,Rachel,neutral,Neutral
890,3,Russell,neutral,Neutral
890,4,Rachel,surprise,Surprise
891,0,Rachel,joy,Joy
891,1,Chandler,neutral,Joy
891,2,Rachel,surprise,Surprise
891,3,Chandler,surprise,Surprise
891,4,Rachel,surprise,Surprise
891,5,Chandler,joy,Joy
891,6,Phoebe,joy,Neutral
892,0,Joey,neutral,Neutral
892,1,Chandler,neutral,Neutral
892,2,Joey,neutral,Surprise
892,3,Chandler,neutral,Neutral
892,4,Chandler,neutral,Neutral
892,5,Chandler,neutral,Neutral
892,6,Joey,surprise,Surprise
892,7,Chandler,neutral,Neutral
892,8,Monica,neutral,Neutral
892,9,Joey,neutral,Neutral
892,10,Monica,anger,Joy
892,11,Joey,surprise,Surprise
892,12,Monica,neutral,Neutral
892,13,Monica,neutral,Joy
892,14,Monica,joy,Joy
892,15,Monica,joy,Joy
892,16,Chandler,sadness,Neutral
893,0,Joey,neutral,Neutral
893,1,Chandler,disgust,Joy
893,2,Monica,sadness,Sadness
893,3,Joey,joy,Surprise
893,4,Chandler,joy,Surprise
893,5,Joey,neutral,Neutral
893,6,Joey,neutral,Neutral
893,7,Joey,neutral,Neutral
893,8,Joey,neutral,Neutral
893,9,Joey,anger,Joy
893,10,Joey,joy,Joy
893,11,Monica,neutral,Neutral
893,12,Joey,joy,Neutral
893,13,Joey,joy,Joy
893,14,Joey,joy,Neutral
893,15,Joey,joy,Joy
893,16,Monica,joy,Joy
893,17,Joey,joy,Joy
894,0,Phoebe,joy,Joy
895,0,Joey,fear,Sadness
895,1,Phoebe,neutral,Joy
895,2,Joey,anger,Surprise
895,3,Joey,surprise,Surprise
895,4,Mr. Treeger,neutral,Neutral
895,5,Phoebe,neutral,Neutral
895,6,Mr. Treeger,neutral,Fear
895,7,Mr. Treeger,neutral,Fear
895,8,Mr. Treeger,anger,Anger
895,9,Mr. Treeger,sadness,Anger
895,10,Phoebe,neutral,Surprise
896,0,Chandler,neutral,Neutral
896,1,Phoebe,sadness,Sadness
896,2,Phoebe,sadness,Neutral
896,3,Phoebe,neutral,Neutral
896,4,Chandler,surprise,Surprise
896,5,Phoebe,neutral,Neutral
897,0,Monica,anger,Joy
897,1,Ross,neutral,Neutral
897,2,Ross,sadness,Neutral
897,3,Ross,neutral,Neutral
897,4,All,neutral,Neutral
897,5,Ross,neutral,Neutral
897,6,Rachel,neutral,Neutral
897,7,Monica,joy,Neutral
897,8,Chandler,neutral,Neutral
897,9,All,surprise,Surprise
897,10,Chandler,neutral,Sadness
898,0,Joey,joy,Joy
898,1,Chandler,joy,Neutral
898,2,Joey,joy,Neutral
898,3,Chandler,neutral,Neutral
898,4,Joey,disgust,Disgust
899,0,Phoebe,neutral,Surprise
899,1,Monica,neutral,Neutral
900,0,Phoebe,neutral,Neutral
900,1,Phoebe,neutral,Neutral
900,2,Phoebe,neutral,Neutral
900,3,Phoebe,neutral,Neutral
900,4,Phoebe,joy,Joy
900,5,Phoebe,neutral,Neutral
900,6,Phoebe,neutral,Neutral
900,7,Mischa,joy,Joy
900,8,Phoebe,joy,Joy
900,9,Mischa,neutral,Neutral
900,10,Phoebe,neutral,Neutral
900,11,Phoebe,joy,Fear
900,12,Phoebe,surprise,Fear
900,13,Phoebe,neutral,Neutral
900,14,Phoebe,neutral,Neutral
900,15,Mischa,neutral,Disgust
901,0,Chandler,anger,Neutral
901,1,Joey,neutral,Neutral
901,2,Chandler,neutral,Neutral
901,3,Joey,surprise,Surprise
901,4,Joey,anger,Neutral
901,5,Chandler,disgust,Neutral
901,6,Joey,neutral,Neutral
901,7,Joey,neutral,Neutral
901,8,Joey,neutral,Neutral
901,9,Chandler,anger,Anger
901,10,Joey,fear,Fear
901,11,Chandler,surprise,Anger
901,12,Joey,neutral,Fear
901,13,Chandler,sadness,Neutral
901,14,Joey,sadness,Neutral
901,15,Chandler,surprise,Surprise
901,16,Joey,neutral,Neutral
901,17,Chandler,sadness,Anger
902,0,Rachel,anger,Joy
902,1,Ross,surprise,Joy
902,2,Joey,joy,Joy
902,3,Chandler,neutral,Neutral
902,4,Monica,neutral,Neutral
902,5,Ross,anger,Neutral
902,6,Chandler,neutral,Neutral
902,7,Chandler,neutral,Neutral
902,8,Chandler,neutral,Neutral
902,9,Phoebe,joy,Joy
902,10,Chandler,joy,Anger
902,11,Phoebe,joy,Joy
902,12,Mrs. Geller,joy,Joy
902,13,Ross,joy,Joy
902,14,All,joy,Joy
902,15,Mr. Geller,anger,Joy
902,16,Mrs. Geller,joy,Joy
903,0,Rachel,neutral,Neutral
903,1,Chandler,joy,Joy
903,2,Monica,anger,Anger
904,0,Monica,neutral,Neutral
904,1,Monica,neutral,Neutral
904,2,Monica,sadness,Anger
904,3,Monica,sadness,Anger
904,4,Monica,disgust,Sadness
904,5,Rachel,joy,Joy
904,6,Monica,joy,Sadness
904,7,Phoebe,anger,Sadness
905,0,Chandler,sadness,Disgust
905,1,Monica,neutral,Neutral
905,2,Phoebe,anger,Neutral
905,3,Joey,disgust,Surprise
905,4,Rachel,joy,Joy
905,5,Jay Leno,neutral,Neutral
905,6,Jay Leno,neutral,Neutral
905,7,Chandler,neutral,Disgust
905,8,Rachel,joy,Joy
905,9,Joey,anger,Neutral
905,10,Chandler,neutral,Disgust
905,11,Rachel,joy,Joy
905,12,Rachel,joy,Joy
905,13,Rachel,joy,Joy
905,14,Rachel,joy,Joy
905,15,Chandler,disgust,Disgust
905,16,Ross,joy,Joy
906,0,Joey,neutral,Neutral
906,1,Rachel,neutral,Neutral
906,2,Monica,neutral,Joy
906,3,Rachel,neutral,Neutral
906,4,Monica,surprise,Surprise
906,5,Rachel,surprise,Surprise
907,0,Phoebe,neutral,Surprise
907,1,Phoebe,anger,Anger
907,2,The Smoking Woman,neutral,Neutral
907,3,Phoebe,anger,Anger
907,4,The Smoking Woman,anger,Neutral
907,5,Phoebe,anger,Anger
907,6,The Smoking Woman,surprise,Surprise
907,7,Phoebe,anger,Anger
907,8,The Smoking Woman,surprise,Neutral
907,9,Phoebe,disgust,Anger
907,10,The Smoking Woman,neutral,Neutral
907,11,Phoebe,anger,Anger
907,12,The Smoking Woman,fear,Fear
907,13,Phoebe,neutral,Joy
908,0,Phoebe,fear,Fear
908,1,Rachel,neutral,Neutral
908,2,Joey,surprise,Neutral
908,3,Ross,neutral,Neutral
908,4,Joey,surprise,Joy
908,5,Ross,neutral,Joy
908,6,Joey,surprise,Neutral
908,7,Ross,anger,Anger
908,8,Joey,neutral,Neutral
908,9,Ross,neutral,Anger
908,10,Joey,neutral,Neutral
908,11,Ross,neutral,Surprise
908,12,Joey,joy,Fear
908,13,Ross,anger,Anger
908,14,Joey,anger,Anger
908,15,Ross,anger,Anger
908,16,Joey,surprise,Fear
909,0,Phoebe,joy,Joy
909,1,Trudie Styler,neutral,Neutral
909,2,Phoebe,neutral,Neutral
909,3,Trudie Styler,neutral,Neutral
909,4,Phoebe,neutral,Neutral
909,5,Trudie Styler,neutral,Neutral
909,6,Phoebe,neutral,Neutral
909,7,Trudie Styler,neutral,Neutral
909,8,Rachel,neutral,Neutral
910,0,Monica,neutral,Neutral
910,1,Ross,neutral,Neutral
910,2,All,joy,Joy
910,3,Monica,surprise,Surprise
910,4,Joey,neutral,Neutral
910,5,Ross,joy,Joy
910,6,Ross,joy,Joy
910,7,Rachel,joy,Joy
910,8,Chandler,joy,Joy
910,9,Monica,neutral,Neutral
910,10,Ross,surprise,Surprise
910,11,Monica,neutral,Neutral
910,12,Rachel,joy,Joy
910,13,Ross,joy,Joy
910,14,Chandler,joy,Joy
911,0,Joey,joy,Joy
911,1,Monica,fear,Neutral
911,2,Joey,surprise,Anger
911,3,Monica,neutral,Neutral
911,4,The Acting Teacher,neutral,Neutral
911,5,Joey,disgust,Sadness
912,0,Ross,surprise,Surprise
912,1,Ross,surprise,Anger
912,2,Ross,surprise,Anger
912,3,Ross,anger,Anger
912,4,Ross,surprise,Anger
912,5,Ross,neutral,Neutral
912,6,Ross,neutral,Neutral
912,7,Ross,neutral,Neutral
913,0,Joey,anger,Anger
913,1,Chandler,neutral,Neutral
913,2,Joey,anger,Joy
913,3,Joey,anger,Joy
913,4,Chandler,neutral,Neutral
913,5,Joey,neutral,Neutral
913,6,Joey,neutral,Neutral
913,7,Chandler,neutral,Neutral
913,8,Joey,joy,Joy
913,9,Chandler,neutral,Neutral
913,10,Joey,neutral,Joy
913,11,Chandler,joy,Fear
913,12,Joey,joy,Neutral
913,13,Chandler,neutral,Neutral
913,14,Joey,neutral,Neutral
1009,0,Rachel,sadness,Sadness
1009,1,Monica,neutral,Sadness
1009,2,Rachel,joy,Joy
1009,3,Monica,neutral,Neutral
1009,4,Phoebe,neutral,Neutral
1009,5,Monica,neutral,Neutral
1009,6,Phoebe,joy,Joy
1009,7,Rachel,sadness,Anger
1009,8,Monica,surprise,Surprise
1009,9,Monica,surprise,Surprise
1009,10,Monica,joy,Surprise
1009,11,Phoebe,joy,Surprise
1009,12,Monica,surprise,Surprise
1009,13,Monica,surprise,Joy
1009,14,Rachel,neutral,Neutral
1009,15,Phoebe,neutral,Neutral
1009,16,Monica,joy,Joy
1009,17,Phoebe,joy,Joy
1009,18,Rachel,sadness,Neutral
1010,0,Joey,neutral,Neutral
1010,1,Monica,neutral,Surprise
1010,2,Joey,joy,Joy
1010,3,All,disgust,Disgust
1010,4,Monica,disgust,Disgust
1010,5,Joey,sadness,Joy
1010,6,Rachel,neutral,Joy
1010,7,Monica,joy,Joy
1010,8,Rachel,neutral,Joy
1010,9,Ross,disgust,Disgust
1010,10,Rachel,neutral,Neutral
1010,11,Ross,joy,Neutral
1011,0,Monica,surprise,Surprise
1011,1,Chandler,neutral,Neutral
1011,2,Ross,joy,Neutral
1011,3,Chandler,neutral,Joy
1011,4,Ross,neutral,Neutral
1011,5,Rachel,anger,Neutral
1011,6,Joey,neutral,Joy
1011,7,Ross,neutral,Neutral
1011,8,Monica,neutral,Joy
1011,9,Ross,neutral,Joy
1011,10,Rachel,neutral,Surprise
1011,11,Ross,anger,Neutral
1011,12,Rachel,neutral,Joy
1012,0,Ross,neutral,Neutral
1012,1,Phoebe,surprise,Disgust
1012,2,Dr. Oberman,joy,Neutral
1012,3,Phoebe,joy,Disgust
1012,4,Dr. Oberman,joy,Neutral
1012,5,Phoebe,anger,Anger
1012,6,Phoebe,anger,Disgust
1012,7,Phoebe,surprise,Anger
1012,8,Phoebe,surprise,Anger
1012,9,Phoebe,anger,Anger
1012,10,Phoebe,anger,Disgust
1012,11,Frank,joy,Joy
1013,0,Ross,neutral,Neutral
1013,1,Monica,anger,Anger
1013,2,Ross,neutral,Neutral
1013,3,Monica,anger,Anger
1014,0,Policeman,neutral,Neutral
1014,1,Ross,neutral,Fear
1014,2,Policeman,neutral,Neutral
1014,3,Rachel,surprise,Surprise
1014,4,Ross,neutral,Neutral
1015,0,Gerston,neutral,Neutral
1015,1,Santos,neutral,Neutral
1015,2,Petrie,joy,Joy
1015,3,Chandler,neutral,Neutral
1015,4,Santos,neutral,Neutral
1015,5,Gerston,neutral,Neutral
1015,6,Chandler,joy,Neutral
1015,7,Chandler,neutral,Neutral
1015,8,Phoebe,neutral,Neutral
1015,9,Chandler,neutral,Neutral
1016,0,Ross,anger,Neutral
1016,1,Ross,anger,Neutral
1016,2,Ross,anger,Disgust
1016,3,Ross,anger,Sadness
1016,4,Carol,joy,Joy
1016,5,Ross,surprise,Neutral
1016,6,Carol,neutral,Neutral
1016,7,Phoebe,joy,Joy
1016,8,Ross,surprise,Surprise
1016,9,Phoebe,disgust,Neutral
1016,10,Monica,joy,Neutral
1016,11,Phoebe,fear,Sadness
1016,12,Ross,joy,Anger
1016,13,Phoebe,neutral,Neutral
1016,14,Ross,anger,Anger
1016,15,Carol,neutral,Neutral
1016,16,Ross,anger,Anger
1016,17,Carol,neutral,Neutral
1016,18,Carol,anger,Neutral
1016,19,Ross,anger,Anger
1016,20,Carol,neutral,Neutral
1016,21,Ross,neutral,Neutral
1017,0,Monica,sadness,Sadness
1017,1,Phoebe,sadness,Neutral
1017,2,Joey,sadness,Sadness
1017,3,Chandler,anger,Anger
1017,4,Joey,anger,Anger
1017,5,Chandler,anger,Anger
1017,6,Phoebe,neutral,Neutral
1017,7,Chandler,anger,Surprise
1017,8,Phoebe,anger,Neutral
1017,9,Phoebe,anger,Neutral
1017,10,Phoebe,joy,Joy
1017,11,Phoebe,joy,Joy
1017,12,Phoebe,neutral,Joy
1017,13,Phoebe,joy,Joy
1018,0,Ross,joy,Neutral
1018,1,Rachel,fear,Fear
1018,2,Phoebe,neutral,Neutral
1018,3,Rachel,sadness,Sadness
1018,4,Ross,anger,Anger
1018,5,Rachel,neutral,Neutral
1018,6,Ross,anger,Anger
1018,7,Rachel,fear,Fear
1018,8,Ross,anger,Neutral
1018,9,Rachel,neutral,Neutral
1018,10,Ross,anger,Neutral
1018,11,Phoebe,anger,Surprise
1018,12,Phoebe,surprise,Disgust
1018,13,Phoebe,anger,Anger
1018,14,Phoebe,anger,Disgust
1018,15,Phoebe,anger,Disgust
1018,16,Phoebe,surprise,Disgust
1019,0,Chandler,neutral,Neutral
1019,1,Monica,neutral,Neutral
1019,2,Monica,neutral,Neutral
1019,3,Monica,neutral,Neutral
1019,4,Maitre d',neutral,Neutral
1019,5,Chandler,surprise,Surprise
1019,6,Maitre d',neutral,Neutral
1019,7,Chandler,sadness,Joy
1019,8,Monica,neutral,Neutral
1019,9,Chandler,surprise,Surprise
1019,10,Monica,anger,Neutral
1019,11,Chandler,neutral,Joy
1019,12,Monica,neutral,Neutral
1019,13,Chandler,neutral,Neutral
1019,14,Chandler,neutral,Neutral
1019,15,Maitre d',neutral,Neutral
1019,16,Chandler,neutral,Neutral
1020,0,Tag,neutral,Neutral
1020,1,Rachel,joy,Joy
1020,2,Tag,surprise,Surprise
1020,3,Rachel,neutral,Neutral
1020,4,Rachel,neutral,Joy
1020,5,Tag,surprise,Surprise
1020,6,Rachel,neutral,Neutral
1021,0,Chandler,neutral,Neutral
1021,1,Chandler,neutral,Neutral
1021,2,Chandler,neutral,Disgust
1021,3,Chandler,disgust,Disgust
1021,4,Chandler,sadness,Sadness
1021,5,Ross,disgust,Anger
1021,6,Chandler,neutral,Surprise
1022,0,Rachel,neutral,Neutral
1022,1,Joey,neutral,Joy
1022,2,Rachel,neutral,Neutral
1022,3,Joey,joy,Joy
1022,4,Rachel,neutral,Neutral
1022,5,Joey,joy,Joy
1022,6,Rachel,surprise,Surprise
1022,7,Joey,neutral,Joy
1022,8,Rachel,anger,Surprise
1022,9,Joey,joy,Joy
1022,10,Rachel,anger,Anger
1022,11,Joey,surprise,Surprise
1022,12,Rachel,anger,Anger
1022,15,Rachel,neutral,Neutral
1022,16,Rachel,anger,Anger
1022,17,Joey,joy,Joy
1023,0,Chandler,joy,Neutral
1023,1,Monica,neutral,Neutral
1023,2,Chandler,neutral,Neutral
1023,3,Ross,surprise,Surprise
1023,4,Chandler,sadness,Neutral
1023,5,Ross,neutral,Neutral
1023,6,Monica,anger,Anger
1023,7,Ross,surprise,Surprise
1024,0,Joey,joy,Neutral
1024,1,The Potential Roommate,joy,Neutral
1024,2,Joey,neutral,Neutral
1024,3,Joey,neutral,Neutral
1024,4,The Potential Roommate,joy,Joy
1024,5,Joey,neutral,Neutral
1024,6,Joey,neutral,Neutral
1024,7,Joey,neutral,Neutral
1024,8,The Potential Roommate,neutral,Neutral
1024,9,Joey,neutral,Neutral
1024,10,The Potential Roommate,neutral,Neutral
1024,11,Joey,joy,Joy
1024,12,The Potential Roommate,neutral,Neutral
1024,13,Joey,joy,Joy
1024,14,The Potential Roommate,neutral,Neutral
1024,15,Joey,sadness,Disgust
1025,0,Monica,disgust,Disgust
1025,1,Monica,disgust,Anger
1025,2,Phoebe,anger,Anger
1025,3,Joey,sadness,Anger
1025,4,Joey,surprise,Anger
1025,5,Joey,anger,Anger
1025,6,Rachel,neutral,Anger
1025,7,Joey,anger,Anger
1025,8,Rachel,anger,Anger
1025,9,Rachel,anger,Anger
1025,10,Rachel,anger,Fear
1025,11,Rachel,fear,Fear
1025,12,Rachel,neutral,Anger
1025,13,Joey,joy,Joy
1025,14,Monica,anger,Anger
1025,15,Ross,anger,Anger
1025,16,Joey,neutral,Neutral
1025,17,Ross,neutral,Neutral
1026,0,Monica,joy,Joy
1026,1,Chandler,joy,Joy
1026,2,Monica,joy,Joy
1026,3,Chandler,neutral,Joy
1026,4,Monica,surprise,Surprise
1026,5,Chandler,surprise,Surprise
1026,6,Monica,surprise,Surprise
1026,7,Chandler,joy,Neutral
1026,8,Monica,joy,Surprise
1026,9,Chandler,surprise,Sadness
1026,10,Monica,joy,Neutral
1026,11,Chandler,anger,Sadness
1026,12,Monica,sadness,Neutral
1026,13,Chandler,anger,Anger
1026,14,Monica,surprise,Surprise
1026,15,Chandler,anger,Anger
1027,0,Phoebe,neutral,Neutral
1027,1,Phoebe,sadness,Neutral
1027,2,Phoebe,sadness,Sadness
1027,3,Phoebe,sadness,Anger
1027,4,Phoebe,joy,Anger
1027,5,Phoebe,anger,Anger
1027,6,Phoebe,disgust,Anger
1028,0,Melissa,neutral,Neutral
1028,1,Melissa,neutral,Neutral
1028,2,Melissa,neutral,Neutral
1028,3,Melissa,neutral,Neutral
1028,4,Melissa,neutral,Neutral
1028,5,Rachel,joy,Joy
1029,0,Ben,surprise,Surprise
1029,1,Rachel,neutral,Joy
1029,2,Ben,joy,Joy
1029,3,Rachel,surprise,Joy
1029,4,Ben,joy,Joy
1029,5,Rachel,surprise,Surprise
1029,6,Rachel,joy,Joy
1029,7,Rachel,joy,Joy
1029,8,Rachel,neutral,Joy
1029,9,Rachel,neutral,Neutral
1029,10,Rachel,neutral,Neutral
1029,11,Rachel,neutral,Neutral
1029,12,Rachel,neutral,Joy
1029,13,Ben,neutral,Joy
1029,14,Rachel,joy,Neutral
1030,0,Ross,neutral,Neutral
1030,1,Chloe,sadness,Neutral
1030,2,Ross,surprise,Surprise
1030,3,Chloe,sadness,Sadness
1030,4,Ross,sadness,Fear
1030,5,Chloe,neutral,Neutral
1031,0,Pete,neutral,Neutral
1031,1,Monica,neutral,Neutral
1031,2,Chandler,joy,Joy
1031,3,Doug,joy,Neutral
1032,0,Chip,neutral,Neutral
1032,1,Monica,neutral,Neutral
1032,2,Chip,neutral,Neutral
1032,3,Chip,neutral,Neutral
1032,4,Chip,neutral,Neutral
1032,5,Chip,neutral,Neutral
1032,6,Monica,neutral,Surprise
1032,7,Chip,joy,Surprise
1032,8,Monica,surprise,Neutral
1032,9,Chip,neutral,Joy
1032,10,Monica,neutral,Surprise
1032,11,Chip,neutral,Joy
1033,0,Joey,neutral,Neutral
1033,1,Chandler,neutral,Surprise
1033,2,Joey,joy,Joy
1033,3,Monica,surprise,Surprise
1034,0,Rachel,neutral,Neutral
1034,1,Ross,joy,Neutral
1034,2,Rachel,surprise,Surprise
1035,0,Joey,anger,Anger
1035,1,Chandler,neutral,Disgust
1035,2,Joey,anger,Anger
1035,3,Ross,neutral,Anger
1035,4,Chandler,neutral,Anger
1035,5,Ross,anger,Anger
1035,6,Joey,joy,Joy
1036,0,Joey,joy,Joy
1036,1,Stanley,sadness,Sadness
1036,2,Joey,surprise,Surprise
1036,3,Stanley,sadness,Sadness
1036,4,Joey,surprise,Surprise
1036,5,Stanley,neutral,Neutral
1036,6,Joey,surprise,Surprise
1036,7,Stanley,neutral,Sadness
1036,8,Joey,sadness,Anger
1036,9,Stanley,neutral,Sadness
1036,10,Stanley,anger,Sadness
1036,11,Stanley,neutral,Sadness
1036,12,Stanley,neutral,Sadness
1036,13,Stanley,neutral,Sadness
1036,14,Stanley,neutral,Fear
1036,15,Joey,anger,Neutral
1036,16,Stanley,neutral,Neutral
1036,17,The Grip,neutral,Neutral
1036,18,Joey,neutral,Neutral
1036,19,The Grip,neutral,Neutral
1036,20,Joey,sadness,Anger
1037,0,Julie,neutral,Neutral
1037,1,Rachel,neutral,Neutral
1037,2,Julie,neutral,Neutral
1038,0,Chandler,neutral,Neutral
1038,1,All,joy,Joy
1038,2,Monica,neutral,Neutral
1038,3,Chandler,neutral,Neutral
1038,4,Ross,surprise,Neutral
1038,5,Chandler,disgust,Disgust
1038,6,Rachel,neutral,Neutral
1038,7,Chandler,disgust,Disgust
1038,8,Monica,surprise,Anger
1038,9,Joey,neutral,Neutral
1038,10,Joey,neutral,Neutral
1038,11,Joey,disgust,Neutral
1038,12,Joey,disgust,Disgust
1038,13,Chandler,neutral,Joy
1038,14,Ross,neutral,Neutral
1038,15,Joey,surprise,Surprise
1038,16,All,neutral,Neutral
1038,17,Joey,joy,Joy
