{
  "embedding_type": "opensmile-sroberta",
  "model_type": "mlp",
  "embedding_dimension": 768,
  "training_config": {
    "learning_rate": 0.0001,
    "batch_size": 32,
    "num_epochs": 300,
    "weight_decay": 0.0,
    "early_stopping_patience": 10,
    "device": "cuda",
    "dropout_rate": 0.5
  },
  "training_history": {
    "train_losses": [
      1.3781887865534015,
      1.3678839557311113,
      1.3548421462376912,
      1.339012059510923,
      1.3177694292629467,
      1.2906975500723894,
      1.2606910490522198,
      1.2285483386002334,
      1.194979930040883,
      1.168217964032117,
      1.149228641799852,
      1.1209603349367778,
      1.111420158662048,
      1.0958090932930218,
      1.0767316999388676,
      1.0673097775262945,
      1.054230250564276,
      1.051452576529746,
      1.032170278184554,
      1.0191618233334785,
      1.0052266740331464,
      0.9991574871773813,
      0.9990905166841021,
      0.9926409990179772,
      0.9816181764883154,
      0.9668680002876356,
      0.9677479313869103,
      0.9679651231158013,
      0.9539832782511618,
      0.9457385510790581,
      0.9451775375534507,
      0.9349963028056949,
      0.9365551354838353,
      0.9252782031601551,
      0.9158871477725459,
      0.9146066717073029,
      0.9179328124897153,
      0.9019673764705658,
      0.9017763126130197,
      0.8992220058160669,
      0.897487563829796,
      0.8798116182579714,
      0.8893608696320477,
      0.8816694991261351,
      0.8780558448211819,
      0.8686042059870327,
      0.8582253385992611,
      0.8647860008127549,
      0.8611350643868539,
      0.8594239313228458,
      0.8541445101008696,
      0.8472409797649757,
      0.8412427835020364,
      0.8421941738502652,
      0.8346864744728687,
      0.8285848124354493,
      0.8299886011609844,
      0.8268943732860041,
      0.8141215279990551,
      0.8151566707620433,
      0.814521566325543,
      0.8169275609885945,
      0.8031699774312038,
      0.7949086784147749,
      0.8009724330668356,
      0.7881112864204481,
      0.789668621970158
    ],
    "val_losses": [
      1.3808253570036455,
      1.3810123999913533,
      1.3784905924941555,
      1.3691402167984934,
      1.348960229844758,
      1.3175146688114514,
      1.2841678117260789,
      1.2533500158425532,
      1.2272770711869905,
      1.2074076713937703,
      1.190402348836263,
      1.159456370454846,
      1.1494787913380247,
      1.133697883649306,
      1.1094669031374382,
      1.1126318375269573,
      1.1048550804456074,
      1.09645050944704,
      1.088666117552555,
      1.0809288675134832,
      1.0687936038681956,
      1.0564646955692407,
      1.062152410998489,
      1.058407678748622,
      1.0378841830022407,
      1.040241494323268,
      1.0369200706481934,
      1.0314248980897847,
      1.0499309554244534,
      1.035567702669086,
      1.0208795955686858,
      1.019932707150777,
      1.0318435827891033,
      1.0164801695130088,
      1.015009753631823,
      1.0285399375539837,
      1.0120190020763513,
      1.0022010387796345,
      1.0103633006413777,
      1.0119260621793342,
      0.9885194572535428,
      0.9959022475011421,
      0.9901527563730875,
      0.9945984609199293,
      0.9953858491146204,
      0.9964278069409457,
      0.9917650999444904,
      0.9894827188867511,
      0.9796481999483976,
      0.9807064135869344,
      0.9849047010595148,
      0.9618814533407037,
      0.9926183639150677,
      0.9862002712307554,
      0.9851010532090159,
      0.9627022652915029,
      0.9607063441565542,
      0.9691437103531577,
      0.971812575152426,
      0.9676501136837583,
      0.9789584622238622,
      0.9674190933054144,
      0.9717146049846302,
      0.9610035871014451,
      0.9614078294147145,
      0.9635454055034753,
      0.9670009865905299
    ],
    "val_accuracies": [
      0.2938894277400582,
      0.2502424830261882,
      0.2502424830261882,
      0.2677012609117362,
      0.32492725509214354,
      0.4034917555771096,
      0.44422890397672166,
      0.4713870029097963,
      0.48496605237633367,
      0.501454898157129,
      0.5063045586808923,
      0.5324927255092143,
      0.533462657613967,
      0.5354025218234724,
      0.5499515033947624,
      0.553831231813773,
      0.5489815712900097,
      0.5499515033947624,
      0.5586808923375364,
      0.5557710960232783,
      0.5606207565470417,
      0.5645004849660524,
      0.5577109602327837,
      0.5664403491755577,
      0.5809893307468477,
      0.5703200775945684,
      0.5712900096993211,
      0.5829291949563531,
      0.5645004849660524,
      0.5712900096993211,
      0.5819592628516004,
      0.5838991270611057,
      0.5790494665373423,
      0.5877788554801164,
      0.588748787584869,
      0.5732298739088264,
      0.5868089233753637,
      0.5877788554801164,
      0.5945683802133851,
      0.5877788554801164,
      0.5897187196896218,
      0.5984481086323957,
      0.5935984481086324,
      0.5984481086323957,
      0.5935984481086324,
      0.5955383123181377,
      0.5994180407371484,
      0.5994180407371484,
      0.6081474296799224,
      0.6062075654704171,
      0.6032977691561591,
      0.6071774975751697,
      0.5984481086323957,
      0.6032977691561591,
      0.6052376333656644,
      0.6071774975751697,
      0.6091173617846751,
      0.6091173617846751,
      0.6081474296799224,
      0.6100872938894277,
      0.6071774975751697,
      0.6100872938894277,
      0.6091173617846751,
      0.6091173617846751,
      0.6071774975751697,
      0.6110572259941804,
      0.6110572259941804
    ],
    "best_val_acc": 0.6110572259941804,
    "final_epoch": 67
  },
  "test_results": {
    "accuracy": 0.6414182111200645,
    "macro_f1": 0.6260470757197532,
    "weighted_f1": 0.6435292673137516,
    "macro_precision": 0.6267224621834062,
    "macro_recall": 0.6330925278765352,
    "weighted_precision": 0.6549398581941721,
    "weighted_recall": 0.6414182111200645,
    "per_class_precision": [
      0.5375722543352601,
      0.7784090909090909,
      0.6155660377358491,
      0.5753424657534246
    ],
    "per_class_recall": [
      0.5470588235294118,
      0.6199095022624435,
      0.6796875,
      0.6857142857142857
    ],
    "per_class_f1": [
      0.5422740524781341,
      0.690176322418136,
      0.6460396039603961,
      0.6256983240223464
    ],
    "support": [
      170,
      442,
      384,
      245
    ],
    "confusion_matrix": [
      [
        93,
        21,
        35,
        21
      ],
      [
        32,
        274,
        85,
        51
      ],
      [
        36,
        35,
        261,
        52
      ],
      [
        12,
        22,
        43,
        168
      ]
    ],
    "classification_report": "              precision    recall  f1-score   support\n\n         ang     0.5376    0.5471    0.5423       170\n         hap     0.7784    0.6199    0.6902       442\n         neu     0.6156    0.6797    0.6460       384\n         sad     0.5753    0.6857    0.6257       245\n\n    accuracy                         0.6414      1241\n   macro avg     0.6267    0.6331    0.6260      1241\nweighted avg     0.6549    0.6414    0.6435      1241\n",
    "class_names": [
      "ang",
      "hap",
      "neu",
      "sad"
    ]
  },
  "plot_file": "/home/jovyan/workspace/SenticCrystal/results/4way/opensmile-sroberta/alpha_fusion/010/opensmile-sroberta_mlp-opensmile-sroberta_confusion_matrix.png"
}