{
  "embedding_type": "opensmile-sroberta",
  "model_type": "lstm",
  "embedding_dimension": 768,
  "training_config": {
    "learning_rate": 0.0001,
    "batch_size": 32,
    "num_epochs": 300,
    "weight_decay": 0.0,
    "early_stopping_patience": 10,
    "device": "cuda",
    "dropout_rate": 0.5
  },
  "training_history": {
    "train_losses": [
      1.3809492050432692,
      1.3673092804703058,
      1.3551333757007824,
      1.3442231323204787,
      1.3325182526719337,
      1.320970816939485,
      1.3060012822057687,
      1.2891141024290347,
      1.2689709955570745,
      1.2474547028541565,
      1.222506631823147,
      1.1994190391372233,
      1.1773842678350561,
      1.1546277433049446,
      1.1360088867299698,
      1.117726184573828,
      1.1030117670694988,
      1.08643849866063,
      1.0753964320117353,
      1.0622325481153,
      1.0534478034458907,
      1.0457108792136698,
      1.0376550707162595,
      1.0278599326517068,
      1.0189385741364723,
      1.0174632820428586,
      1.0091402261864906,
      1.0034505310011845,
      0.9984621873088911,
      0.9932155258515302,
      0.9882952950748742,
      0.9822989392514322,
      0.9819628865111107,
      0.9766709816222098,
      0.9697595782139722,
      0.9668645993167279,
      0.9617372786297518,
      0.9580630736023772,
      0.9549994404409446,
      0.9526290753308464,
      0.9477480275958192,
      0.9445228827934639,
      0.9419490396976471,
      0.9371125616279303,
      0.9367843948158563,
      0.9319078986551247,
      0.9269780090042189,
      0.9262702500118929,
      0.9215682785885007,
      0.9157075046324262,
      0.9159261461566476,
      0.9123058611271428,
      0.9093372406912785,
      0.9085381451775046,
      0.904087448236989,
      0.9026254158394009,
      0.9013623349806842,
      0.898728716022828,
      0.8961704139615975,
      0.8921800980380937,
      0.8914232803326027,
      0.8855282307839861,
      0.8847916541146297,
      0.8801601552495769,
      0.8835343402974746,
      0.8782976667086283,
      0.8737766082380333,
      0.8761651165345136,
      0.8685706544156168,
      0.8689088126023611,
      0.8658312728591994,
      0.8635478300206801,
      0.862307131874795,
      0.8587976536330055,
      0.8572213094608456,
      0.8556550659385382,
      0.8525636757121366,
      0.8494827291544746,
      0.8470286078312818,
      0.8517129491357243,
      0.8416858227813945,
      0.8427740925667333,
      0.8408576191640368,
      0.838414216742796,
      0.8383138296650905,
      0.8332011530212328,
      0.8375894824663798,
      0.8320662092928793,
      0.8265642272491082,
      0.8293823255043403,
      0.8279472986857096,
      0.825509334896125,
      0.8230709813389123,
      0.8173932363005245,
      0.8210681408059364,
      0.8184695857412675,
      0.8147975118721232,
      0.8141187750825695,
      0.8079988325343412,
      0.8105163694012398,
      0.8101104009969562,
      0.8062455268467174,
      0.8049260956399581,
      0.802236438966265,
      0.804164856672287,
      0.8058834414856106,
      0.7995523749028935,
      0.7998509214204901,
      0.7965775590901282,
      0.7936277336934033,
      0.789351158282336,
      0.7894212480853585,
      0.790783215971554,
      0.7915769698573094,
      0.7868762927896836,
      0.7841528472947139,
      0.7823075862491832,
      0.7797912496562097,
      0.7813719353255104,
      0.7807094758632136,
      0.7804987360449398,
      0.7745242527886933
    ],
    "val_losses": [
      1.3807595318013972,
      1.3780271537376172,
      1.3766402475761645,
      1.37394913037618,
      1.3688564408909192,
      1.3585652221332898,
      1.3458536791078972,
      1.3281709208632961,
      1.307122331677061,
      1.2846719460053877,
      1.2628597924203584,
      1.2390879212003765,
      1.2187686165173848,
      1.2012648943698767,
      1.184733221025178,
      1.1727443770928816,
      1.1572397802815293,
      1.1482457482453547,
      1.138371841474013,
      1.1310340364774067,
      1.126842049035159,
      1.1203275214542041,
      1.1144303318225977,
      1.1004755840157017,
      1.097489387700052,
      1.0942884394616792,
      1.0930746306072583,
      1.085411781614477,
      1.081716214165543,
      1.0806820717724888,
      1.0739964788610286,
      1.0740554224361072,
      1.0700323130145217,
      1.068156968463551,
      1.0676511706727925,
      1.0607332009257693,
      1.0585308147199226,
      1.0617627266681555,
      1.0522907123421177,
      1.057046646421606,
      1.0516717831293743,
      1.0525523171280369,
      1.0441438140291157,
      1.0432407855987549,
      1.0397878921393193,
      1.045854982101556,
      1.0398944652441777,
      1.0386905019933528,
      1.0408856037891272,
      1.03776820861932,
      1.0319269714933452,
      1.0306469996770222,
      1.0288343953363823,
      1.0263749993208684,
      1.0216616879809985,
      1.0276313929846792,
      1.0257102991595413,
      1.0211897095044453,
      1.0174473831147859,
      1.01811852238395,
      1.0128234642924685,
      1.0166804971116963,
      1.0127812407233499,
      1.0137460466587183,
      1.0121553775035974,
      1.0143289349295876,
      1.0111521283785503,
      1.0072900291645166,
      1.0029188340360469,
      1.0089050603635383,
      1.0036498506863911,
      1.0026002544345278,
      1.005244173786857,
      1.0077428492632778,
      1.003645896911621,
      0.9993987679481506,
      0.9993253007079616,
      0.9998295632275668,
      0.9930196946317499,
      1.0004325689691487,
      0.9961843960212938,
      0.9965800281726953,
      0.9938586354255676,
      0.9948732130455248,
      0.9924645712881377,
      0.9876101956222997,
      0.9914825667034496,
      0.9941462115807966,
      0.9864844643708431,
      0.9855914657766168,
      0.9855448224327781,
      0.987631107821609,
      0.9851283142060945,
      0.9897619919343428,
      0.9856101382862438,
      0.982271696581985,
      0.9823328094048933,
      0.9855135823741104,
      0.9803373091148607,
      0.9900491580818639,
      0.9811967232010581,
      0.978858111482678,
      0.9839501471230478,
      0.9803978746587579,
      0.9799078558430527,
      0.9760150692679666,
      0.976406171466365,
      0.9752885356093898,
      0.9787679730039655,
      0.9834246039390564,
      0.9794489452333162,
      0.9686331478032199,
      0.9811801585284147,
      0.9734937368017255,
      0.9762391466082949,
      0.9831937388940291,
      0.9769334937586929,
      0.9786503531716086,
      0.9733494086699053,
      0.9781622760223619,
      0.9755081841439912,
      0.978517517899022
    ],